strategy,pot_size,date,cash,deployed,n_open,portfolio_value,realized_pnl_cum,interest_cum,n_candidates,n_admitted,n_rejected_cash,n_rejected_kelly,n_rejected_concentration,n_rejected_vix,n_rejected_correlation,max_drawdown
optimised_new,100000.0,2000-04-12 00:00:00,100000.0,0.0,0,100000.0,0.0,0.0,,,,,,,,
optimised_new,100000.0,2000-04-13 00:00:00,100012.32876712328,0.0,0,100012.32876712328,0.0,12.32876712328767,,,,,,,,
optimised_new,100000.0,2000-04-14 00:00:00,100026.02908613248,0.0,0,100026.02908613248,0.0,26.02908613248264,,,,,,,,
optimised_new,100000.0,2000-04-16 00:00:00,100053.43347766293,0.0,0,100053.43347766293,0.0,53.43347766292989,,,,,,,,
optimised_new,100000.0,2000-04-17 00:00:00,100067.13942745439,0.0,0,100067.13942745439,0.0,67.13942745439056,,,,,,,,
optimised_new,100000.0,2000-04-18 00:00:00,100080.84725477321,0.0,0,100080.84725477321,0.0,80.84725477321993,,,,,,,,
optimised_new,100000.0,2000-04-19 00:00:00,100094.5569598766,0.0,0,100094.5569598766,0.0,94.55695987661352,,,,,,,,
optimised_new,100000.0,2000-04-23 00:00:00,100149.40329245735,0.0,0,100149.40329245735,0.0,149.40329245736783,,,,,,,,
optimised_new,100000.0,2000-04-24 00:00:00,100163.12238879879,0.0,0,100163.12238879879,0.0,163.12238879880033,,,,,,,,
optimised_new,100000.0,2000-04-25 00:00:00,100176.84336446848,0.0,0,100176.84336446848,0.0,176.8433644684988,,,,,,,,
optimised_new,100000.0,2000-04-26 00:00:00,100190.56621972389,0.0,0,100190.56621972389,0.0,190.56621972390545,,,,,,,,
optimised_new,100000.0,2000-04-27 00:00:00,100204.29095482247,0.0,0,100204.29095482247,0.0,204.29095482249775,,,,,,,,
optimised_new,100000.0,2000-04-30 00:00:00,100245.47080042034,0.0,0,100245.47080042034,0.0,245.47080042037,,,,,,,,
optimised_new,100000.0,2000-05-01 00:00:00,100259.20305669437,0.0,0,100259.20305669437,0.0,259.2030566944002,,,,,,,,
optimised_new,100000.0,2000-05-02 00:00:00,100272.9371940994,0.0,0,100272.9371940994,0.0,272.9371940994268,,,,,,,,
optimised_new,100000.0,2000-05-03 00:00:00,100286.67321289312,0.0,0,100286.67321289312,0.0,286.67321289313907,,,,,,,,
optimised_new,100000.0,2000-05-04 00:00:00,100300.41111333323,0.0,0,100300.41111333323,0.0,300.4111133332614,,,,,,,,
optimised_new,100000.0,2000-05-07 00:00:00,100341.63046036611,0.0,0,100341.63046036611,0.0,341.6304603661381,,,,,,,,
optimised_new,100000.0,2000-05-08 00:00:00,100355.3758891963,0.0,0,100355.3758891963,0.0,355.37588919632526,,,,,,,,
optimised_new,100000.0,2000-05-09 00:00:00,100369.12320096194,0.0,0,100369.12320096194,0.0,369.12320096196856,,,,,,,,
optimised_new,100000.0,2000-05-10 00:00:00,100382.87239592097,0.0,0,100382.87239592097,0.0,382.87239592100445,,,,,,,,
optimised_new,100000.0,2000-05-11 00:00:00,100396.62347433137,0.0,0,100396.62347433137,0.0,396.62347433140457,,,,,,,,
optimised_new,100000.0,2000-05-14 00:00:00,100437.88236069068,0.0,0,100437.88236069068,0.0,437.8823606907188,,,,,,,,
optimised_new,100000.0,2000-05-15 00:00:00,100451.64097471269,0.0,0,100451.64097471269,0.0,451.64097471273124,,,,,,,,
optimised_new,100000.0,2000-05-17 00:00:00,100479.16197224,0.0,0,100479.16197224,0.0,479.1619722400498,,,,,,,,
optimised_new,100000.0,2000-05-18 00:00:00,100492.92624100333,0.0,0,100492.92624100333,0.0,492.92624100337036,,,,,,,,
optimised_new,100000.0,2000-05-21 00:00:00,100534.22470384209,0.0,0,100534.22470384209,0.0,534.2247038421389,,,,,,,,
optimised_new,100000.0,2000-05-22 00:00:00,100547.99651544535,0.0,0,100547.99651544535,0.0,547.996515445405,,,,,,,,
optimised_new,100000.0,2000-05-23 00:00:00,100561.77021359815,0.0,0,100561.77021359815,0.0,561.7702135982057,,,,,,,,
optimised_new,100000.0,2000-05-24 00:00:00,100575.54579855892,0.0,0,100575.54579855892,0.0,575.5457985589726,,,,,,,,
optimised_new,100000.0,2000-05-25 00:00:00,100589.32327058612,0.0,0,100589.32327058612,0.0,589.3232705861725,,,,,,,,
optimised_new,100000.0,2000-05-29 00:00:00,100644.44070799465,0.0,0,100644.44070799465,0.0,644.4407079947129,,,,,,,,
optimised_new,100000.0,2000-05-30 00:00:00,100658.22761768068,0.0,0,100658.22761768068,0.0,658.2276176807395,,,,,,,,
optimised_new,100000.0,2000-05-31 00:00:00,100672.01641598447,0.0,0,100672.01641598447,0.0,672.0164159845314,,,,,,,,
optimised_new,100000.0,2000-06-01 00:00:00,100685.80710316474,0.0,0,100685.80710316474,0.0,685.8071031648033,,,,,,,,
optimised_new,100000.0,2000-06-02 00:00:00,100699.59967948025,0.0,0,100699.59967948025,0.0,699.5996794803053,,,,,,,,
optimised_new,100000.0,2000-06-04 00:00:00,100727.18861089929,0.0,0,100727.18861089929,0.0,727.188610899341,,,,,,,,
optimised_new,100000.0,2000-06-05 00:00:00,100740.98685591448,0.0,0,100740.98685591448,0.0,740.9868559145327,,,,,,,,
optimised_new,100000.0,2000-06-06 00:00:00,100754.78699110022,0.0,0,100754.78699110022,0.0,754.7869911002745,,,,,,,,
optimised_new,100000.0,2000-06-07 00:00:00,100768.58901671544,0.0,0,100768.58901671544,0.0,768.5890167154937,,,,,,,,
optimised_new,100000.0,2000-06-08 00:00:00,100782.3929330191,0.0,0,100782.3929330191,0.0,782.3929330191534,,,,,,,,
optimised_new,100000.0,2000-06-09 00:00:00,100796.1987402702,0.0,0,100796.1987402702,0.0,796.1987402702518,,,,,,,,
optimised_new,100000.0,2000-06-11 00:00:00,100823.81413718536,0.0,0,100823.81413718536,0.0,823.8141371853943,,,,,,,,
optimised_new,100000.0,2000-06-12 00:00:00,100837.625618574,0.0,0,100837.625618574,0.0,837.6256185740499,,,,,,,,
optimised_new,100000.0,2000-06-13 00:00:00,100851.43899194642,0.0,0,100851.43899194642,0.0,851.4389919464573,,,,,,,,
optimised_new,100000.0,2000-06-14 00:00:00,100865.25425756176,0.0,0,100865.25425756176,0.0,865.2542575617924,,,,,,,,
optimised_new,100000.0,2000-06-15 00:00:00,100879.07141567922,0.0,0,100879.07141567922,0.0,879.0714156792667,,,,,,,,
optimised_new,100000.0,2000-06-16 00:00:00,100892.89046655808,0.0,0,100892.89046655808,0.0,892.8904665581268,,,,,,,,
optimised_new,100000.0,2000-06-18 00:00:00,100920.53235435713,0.0,0,100920.53235435713,0.0,920.5323543571839,,,,,,,,
optimised_new,100000.0,2000-06-19 00:00:00,100934.35708481663,0.0,0,100934.35708481663,0.0,934.3570848166848,,,,,,,,
optimised_new,100000.0,2000-06-20 00:00:00,100948.18370907482,0.0,0,100948.18370907482,0.0,948.183709074879,,,,,,,,
optimised_new,100000.0,2000-06-21 00:00:00,100962.01222739113,0.0,0,100962.01222739113,0.0,962.0122273911905,,,,,,,,
optimised_new,100000.0,2000-06-22 00:00:00,100975.84264002502,0.0,0,100975.84264002502,0.0,975.8426400250797,,,,,,,,
optimised_new,100000.0,2000-06-25 00:00:00,101017.33956165791,0.0,0,101017.33956165791,0.0,1017.3395616579667,,,,,,,,
optimised_new,100000.0,2000-06-26 00:00:00,101031.17755337869,0.0,0,101031.17755337869,0.0,1031.1775533787418,,,,,,,,
optimised_new,100000.0,2000-06-27 00:00:00,101045.01744071477,0.0,0,101045.01744071477,0.0,1045.017440714821,,,,,,,,
optimised_new,100000.0,2000-06-28 00:00:00,101058.85922392583,0.0,0,101058.85922392583,0.0,1058.8592239258778,,,,,,,,
optimised_new,100000.0,2000-06-29 00:00:00,90894.58840390157,9863.53862,1,100758.12702390156,-595.9547782619987,1072.7029032716212,,,,,,,,
optimised_new,100000.0,2000-07-02 00:00:00,73542.61937123153,27232.160482,3,100774.77985323154,-308.67185947199835,1106.3214496675848,,,,,,,,
optimised_new,100000.0,2000-07-03 00:00:00,91224.55676736617,10114.71604,1,101339.27280736617,-308.67185947199835,1115.3883479462297,,,,,,,,
optimised_new,100000.0,2000-07-04 00:00:00,82052.97327893927,18964.48962,2,101017.46289893927,-580.6544713619968,1126.6352111093297,,,,,,,,
optimised_new,100000.0,2000-07-05 00:00:00,90973.93713863257,9860.7613,1,100834.69843863256,-580.6544713619968,1136.7513311026237,,,,,,,,
optimised_new,100000.0,2000-07-06 00:00:00,90985.15310348527,9843.020460000002,1,100828.17356348527,-580.6544713619968,1147.9672959553318,,,,,,,,
optimised_new,100000.0,2000-07-09 00:00:00,73665.78224435696,25927.73178,3,99593.51402435696,-1391.485166700997,1181.6193388840181,,,,,,,,
optimised_new,100000.0,2000-07-10 00:00:00,90217.05653381743,10023.687960000001,1,100240.74449381743,-1391.485166700997,1190.7014216264731,,,,,,,,
optimised_new,100000.0,2000-07-11 00:00:00,99810.33890573098,0.0,0,99810.33890573098,-1391.485166700997,1201.8240724320121,,,,,,,,
optimised_new,100000.0,2000-07-12 00:00:00,99822.64428997964,0.0,0,99822.64428997964,-1391.485166700997,1214.129456680664,,,,,,,,
optimised_new,100000.0,2000-07-13 00:00:00,99834.95119133046,0.0,0,99834.95119133046,-1391.485166700997,1226.4363580314832,,,,,,,,
optimised_new,100000.0,2000-07-16 00:00:00,89874.83639425054,9626.17394,1,99501.01033425055,-1614.4300987009967,1263.3616139515643,,,,,,,,
optimised_new,100000.0,2000-07-17 00:00:00,72751.75902198002,26909.90374,3,99661.66276198003,-2185.3104827569973,1274.4420732330473,,,,,,,,
optimised_new,100000.0,2000-07-18 00:00:00,99098.10098542392,0.0,0,99098.10098542392,-2185.3104827569973,1283.4114681809626,,,,,,,,
optimised_new,100000.0,2000-07-19 00:00:00,80262.30537551802,18601.456960000003,2,98863.76233551803,-2641.0810200569977,1295.629042275056,,,,,,,,
optimised_new,100000.0,2000-07-20 00:00:00,98664.44337493555,0.0,0,98664.44337493555,-2641.0810200569977,1305.5243949925857,,,,,,,,
optimised_new,100000.0,2000-07-23 00:00:00,88824.0890236071,9826.08657,1,98650.1755936071,-2391.5009630569984,1342.0167233641373,,,,,,,,
optimised_new,100000.0,2000-07-24 00:00:00,79952.38735989221,18610.959909999998,2,98563.3472698922,-2663.568745856999,1352.9676384492395,,,,,,,,
optimised_new,100000.0,2000-07-25 00:00:00,79929.8424733393,18370.75613,2,98300.59860333931,-2706.8187172569997,1362.8247820963495,,,,,,,,
optimised_new,100000.0,2000-07-26 00:00:00,79907.24815657985,18576.621850000003,2,98483.87000657985,-3074.254275956999,1372.679146236898,,,,,,,,
optimised_new,100000.0,2000-07-27 00:00:00,65342.92237331969,32176.64355,4,97519.5659233197,-4687.691151956998,1382.5307247767503,,,,,,,,
optimised_new,100000.0,2000-07-30 00:00:00,79840.66663911256,17262.605900000002,2,97103.27253911257,-4687.691151956998,1406.6986549696219,,,,,,,,
optimised_new,100000.0,2000-07-31 00:00:00,88058.73646607218,8753.10422,1,96811.84068607217,-4687.691151956998,1416.5420248292385,,,,,,,,
optimised_new,100000.0,2000-08-01 00:00:00,88069.5930226228,8678.85873,1,96748.45175262279,-4687.691151956998,1427.3985813798502,,,,,,,,
optimised_new,100000.0,2000-08-02 00:00:00,88080.45091765298,8861.03213,1,96941.48304765299,-4687.691151956998,1438.2564764100366,,,,,,,,
optimised_new,100000.0,2000-08-03 00:00:00,96761.42455812776,0.0,0,96761.42455812776,-4687.691151956998,1449.1157100848156,,,,,,,,
optimised_new,100000.0,2000-08-04 00:00:00,96773.35404882672,0.0,0,96773.35404882672,-4687.691151956998,1461.045200783763,,,,,,,,
optimised_new,100000.0,2000-08-06 00:00:00,87113.45398384288,9209.07596,1,96322.52994384288,-4323.561789156998,1484.907123699912,,,,,,,,
optimised_new,100000.0,2000-08-07 00:00:00,97172.0853494176,0.0,0,97172.0853494176,-4323.561789156998,1495.6471385746324,,,,,,,,
optimised_new,100000.0,2000-08-08 00:00:00,78658.40555741117,18640.43892,2,97298.84447741117,-3824.0940121909966,1507.6272586862044,,,,,,,,
optimised_new,100000.0,2000-08-09 00:00:00,97693.23085813924,0.0,0,97693.23085813924,-3824.0940121909966,1517.3248703302688,,,,,,,,
optimised_new,100000.0,2000-08-10 00:00:00,87929.72924886696,9390.837720000001,1,97320.56696886696,-3298.4085353909977,1529.3692412579846,,,,,,,,
optimised_new,100000.0,2000-08-11 00:00:00,71224.75017981819,26485.84722,3,97710.59739981819,-2751.251612890996,1540.2098928092148,,,,,,,,
optimised_new,100000.0,2000-08-13 00:00:00,88505.28909008582,9786.726620000001,1,98292.01571008582,-2751.251612890996,1557.7721599768413,,,,,,,,
optimised_new,100000.0,2000-08-14 00:00:00,71985.80619985453,27015.61203,3,99001.41822985453,-2751.875003873994,1568.6837709605504,,,,,,,,
optimised_new,100000.0,2000-08-15 00:00:00,88934.90983649471,9857.392199999998,1,98792.30203649472,-2740.456001873994,1577.5587333687517,,,,,,,,
optimised_new,100000.0,2000-08-16 00:00:00,80003.54244409976,18193.277520000003,2,98196.81996409976,-4481.579663777995,1588.523311293799,,,,,,,,
optimised_new,100000.0,2000-08-17 00:00:00,72068.31602155407,25322.488299999997,3,97390.80432155407,-5215.718131477994,1598.3867617321127,,,,,,,,
optimised_new,100000.0,2000-08-18 00:00:00,88251.56630070604,8736.2352,1,96987.80150070603,-5215.718131477994,1607.2718965840852,,,,,,,,
optimised_new,100000.0,2000-08-20 00:00:00,79443.39304808977,17227.883599999997,2,96671.27664808977,-5500.071778677993,1629.032556767821,,,,,,,,
optimised_new,100000.0,2000-08-21 00:00:00,79191.6245598135,17450.944499999998,2,96642.5690598135,-5912.210031777994,1638.8269476915582,,,,,,,,
optimised_new,100000.0,2000-08-22 00:00:00,70954.47971468662,25499.8407,3,96454.32041468662,-5931.244437777994,1648.5902986646859,,,,,,,,
optimised_new,100000.0,2000-08-23 00:00:00,63700.69903631419,32363.67638,4,96064.37541631419,-6730.218008989995,1657.33811123225,,,,,,,,
optimised_new,100000.0,2000-08-24 00:00:00,71078.33283438228,24439.7364,3,95518.06923438227,-6730.218008989995,1665.1916220723435,,,,,,,,
optimised_new,100000.0,2000-08-27 00:00:00,86821.27539507307,8701.466400000001,1,95522.74179507307,-6730.218008989995,1691.4808684631425,,,,,,,,
optimised_new,100000.0,2000-08-28 00:00:00,76918.25097212999,17552.50732,2,94470.75829212999,-7352.550321589994,1702.1848613200693,,,,,,,,
optimised_new,100000.0,2000-08-29 00:00:00,77858.84013696764,17115.914,2,94974.75413696765,-7099.273920589994,1711.6679333577292,,,,,,,,
optimised_new,100000.0,2000-08-30 00:00:00,77138.66450755303,17127.051,2,94265.71550755302,-7207.536719089995,1721.266968443109,,,,,,,,
optimised_new,100000.0,2000-08-31 00:00:00,69656.48619323317,24745.90195,3,94402.38814323317,-7380.2527561269935,1730.7772147522592,,,,,,,,
optimised_new,100000.0,2000-09-03 00:00:00,78259.43939793225,16218.799500000001,2,94478.23889793226,-7380.2527561269935,1756.5405726593453,,,,,,,,
optimised_new,100000.0,2000-09-04 00:00:00,94385.93624056761,0.0,0,94385.93624056761,-7380.2527561269935,1766.188996694707,,,,,,,,
optimised_new,100000.0,2000-09-05 00:00:00,68814.31236004384,25549.5105,3,94363.82286004385,-6904.210646926995,1777.8256189709414,,,,,,,,
optimised_new,100000.0,2000-09-07 00:00:00,77760.51180298056,16997.5899,2,94758.10170298055,-6904.210646926995,1794.7935316076646,,,,,,,,
optimised_new,100000.0,2000-09-10 00:00:00,70008.36490572276,24582.91605,3,94591.28095572276,-7007.655928926994,1823.5542688498629,,,,,,,,
optimised_new,100000.0,2000-09-11 00:00:00,77694.45842649881,16978.2887,2,94672.74712649881,-7007.655928926994,1832.1854371259108,,,,,,,,
optimised_new,100000.0,2000-09-12 00:00:00,69931.99451694591,24799.92385,3,94731.9183669459,-7050.745597026995,1841.7642059730133,,,,,,,,
optimised_new,100000.0,2000-09-13 00:00:00,69940.61626969457,24607.30307,3,94547.91933969458,-7050.745597026995,1850.385958721678,,,,,,,,
optimised_new,100000.0,2000-09-14 00:00:00,69906.19986769905,24042.22487,3,93948.42473769904,-7706.591494626995,1859.008774426161,,,,,,,,
optimised_new,100000.0,2000-09-15 00:00:00,77030.96477068549,16697.8586,2,93728.82337068548,-7706.591494626995,1867.6273470125896,,,,,,,,
optimised_new,100000.0,2000-09-17 00:00:00,83867.3424992043,9432.2626,1,93299.6050992043,-7706.591494626995,1886.6212835313886,,,,,,,,
optimised_new,100000.0,2000-09-18 00:00:00,83877.68230855351,9378.689300000002,1,93256.37160855351,-7706.591494626995,1896.9610928806055,,,,,,,,
optimised_new,100000.0,2000-09-25 00:00:00,83950.06989739514,9528.8066,1,93478.87649739513,-7706.591494626995,1969.3486817222338,,,,,,,,
optimised_new,100000.0,2000-09-26 00:00:00,83960.41990601263,9320.4181,1,93280.83800601262,-7706.591494626995,1979.6986903397208,,,,,,,,
optimised_new,100000.0,2000-09-27 00:00:00,83970.77119065858,9320.4181,1,93291.18929065857,-7706.591494626995,1990.0499749856676,,,,,,,,
optimised_new,100000.0,2000-09-28 00:00:00,84857.57012709031,9416.57252,1,94274.14264709031,-7814.351027926994,2000.4025358173926,,,,,,,,
optimised_new,100000.0,2000-10-01 00:00:00,94217.43718451266,0.0,0,94217.43718451266,-7814.351027926994,2031.788212439741,,,,,,,,
optimised_new,100000.0,2000-10-02 00:00:00,94229.05303293267,0.0,0,94229.05303293267,-7814.351027926994,2043.4040608597495,,,,,,,,
optimised_new,100000.0,2000-10-03 00:00:00,94240.67031344358,0.0,0,94240.67031344358,-7814.351027926994,2055.0213413706592,,,,,,,,
optimised_new,100000.0,2000-10-04 00:00:00,94252.28902622194,0.0,0,94252.28902622194,-7814.351027926994,2066.640054149029,,,,,,,,
optimised_new,100000.0,2000-10-05 00:00:00,94263.90917144435,0.0,0,94263.90917144435,-7814.351027926994,2078.2601993714397,,,,,,,,
optimised_new,100000.0,2000-10-10 00:00:00,94322.01706065962,0.0,0,94322.01706065962,-7814.351027926994,2136.368088586714,,,,,,,,
optimised_new,100000.0,2000-10-18 00:00:00,94415.04699529479,0.0,0,94415.04699529479,-7814.351027926994,2229.398023221885,,,,,,,,
optimised_new,100000.0,2000-10-23 00:00:00,94473.24805166175,0.0,0,94473.24805166175,-7814.351027926994,2287.5990795888474,,,,,,,,
optimised_new,100000.0,2000-10-24 00:00:00,94484.89543840784,0.0,0,94484.89543840784,-7814.351027926994,2299.246466334943,,,,,,,,
optimised_new,100000.0,2000-10-25 00:00:00,94496.54426113312,0.0,0,94496.54426113312,-7814.351027926994,2310.895289060226,,,,,,,,
optimised_new,100000.0,2000-10-26 00:00:00,94508.19452001463,0.0,0,94508.19452001463,-7814.351027926994,2322.5455479417355,,,,,,,,
optimised_new,100000.0,2000-10-29 00:00:00,94543.14960565901,0.0,0,94543.14960565901,-7814.351027926994,2357.5006335861244,,,,,,,,
optimised_new,100000.0,2000-10-30 00:00:00,94554.80561040492,0.0,0,94554.80561040492,-7814.351027926994,2369.156638332028,,,,,,,,
optimised_new,100000.0,2000-10-31 00:00:00,94566.4630521925,0.0,0,94566.4630521925,-7814.351027926994,2380.814080119612,,,,,,,,
optimised_new,100000.0,2000-11-01 00:00:00,94578.12193119894,0.0,0,94578.12193119894,-7814.351027926994,2392.4729591260466,,,,,,,,
optimised_new,100000.0,2000-11-02 00:00:00,94589.78224760141,0.0,0,94589.78224760141,-7814.351027926994,2404.133275528523,,,,,,,,
optimised_new,100000.0,2000-11-03 00:00:00,94601.44400157714,0.0,0,94601.44400157714,-7814.351027926994,2415.7950295042547,,,,,,,,
optimised_new,100000.0,2000-11-05 00:00:00,94624.77038502958,0.0,0,94624.77038502958,-7814.351027926994,2439.1214129566984,,,,,,,,
optimised_new,100000.0,2000-11-06 00:00:00,94636.43645261129,0.0,0,94636.43645261129,-7814.351027926994,2450.7874805384145,,,,,,,,
optimised_new,100000.0,2000-11-07 00:00:00,94648.10395847532,0.0,0,94648.10395847532,-7814.351027926994,2462.454986402435,,,,,,,,
optimised_new,100000.0,2000-11-08 00:00:00,94659.77290279897,0.0,0,94659.77290279897,-7814.351027926994,2474.123930726083,,,,,,,,
optimised_new,100000.0,2000-11-09 00:00:00,94671.44328575958,0.0,0,94671.44328575958,-7814.351027926994,2485.794313686702,,,,,,,,
optimised_new,100000.0,2000-11-12 00:00:00,94706.45875108446,0.0,0,94706.45875108446,-7814.351027926994,2520.809779011572,,,,,,,,
optimised_new,100000.0,2000-11-13 00:00:00,94718.13488983459,0.0,0,94718.13488983459,-7814.351027926994,2532.485917761706,,,,,,,,
optimised_new,100000.0,2000-11-14 00:00:00,94729.81246810868,0.0,0,94729.81246810868,-7814.351027926994,2544.163496035795,,,,,,,,
optimised_new,100000.0,2000-11-15 00:00:00,94741.4914860842,0.0,0,94741.4914860842,-7814.351027926994,2555.8425140113154,,,,,,,,
optimised_new,100000.0,2000-11-16 00:00:00,94753.17194393865,0.0,0,94753.17194393865,-7814.351027926994,2567.5229718657642,,,,,,,,
optimised_new,100000.0,2000-11-19 00:00:00,94788.21763767135,0.0,0,94788.21763767135,-7814.351027926994,2602.5686655984537,,,,,,,,
optimised_new,100000.0,2000-11-20 00:00:00,94799.9038562842,0.0,0,94799.9038562842,-7814.351027926994,2614.2548842113174,,,,,,,,
optimised_new,100000.0,2000-11-21 00:00:00,94811.59151566375,0.0,0,94811.59151566375,-7814.351027926994,2625.9425435908593,,,,,,,,
optimised_new,100000.0,2000-11-22 00:00:00,94823.2806159876,0.0,0,94823.2806159876,-7814.351027926994,2637.631643914708,,,,,,,,
optimised_new,100000.0,2000-11-23 00:00:00,94834.9711574334,0.0,0,94834.9711574334,-7814.351027926994,2649.3221853605146,,,,,,,,
optimised_new,100000.0,2000-11-24 00:00:00,94846.66314017885,0.0,0,94846.66314017885,-7814.351027926994,2661.0141681059517,,,,,,,,
optimised_new,100000.0,2000-11-26 00:00:00,94870.04998862438,0.0,0,94870.04998862438,-7814.351027926994,2684.401016551475,,,,,,,,
optimised_new,100000.0,2000-11-27 00:00:00,94881.74629615722,0.0,0,94881.74629615722,-7814.351027926994,2696.097324084319,,,,,,,,
optimised_new,100000.0,2000-11-28 00:00:00,94893.44404570058,0.0,0,94893.44404570058,-7814.351027926994,2707.7950736276807,,,,,,,,
optimised_new,100000.0,2000-11-29 00:00:00,94905.14323743225,0.0,0,94905.14323743225,-7814.351027926994,2719.4942653593425,,,,,,,,
optimised_new,100000.0,2000-11-30 00:00:00,94916.84387153001,0.0,0,94916.84387153001,-7814.351027926994,2731.194899457108,,,,,,,,
optimised_new,100000.0,2000-12-01 00:00:00,94928.54594817171,0.0,0,94928.54594817171,-7814.351027926994,2742.8969760988034,,,,,,,,
optimised_new,100000.0,2000-12-03 00:00:00,94951.95298689866,0.0,0,94951.95298689866,-7814.351027926994,2766.30401482575,,,,,,,,
optimised_new,100000.0,2000-12-04 00:00:00,94963.65939206143,0.0,0,94963.65939206143,-7814.351027926994,2778.0104199885186,,,,,,,,
optimised_new,100000.0,2000-12-05 00:00:00,94975.36724047962,0.0,0,94975.36724047962,-7814.351027926994,2789.718268406718,,,,,,,,
optimised_new,100000.0,2000-12-06 00:00:00,94987.0765323312,0.0,0,94987.0765323312,-7814.351027926994,2801.427560258284,,,,,,,,
optimised_new,100000.0,2000-12-07 00:00:00,94998.78726779409,0.0,0,94998.78726779409,-7814.351027926994,2813.138295721174,,,,,,,,
optimised_new,100000.0,2000-12-10 00:00:00,95033.92380555067,0.0,0,95033.92380555067,-7814.351027926994,2848.2748334777552,,,,,,,,
optimised_new,100000.0,2000-12-12 00:00:00,95057.3568278589,0.0,0,95057.3568278589,-7814.351027926994,2871.707855785973,,,,,,,,
optimised_new,100000.0,2000-12-13 00:00:00,95069.07622801575,0.0,0,95069.07622801575,-7814.351027926994,2883.4272559428323,,,,,,,,
optimised_new,100000.0,2000-12-14 00:00:00,95080.79707303016,0.0,0,95080.79707303016,-7814.351027926994,2895.1481009572453,,,,,,,,
optimised_new,100000.0,2000-12-15 00:00:00,95092.51936308025,0.0,0,95092.51936308025,-7814.351027926994,2906.870391007345,,,,,,,,
optimised_new,100000.0,2000-12-17 00:00:00,95115.96683360814,0.0,0,95115.96683360814,-7814.351027926994,2930.3178615352276,,,,,,,,
optimised_new,100000.0,2000-12-18 00:00:00,95127.69345965612,0.0,0,95127.69345965612,-7814.351027926994,2942.044487583207,,,,,,,,
optimised_new,100000.0,2000-12-19 00:00:00,95139.42153145252,0.0,0,95139.42153145252,-7814.351027926994,2953.7725593796026,,,,,,,,
optimised_new,100000.0,2000-12-20 00:00:00,95151.15104917558,0.0,0,95151.15104917558,-7814.351027926994,2965.5020771026584,,,,,,,,
optimised_new,100000.0,2000-12-21 00:00:00,95162.88201300356,0.0,0,95162.88201300356,-7814.351027926994,2977.233040930639,,,,,,,,
optimised_new,100000.0,2000-12-25 00:00:00,95209.81165344833,0.0,0,95209.81165344833,-7814.351027926994,3024.162681375408,,,,,,,,
optimised_new,100000.0,2000-12-26 00:00:00,95221.54984940561,0.0,0,95221.54984940561,-7814.351027926994,3035.9008773326823,,,,,,,,
optimised_new,100000.0,2000-12-27 00:00:00,95233.28949253773,0.0,0,95233.28949253773,-7814.351027926994,3047.640520464801,,,,,,,,
optimised_new,100000.0,2000-12-28 00:00:00,95245.03058302311,0.0,0,95245.03058302311,-7814.351027926994,3059.381610950182,,,,,,,,
optimised_new,100000.0,2001-01-01 00:00:00,95292.00073509145,0.0,0,95292.00073509145,-7814.351027926994,3106.3517630185224,,,,,,,,
optimised_new,100000.0,2001-01-02 00:00:00,95303.7490639492,0.0,0,95303.7490639492,-7814.351027926994,3118.1000918762734,,,,,,,,
optimised_new,100000.0,2001-01-03 00:00:00,95315.49884123106,0.0,0,95315.49884123106,-7814.351027926994,3129.8498691581303,,,,,,,,
optimised_new,100000.0,2001-01-04 00:00:00,95327.2500671156,0.0,0,95327.2500671156,-7814.351027926994,3141.6010950426657,,,,,,,,
optimised_new,100000.0,2001-01-05 00:00:00,95339.00274178141,0.0,0,95339.00274178141,-7814.351027926994,3153.3537697084744,,,,,,,,
optimised_new,100000.0,2001-01-07 00:00:00,95362.51098903282,0.0,0,95362.51098903282,-7814.351027926994,3176.8620169598726,,,,,,,,
optimised_new,100000.0,2001-01-08 00:00:00,95374.26801093557,0.0,0,95374.26801093557,-7814.351027926994,3188.61903886263,,,,,,,,
optimised_new,100000.0,2001-01-09 00:00:00,95386.02648233419,0.0,0,95386.02648233419,-7814.351027926994,3200.3775102612385,,,,,,,,
optimised_new,100000.0,2001-01-10 00:00:00,95397.78640340736,0.0,0,95397.78640340736,-7814.351027926994,3212.137431334403,,,,,,,,
optimised_new,100000.0,2001-01-11 00:00:00,95409.5477743338,0.0,0,95409.5477743338,-7814.351027926994,3223.8988022608505,,,,,,,,
optimised_new,100000.0,2001-01-15 00:00:00,95456.59905816772,0.0,0,95456.59905816772,-7814.351027926994,3270.9500860947687,,,,,,,,
optimised_new,100000.0,2001-01-16 00:00:00,95468.36767996941,0.0,0,95468.36767996941,-7814.351027926994,3282.7187078964607,,,,,,,,
optimised_new,100000.0,2001-01-17 00:00:00,95480.13775269708,0.0,0,95480.13775269708,-7814.351027926994,3294.488780624128,,,,,,,,
optimised_new,100000.0,2001-01-18 00:00:00,95491.9092765296,0.0,0,95491.9092765296,-7814.351027926994,3306.2603044566526,,,,,,,,
optimised_new,100000.0,2001-01-19 00:00:00,95503.68225164588,0.0,0,95503.68225164588,-7814.351027926994,3318.0332795729373,,,,,,,,
optimised_new,100000.0,2001-01-21 00:00:00,95527.23110480382,0.0,0,95527.23110480382,-7814.351027926994,3341.582132730877,,,,,,,,
optimised_new,100000.0,2001-01-22 00:00:00,95539.00843466606,0.0,0,95539.00843466606,-7814.351027926994,3353.359462593113,,,,,,,,
optimised_new,100000.0,2001-01-23 00:00:00,95550.78721652787,0.0,0,95550.78721652787,-7814.351027926994,3365.1382444549213,,,,,,,,
optimised_new,100000.0,2001-01-24 00:00:00,95562.56745056825,0.0,0,95562.56745056825,-7814.351027926994,3376.918478495315,,,,,,,,
optimised_new,100000.0,2001-01-25 00:00:00,95574.34913696627,0.0,0,95574.34913696627,-7814.351027926994,3388.70016489333,,,,,,,,
optimised_new,100000.0,2001-01-26 00:00:00,95586.13227590096,0.0,0,95586.13227590096,-7814.351027926994,3400.4833038280244,,,,,,,,
optimised_new,100000.0,2001-01-28 00:00:00,95609.70145920187,0.0,0,95609.70145920187,-7814.351027926994,3424.0524871289317,,,,,,,,
optimised_new,100000.0,2001-01-29 00:00:00,95621.48895664205,0.0,0,95621.48895664205,-7814.351027926994,3435.8399845691074,,,,,,,,
optimised_new,100000.0,2001-01-30 00:00:00,95633.27790733533,0.0,0,95633.27790733533,-7814.351027926994,3447.628935262392,,,,,,,,
optimised_new,100000.0,2001-01-31 00:00:00,95645.0683114609,0.0,0,95645.0683114609,-7814.351027926994,3459.419339387954,,,,,,,,
optimised_new,100000.0,2001-02-01 00:00:00,95656.86016919793,0.0,0,95656.86016919793,-7814.351027926994,3471.2111971249833,,,,,,,,
optimised_new,100000.0,2001-02-04 00:00:00,95692.24010378105,0.0,0,95692.24010378105,-7814.351027926994,3506.5911317081113,,,,,,,,
optimised_new,100000.0,2001-02-05 00:00:00,95704.0377772185,0.0,0,95704.0377772185,-7814.351027926994,3518.3888051455638,,,,,,,,
optimised_new,100000.0,2001-02-06 00:00:00,95715.83690516364,0.0,0,95715.83690516364,-7814.351027926994,3530.1879330907004,,,,,,,,
optimised_new,100000.0,2001-02-07 00:00:00,95727.63748779579,0.0,0,95727.63748779579,-7814.351027926994,3541.988515722844,,,,,,,,
optimised_new,100000.0,2001-02-08 00:00:00,95739.43952529428,0.0,0,95739.43952529428,-7814.351027926994,3553.7905532213395,,,,,,,,
optimised_new,100000.0,2001-02-09 00:00:00,95751.2430178385,0.0,0,95751.2430178385,-7814.351027926994,3565.594045765554,,,,,,,,
optimised_new,100000.0,2001-02-11 00:00:00,95774.85291337714,0.0,0,95774.85291337714,-7814.351027926994,3589.203941304199,,,,,,,,
optimised_new,100000.0,2001-02-12 00:00:00,95786.6607719555,0.0,0,95786.6607719555,-7814.351027926994,3601.0117998825604,,,,,,,,
optimised_new,100000.0,2001-02-13 00:00:00,95798.47008629725,0.0,0,95798.47008629725,-7814.351027926994,3612.821114224308,,,,,,,,
optimised_new,100000.0,2001-02-14 00:00:00,95810.28085658187,0.0,0,95810.28085658187,-7814.351027926994,3624.63188450892,,,,,,,,
optimised_new,100000.0,2001-02-15 00:00:00,95822.09308298885,0.0,0,95822.09308298885,-7814.351027926994,3636.4441109158956,,,,,,,,
optimised_new,100000.0,2001-02-18 00:00:00,95857.53413111543,0.0,0,95857.53413111543,-7814.351027926994,3671.8851590424806,,,,,,,,
optimised_new,100000.0,2001-02-19 00:00:00,95869.35218326858,0.0,0,95869.35218326858,-7814.351027926994,3683.703211195632,,,,,,,,
optimised_new,100000.0,2001-02-20 00:00:00,95881.17169244186,0.0,0,95881.17169244186,-7814.351027926994,3695.5227203689115,,,,,,,,
optimised_new,100000.0,2001-02-21 00:00:00,95892.9926588149,0.0,0,95892.9926588149,-7814.351027926994,3707.3436867419523,,,,,,,,
optimised_new,100000.0,2001-02-22 00:00:00,95904.81508256735,0.0,0,95904.81508256735,-7814.351027926994,3719.1661104944087,,,,,,,,
optimised_new,100000.0,2001-02-23 00:00:00,95916.6389638789,0.0,0,95916.6389638789,-7814.351027926994,3730.989991805958,,,,,,,,
optimised_new,100000.0,2001-02-25 00:00:00,95940.28964197957,0.0,0,95940.28964197957,-7814.351027926994,3754.6406699066406,,,,,,,,
optimised_new,100000.0,2001-02-26 00:00:00,95952.11789686694,0.0,0,95952.11789686694,-7814.351027926994,3766.4689247940078,,,,,,,,
optimised_new,100000.0,2001-02-27 00:00:00,95963.94761003231,0.0,0,95963.94761003231,-7814.351027926994,3778.298637959375,,,,,,,,
optimised_new,100000.0,2001-02-28 00:00:00,95975.77878165546,0.0,0,95975.77878165546,-7814.351027926994,3790.1298095825296,,,,,,,,
optimised_new,100000.0,2001-03-01 00:00:00,95987.61141191621,0.0,0,95987.61141191621,-7814.351027926994,3801.9624398432816,,,,,,,,
optimised_new,100000.0,2001-03-02 00:00:00,95999.44550099439,0.0,0,95999.44550099439,-7814.351027926994,3813.796528921463,,,,,,,,
optimised_new,100000.0,2001-03-04 00:00:00,96023.11659714532,0.0,0,96023.11659714532,-7814.351027926994,3837.4676250723933,,,,,,,,
optimised_new,100000.0,2001-03-05 00:00:00,96034.95506357511,0.0,0,96034.95506357511,-7814.351027926994,3849.3060915021783,,,,,,,,
optimised_new,100000.0,2001-03-06 00:00:00,96046.79498954184,0.0,0,96046.79498954184,-7814.351027926994,3861.1460174689205,,,,,,,,
optimised_new,100000.0,2001-03-07 00:00:00,96058.63637522548,0.0,0,96058.63637522548,-7814.351027926994,3872.987403152563,,,,,,,,
optimised_new,100000.0,2001-03-08 00:00:00,96070.479220806,0.0,0,96070.479220806,-7814.351027926994,3884.83024873307,,,,,,,,
optimised_new,100000.0,2001-03-11 00:00:00,96106.01213777807,0.0,0,96106.01213777807,-7814.351027926994,3920.363165705149,,,,,,,,
optimised_new,100000.0,2001-03-12 00:00:00,96117.86082420601,0.0,0,96117.86082420601,-7814.351027926994,3932.2118521330945,,,,,,,,
optimised_new,100000.0,2001-03-13 00:00:00,96129.71097143092,0.0,0,96129.71097143092,-7814.351027926994,3944.0619993579967,,,,,,,,
optimised_new,100000.0,2001-03-14 00:00:00,96141.56257963288,0.0,0,96141.56257963288,-7814.351027926994,3955.913607559954,,,,,,,,
optimised_new,100000.0,2001-03-15 00:00:00,96153.41564899201,0.0,0,96153.41564899201,-7814.351027926994,3967.766676919087,,,,,,,,
optimised_new,100000.0,2001-03-16 00:00:00,96165.27017968846,0.0,0,96165.27017968846,-7814.351027926994,3979.621207615538,,,,,,,,
optimised_new,100000.0,2001-03-18 00:00:00,96188.98216411633,0.0,0,96188.98216411633,-7814.351027926994,4003.333192043406,,,,,,,,
optimised_new,100000.0,2001-03-19 00:00:00,96200.84107972561,0.0,0,96200.84107972561,-7814.351027926994,4015.1921076526805,,,,,,,,
optimised_new,100000.0,2001-03-20 00:00:00,96212.70145739298,0.0,0,96212.70145739298,-7814.351027926994,4027.052485320044,,,,,,,,
optimised_new,100000.0,2001-03-21 00:00:00,96224.56329729868,0.0,0,96224.56329729868,-7814.351027926994,4038.91432522575,,,,,,,,
optimised_new,100000.0,2001-03-22 00:00:00,96236.42659962301,0.0,0,96236.42659962301,-7814.351027926994,4050.7776275500746,,,,,,,,
optimised_new,100000.0,2001-03-23 00:00:00,96248.29136454625,0.0,0,96248.29136454625,-7814.351027926994,4062.642392473316,,,,,,,,
optimised_new,100000.0,2001-03-25 00:00:00,96272.02381995121,0.0,0,96272.02381995121,-7814.351027926994,4086.3748478782722,,,,,,,,
optimised_new,100000.0,2001-03-27 00:00:00,96295.76212719448,0.0,0,96295.76212719448,-7814.351027926994,4110.113155121548,,,,,,,,
optimised_new,100000.0,2001-03-28 00:00:00,96307.63420745674,0.0,0,96307.63420745674,-7814.351027926994,4121.985235383804,,,,,,,,
optimised_new,100000.0,2001-03-29 00:00:00,96319.50775140012,0.0,0,96319.50775140012,-7814.351027926994,4133.858779327189,,,,,,,,
optimised_new,100000.0,2001-04-01 00:00:00,96355.13277481502,0.0,0,96355.13277481502,-7814.351027926994,4169.48380274209,,,,,,,,
optimised_new,100000.0,2001-04-02 00:00:00,96367.01217474617,0.0,0,96367.01217474617,-7814.351027926994,4181.363202673232,,,,,,,,
optimised_new,100000.0,2001-04-03 00:00:00,96378.89303926086,0.0,0,96378.89303926086,-7814.351027926994,4193.244067187927,,,,,,,,
optimised_new,100000.0,2001-04-04 00:00:00,96390.77536853967,0.0,0,96390.77536853967,-7814.351027926994,4205.12639646674,,,,,,,,
optimised_new,100000.0,2001-04-05 00:00:00,96402.65916276319,0.0,0,96402.65916276319,-7814.351027926994,4217.010190690258,,,,,,,,
optimised_new,100000.0,2001-04-08 00:00:00,96438.3149408097,0.0,0,96438.3149408097,-7814.351027926994,4252.66596873676,,,,,,,,
optimised_new,100000.0,2001-04-09 00:00:00,96450.20459607636,0.0,0,96450.20459607636,-7814.351027926994,4264.555624003436,,,,,,,,
optimised_new,100000.0,2001-04-10 00:00:00,96462.09571719095,0.0,0,96462.09571719095,-7814.351027926994,4276.446745118021,,,,,,,,
optimised_new,100000.0,2001-04-11 00:00:00,96473.98830433417,0.0,0,96473.98830433417,-7814.351027926994,4288.339332261236,,,,,,,,
optimised_new,100000.0,2001-04-15 00:00:00,96521.56451774453,0.0,0,96521.56451774453,-7814.351027926994,4335.9155456715935,,,,,,,,
optimised_new,100000.0,2001-04-16 00:00:00,96533.46443665767,0.0,0,96533.46443665767,-7814.351027926994,4347.81546458474,,,,,,,,
optimised_new,100000.0,2001-04-17 00:00:00,96545.3658226841,0.0,0,96545.3658226841,-7814.351027926994,4359.7168506111775,,,,,,,,
optimised_new,100000.0,2001-04-18 00:00:00,96557.2686760047,0.0,0,96557.2686760047,-7814.351027926994,4371.619703931782,,,,,,,,
optimised_new,100000.0,2001-04-19 00:00:00,96569.17299680038,0.0,0,96569.17299680038,-7814.351027926994,4383.524024727454,,,,,,,,
optimised_new,100000.0,2001-04-22 00:00:00,96604.89036215536,0.0,0,96604.89036215536,-7814.351027926994,4419.241390082435,,,,,,,,
optimised_new,100000.0,2001-04-23 00:00:00,96616.80055411781,0.0,0,96616.80055411781,-7814.351027926994,4431.151582044892,,,,,,,,
optimised_new,100000.0,2001-04-24 00:00:00,96628.7122144601,0.0,0,96628.7122144601,-7814.351027926994,4443.06324238718,,,,,,,,
optimised_new,100000.0,2001-04-25 00:00:00,96640.62534336325,0.0,0,96640.62534336325,-7814.351027926994,4454.976371290333,,,,,,,,
optimised_new,100000.0,2001-04-26 00:00:00,96652.53994100832,0.0,0,96652.53994100832,-7814.351027926994,4466.890968935405,,,,,,,,
optimised_new,100000.0,2001-04-27 00:00:00,96664.45600757639,0.0,0,96664.45600757639,-7814.351027926994,4478.807035503474,,,,,,,,
optimised_new,100000.0,2001-04-29 00:00:00,96688.29107892072,0.0,0,96688.29107892072,-7814.351027926994,4502.6421068478085,,,,,,,,
optimised_new,100000.0,2001-04-30 00:00:00,96700.21155316333,0.0,0,96700.21155316333,-7814.351027926994,4514.562581090415,,,,,,,,
optimised_new,100000.0,2001-05-01 00:00:00,96712.13349705345,0.0,0,96712.13349705345,-7814.351027926994,4526.484524980531,,,,,,,,
optimised_new,100000.0,2001-05-02 00:00:00,96724.05691077227,0.0,0,96724.05691077227,-7814.351027926994,4538.407938699346,,,,,,,,
optimised_new,100000.0,2001-05-03 00:00:00,96735.981794501,0.0,0,96735.981794501,-7814.351027926994,4550.332822428071,,,,,,,,
optimised_new,100000.0,2001-05-04 00:00:00,96747.90814842087,0.0,0,96747.90814842087,-7814.351027926994,4562.259176347941,,,,,,,,
optimised_new,100000.0,2001-05-06 00:00:00,96771.76379700542,0.0,0,96771.76379700542,-7814.351027926994,4586.114824932483,,,,,,,,
optimised_new,100000.0,2001-05-07 00:00:00,96783.69456240506,0.0,0,96783.69456240506,-7814.351027926994,4598.045590332114,,,,,,,,
optimised_new,100000.0,2001-05-08 00:00:00,96795.62679872097,0.0,0,96795.62679872097,-7814.351027926994,4609.977826648027,,,,,,,,
optimised_new,100000.0,2001-05-09 00:00:00,96807.56050613451,0.0,0,96807.56050613451,-7814.351027926994,4621.911534061568,,,,,,,,
optimised_new,100000.0,2001-05-10 00:00:00,96819.49568482705,0.0,0,96819.49568482705,-7814.351027926994,4633.846712754105,,,,,,,,
optimised_new,100000.0,2001-05-13 00:00:00,96855.30563528583,0.0,0,96855.30563528583,-7814.351027926994,4669.656663212877,,,,,,,,
optimised_new,100000.0,2001-05-14 00:00:00,96867.24670036415,0.0,0,96867.24670036415,-7814.351027926994,4681.5977282912,,,,,,,,
optimised_new,100000.0,2001-05-15 00:00:00,96879.18923762858,0.0,0,96879.18923762858,-7814.351027926994,4693.540265555628,,,,,,,,
optimised_new,100000.0,2001-05-16 00:00:00,96891.13324726062,0.0,0,96891.13324726062,-7814.351027926994,4705.484275187665,,,,,,,,
optimised_new,100000.0,2001-05-17 00:00:00,96903.07872944178,0.0,0,96903.07872944178,-7814.351027926994,4717.429757368834,,,,,,,,
optimised_new,100000.0,2001-05-20 00:00:00,96938.91959417734,0.0,0,96938.91959417734,-7814.351027926994,4753.270622104381,,,,,,,,
optimised_new,100000.0,2001-05-21 00:00:00,96950.87096782593,0.0,0,96950.87096782593,-7814.351027926994,4765.221995752978,,,,,,,,
optimised_new,100000.0,2001-05-22 00:00:00,96962.82381493156,0.0,0,96962.82381493156,-7814.351027926994,4777.174842858601,,,,,,,,
optimised_new,100000.0,2001-05-23 00:00:00,96974.77813567586,0.0,0,96974.77813567586,-7814.351027926994,4789.129163602907,,,,,,,,
optimised_new,100000.0,2001-05-24 00:00:00,96986.73393024053,0.0,0,96986.73393024053,-7814.351027926994,4801.084958167579,,,,,,,,
optimised_new,100000.0,2001-05-25 00:00:00,96998.69119880727,0.0,0,96998.69119880727,-7814.351027926994,4813.042226734321,,,,,,,,
optimised_new,100000.0,2001-05-28 00:00:00,97034.56742705888,0.0,0,97034.56742705888,-7814.351027926994,4848.918454985935,,,,,,,,
optimised_new,100000.0,2001-05-29 00:00:00,97046.53059290606,0.0,0,97046.53059290606,-7814.351027926994,4860.881620833106,,,,,,,,
optimised_new,100000.0,2001-05-30 00:00:00,97058.49523366409,0.0,0,97058.49523366409,-7814.351027926994,4872.846261591136,,,,,,,,
optimised_new,100000.0,2001-05-31 00:00:00,97070.46134951481,0.0,0,97070.46134951481,-7814.351027926994,4884.812377441862,,,,,,,,
optimised_new,100000.0,2001-06-01 00:00:00,97082.4289406401,0.0,0,97082.4289406401,-7814.351027926994,4896.779968567144,,,,,,,,
optimised_new,100000.0,2001-06-03 00:00:00,97106.36707380354,0.0,0,97106.36707380354,-7814.351027926994,4920.71810173059,,,,,,,,
optimised_new,100000.0,2001-06-04 00:00:00,97118.33909166195,0.0,0,97118.33909166195,-7814.351027926994,4932.690119589004,,,,,,,,
optimised_new,100000.0,2001-06-05 00:00:00,97130.31258552257,0.0,0,97130.31258552257,-7814.351027926994,4944.66361344962,,,,,,,,
optimised_new,100000.0,2001-06-06 00:00:00,97142.28755556735,0.0,0,97142.28755556735,-7814.351027926994,4956.63858349441,,,,,,,,
optimised_new,100000.0,2001-06-07 00:00:00,97154.26400197831,0.0,0,97154.26400197831,-7814.351027926994,4968.615029905371,,,,,,,,
optimised_new,100000.0,2001-06-11 00:00:00,97202.1756938149,0.0,0,97202.1756938149,-7814.351027926994,5016.526721741962,,,,,,,,
optimised_new,100000.0,2001-06-12 00:00:00,97214.15952369497,0.0,0,97214.15952369497,-7814.351027926994,5028.510551622022,,,,,,,,
optimised_new,100000.0,2001-06-13 00:00:00,97226.1448310335,0.0,0,97226.1448310335,-7814.351027926994,5040.495858960559,,,,,,,,
optimised_new,100000.0,2001-06-14 00:00:00,97238.13161601266,0.0,0,97238.13161601266,-7814.351027926994,5052.4826439397275,,,,,,,,
optimised_new,100000.0,2001-06-18 00:00:00,97286.08466722055,0.0,0,97286.08466722055,-7814.351027926994,5100.435695147624,,,,,,,,
optimised_new,100000.0,2001-06-20 00:00:00,97310.07301686452,0.0,0,97310.07301686452,-7814.351027926994,5124.424044791596,,,,,,,,
optimised_new,100000.0,2001-06-21 00:00:00,87583.01081915427,9055.2423,1,96638.25311915427,-8096.971762426996,5136.421177081346,,,,,,,,
optimised_new,100000.0,2001-06-24 00:00:00,97071.84313098465,0.0,0,97071.84313098465,-8096.971762426996,5168.814893411718,,,,,,,,
optimised_new,100000.0,2001-06-25 00:00:00,97083.81089246656,0.0,0,97083.81089246656,-8096.971762426996,5180.78265489362,,,,,,,,
optimised_new,100000.0,2001-06-26 00:00:00,97095.7801294259,0.0,0,97095.7801294259,-8096.971762426996,5192.751891852965,,,,,,,,
optimised_new,100000.0,2001-06-27 00:00:00,97107.7508420446,0.0,0,97107.7508420446,-8096.971762426996,5204.722604471662,,,,,,,,
optimised_new,100000.0,2001-06-28 00:00:00,97119.72303050457,0.0,0,97119.72303050457,-8096.971762426996,5216.69479293164,,,,,,,,
optimised_new,100000.0,2001-07-01 00:00:00,97155.6440239542,0.0,0,97155.6440239542,-8096.971762426996,5252.615786381279,,,,,,,,
optimised_new,100000.0,2001-07-02 00:00:00,87383.39341065305,9366.54895,1,96749.94236065305,-8174.874997876997,5264.593879480122,,,,,,,,
optimised_new,100000.0,2001-07-03 00:00:00,97100.49217668107,0.0,0,97100.49217668107,-8174.874997876997,5275.367174558148,,,,,,,,
optimised_new,100000.0,2001-07-04 00:00:00,87333.93658111109,9457.203589,1,96791.14017011109,-8345.687562524998,5287.338468114177,,,,,,,,
optimised_new,100000.0,2001-07-05 00:00:00,96952.41810324977,0.0,0,96952.41810324977,-8345.687562524998,5298.105665774862,,,,,,,,
optimised_new,100000.0,2001-07-06 00:00:00,96964.37114109812,0.0,0,96964.37114109812,-8345.687562524998,5310.058703623208,,,,,,,,
optimised_new,100000.0,2001-07-08 00:00:00,96988.2801641192,0.0,0,96988.2801641192,-8345.687562524998,5333.9677266443005,,,,,,,,
optimised_new,100000.0,2001-07-09 00:00:00,97000.23762331752,0.0,0,97000.23762331752,-8345.687562524998,5345.925185842617,,,,,,,,
optimised_new,100000.0,2001-07-10 00:00:00,97012.19655672312,0.0,0,97012.19655672312,-8345.687562524998,5357.884119248231,,,,,,,,
optimised_new,100000.0,2001-07-11 00:00:00,97024.1569645178,0.0,0,97024.1569645178,-8345.687562524998,5369.844527042896,,,,,,,,
optimised_new,100000.0,2001-07-12 00:00:00,97036.11884688328,0.0,0,97036.11884688328,-8345.687562524998,5381.806409408384,,,,,,,,
optimised_new,100000.0,2001-07-13 00:00:00,97048.08220400139,0.0,0,97048.08220400139,-8345.687562524998,5393.769766526493,,,,,,,,
optimised_new,100000.0,2001-07-15 00:00:00,97072.01186810648,0.0,0,97072.01186810648,-8345.687562524998,5417.699430631589,,,,,,,,
optimised_new,100000.0,2001-07-16 00:00:00,97083.97965039159,0.0,0,97083.97965039159,-8345.687562524998,5429.667212916698,,,,,,,,
optimised_new,100000.0,2001-07-17 00:00:00,97095.9489081567,0.0,0,97095.9489081567,-8345.687562524998,5441.636470681815,,,,,,,,
optimised_new,100000.0,2001-07-18 00:00:00,97107.91964158374,0.0,0,97107.91964158374,-8345.687562524998,5453.607204108848,,,,,,,,
optimised_new,100000.0,2001-07-19 00:00:00,97119.89185085462,0.0,0,97119.89185085462,-8345.687562524998,5465.579413379728,,,,,,,,
optimised_new,100000.0,2001-07-20 00:00:00,97131.8655361513,0.0,0,97131.8655361513,-8345.687562524998,5477.553098676409,,,,,,,,
optimised_new,100000.0,2001-07-22 00:00:00,97155.81585916021,0.0,0,97155.81585916021,-8345.687562524998,5501.503421685323,,,,,,,,
optimised_new,100000.0,2001-07-23 00:00:00,97167.79397344422,0.0,0,97167.79397344422,-8345.687562524998,5513.481535969328,,,,,,,,
optimised_new,100000.0,2001-07-24 00:00:00,97179.77356448203,0.0,0,97179.77356448203,-8345.687562524998,5525.46112700715,,,,,,,,
optimised_new,100000.0,2001-07-29 00:00:00,97239.67890435056,0.0,0,97239.67890435056,-8345.687562524998,5585.366466875666,,,,,,,,
optimised_new,100000.0,2001-07-30 00:00:00,97251.6673579141,0.0,0,97251.6673579141,-8345.687562524998,5597.354920439217,,,,,,,,
optimised_new,100000.0,2001-07-31 00:00:00,97263.65728950618,0.0,0,97263.65728950618,-8345.687562524998,5609.344852031289,,,,,,,,
optimised_new,100000.0,2001-08-02 00:00:00,97287.64010911182,0.0,0,97287.64010911182,-8345.687562524998,5633.32767163692,,,,,,,,
optimised_new,100000.0,2001-08-03 00:00:00,97299.63447570062,0.0,0,97299.63447570062,-8345.687562524998,5645.322038225715,,,,,,,,
optimised_new,100000.0,2001-08-05 00:00:00,97323.62616639325,0.0,0,97323.62616639325,-8345.687562524998,5669.313728918353,,,,,,,,
optimised_new,100000.0,2001-08-06 00:00:00,97335.62496961925,0.0,0,97335.62496961925,-8345.687562524998,5681.312532144347,,,,,,,,
optimised_new,100000.0,2001-08-07 00:00:00,97347.62525214975,0.0,0,97347.62525214975,-8345.687562524998,5693.312814674848,,,,,,,,
optimised_new,100000.0,2001-08-08 00:00:00,97359.62701416714,0.0,0,97359.62701416714,-8345.687562524998,5705.314576692236,,,,,,,,
optimised_new,100000.0,2001-08-12 00:00:00,97407.63998091385,0.0,0,97407.63998091385,-8345.687562524998,5753.327543438949,,,,,,,,
optimised_new,100000.0,2001-08-13 00:00:00,97419.64914200739,0.0,0,97419.64914200739,-8345.687562524998,5765.336704532486,,,,,,,,
optimised_new,100000.0,2001-08-15 00:00:00,97443.67042535747,0.0,0,97443.67042535747,-8345.687562524998,5789.357987882569,,,,,,,,
optimised_new,100000.0,2001-08-16 00:00:00,97455.6840285606,0.0,0,97455.6840285606,-8345.687562524998,5801.371591085695,,,,,,,,
optimised_new,100000.0,2001-08-17 00:00:00,97467.6991128929,0.0,0,97467.6991128929,-8345.687562524998,5813.3866754179835,,,,,,,,
optimised_new,100000.0,2001-08-19 00:00:00,97491.73224418101,0.0,0,97491.73224418101,-8345.687562524998,5837.419806706094,,,,,,,,
optimised_new,100000.0,2001-08-20 00:00:00,97503.75177281385,0.0,0,97503.75177281385,-8345.687562524998,5849.439335338939,,,,,,,,
optimised_new,100000.0,2001-08-21 00:00:00,97515.77278330638,0.0,0,97515.77278330638,-8345.687562524998,5861.460345831478,,,,,,,,
optimised_new,100000.0,2001-08-22 00:00:00,97527.79527584132,0.0,0,97527.79527584132,-8345.687562524998,5873.482838366406,,,,,,,,
optimised_new,100000.0,2001-08-23 00:00:00,97539.81925060134,0.0,0,97539.81925060134,-8345.687562524998,5885.506813126442,,,,,,,,
optimised_new,100000.0,2001-08-26 00:00:00,97575.89562210499,0.0,0,97575.89562210499,-8345.687562524998,5921.583184630089,,,,,,,,
optimised_new,100000.0,2001-08-27 00:00:00,97587.9255270447,0.0,0,97587.9255270447,-8345.687562524998,5933.613089569801,,,,,,,,
optimised_new,100000.0,2001-08-28 00:00:00,97599.95691512337,0.0,0,97599.95691512337,-8345.687562524998,5945.644477648478,,,,,,,,
optimised_new,100000.0,2001-09-03 00:00:00,97672.15414352634,0.0,0,97672.15414352634,-8345.687562524998,6017.841706051446,,,,,,,,
optimised_new,100000.0,2001-09-04 00:00:00,97684.19591595499,0.0,0,97684.19591595499,-8345.687562524998,6029.883478480099,,,,,,,,
optimised_new,100000.0,2001-09-06 00:00:00,97708.28243001645,0.0,0,97708.28243001645,-8345.687562524998,6053.969992541568,,,,,,,,
optimised_new,100000.0,2001-09-09 00:00:00,97744.42110981933,0.0,0,97744.42110981933,-8345.687562524998,6090.1086723444505,,,,,,,,
optimised_new,100000.0,2001-09-16 00:00:00,97828.77588420178,0.0,0,97828.77588420178,-8345.687562524998,6174.463446726897,,,,,,,,
optimised_new,100000.0,2001-10-25 00:00:00,98299.1580805765,0.0,0,98299.1580805765,-8345.687562524998,6644.84564310162,,,,,,,,
optimised_new,100000.0,2001-10-28 00:00:00,98335.51530342821,0.0,0,98335.51530342821,-8345.687562524998,6681.202865953341,,,,,,,,
optimised_new,100000.0,2001-10-31 00:00:00,98371.88597347194,0.0,0,98371.88597347194,-8345.687562524998,6717.573535997074,,,,,,,,
optimised_new,100000.0,2001-11-01 00:00:00,98384.0140142084,0.0,0,98384.0140142084,-8345.687562524998,6729.70157673353,,,,,,,,
optimised_new,100000.0,2001-11-07 00:00:00,98456.79123005453,0.0,0,98456.79123005453,-8345.687562524998,6802.478792579656,,,,,,,,
optimised_new,100000.0,2001-11-09 00:00:00,98481.06824707016,0.0,0,98481.06824707016,-8345.687562524998,6826.755809595286,,,,,,,,
optimised_new,100000.0,2001-11-11 00:00:00,98505.35125019957,0.0,0,98505.35125019957,-8345.687562524998,6851.038812724701,,,,,,,,
optimised_new,100000.0,2001-11-12 00:00:00,98517.49574555918,0.0,0,98517.49574555918,-8345.687562524998,6863.183308084314,,,,,,,,
optimised_new,100000.0,2001-11-15 00:00:00,98553.93372343767,0.0,0,98553.93372343767,-8345.687562524998,6899.6212859628085,,,,,,,,
optimised_new,100000.0,2001-11-18 00:00:00,98590.38517837648,0.0,0,98590.38517837648,-8345.687562524998,6936.072740901614,,,,,,,,
optimised_new,100000.0,2001-11-20 00:00:00,98614.69513636567,0.0,0,98614.69513636567,-8345.687562524998,6960.382698890803,,,,,,,,
optimised_new,100000.0,2002-03-12 00:00:00,99976.38846098837,0.0,0,99976.38846098837,-8345.687562524998,8322.076023513497,,,,,,,,
optimised_new,100000.0,2002-03-25 00:00:00,100136.62459043955,0.0,0,100136.62459043955,-8345.687562524998,8482.31215296467,,,,,,,,
optimised_new,100000.0,2002-03-31 00:00:00,100218.92866544539,0.0,0,100218.92866544539,-8345.687562524998,8564.616227970511,,,,,,,,
optimised_new,100000.0,2002-04-02 00:00:00,100246.38590617565,0.0,0,100246.38590617565,-8345.687562524998,8592.07346870077,,,,,,,,
optimised_new,100000.0,2002-04-15 00:00:00,100424.90686737843,0.0,0,100424.90686737843,-8345.687562524998,8770.59442990355,,,,,,,,
optimised_new,100000.0,2002-05-01 00:00:00,100645.01625229324,0.0,0,100645.01625229324,-8345.687562524998,8990.703814818351,,,,,,,,
optimised_new,100000.0,2002-05-20 00:00:00,100906.96903431976,0.0,0,100906.96903431976,-8345.687562524998,9252.656596844869,,,,,,,,
optimised_new,100000.0,2002-05-27 00:00:00,101003.72914161294,0.0,0,101003.72914161294,-8345.687562524998,9349.416704138052,,,,,,,,
optimised_new,100000.0,2002-06-11 00:00:00,101211.27105080803,0.0,0,101211.27105080803,-8345.687562524998,9556.958613333147,,,,,,,,
optimised_new,100000.0,2002-06-14 00:00:00,101252.86472384262,0.0,0,101252.86472384262,-8345.687562524998,9598.552286367725,,,,,,,,
optimised_new,100000.0,2002-06-20 00:00:00,101336.08625649236,0.0,0,101336.08625649236,-8345.687562524998,9681.773819017459,,,,,,,,
optimised_new,100000.0,2005-07-07 00:00:00,105100.46446639455,11565.084600000002,1,116665.54906639455,-8177.560989824998,25132.05655921965,,,,,,,,
optimised_new,100000.0,2005-07-10 00:00:00,85153.22167379307,31513.085460000002,3,116666.30713379307,-7783.602052624996,25175.24853091817,,,,,,,,
optimised_new,100000.0,2005-07-11 00:00:00,68979.2681325912,47784.08670000001,5,116763.3548325912,-7700.148825524997,25185.746873316308,,,,,,,,
optimised_new,100000.0,2005-07-12 00:00:00,50363.14900852261,66310.28028,8,116673.42928852262,-7392.769896224997,25194.251166647722,,,,,,,,
optimised_new,100000.0,2005-07-13 00:00:00,45442.23609657982,70983.77885,9,116426.01494657982,-7297.066716624997,25200.460322004936,,,,,,,,
optimised_new,100000.0,2005-07-18 00:00:00,42404.460529399636,73631.24014000001,10,116035.70066939964,-7109.332500024997,25228.472659324747,,,,,,,,
optimised_new,100000.0,2005-07-19 00:00:00,53251.9097644882,63702.539469999996,9,116954.44923448819,-7090.410378824998,25233.700606513303,,,,,,,,
optimised_new,100000.0,2005-07-21 00:00:00,53326.89798617533,63401.67214,9,116728.57012617533,-7628.221396124997,25246.831214400438,,,,,,,,
optimised_new,100000.0,2005-07-24 00:00:00,52604.20463947569,64606.35541,9,117210.5600494757,-7565.548585724998,25266.554861600805,,,,,,,,
optimised_new,100000.0,2005-07-27 00:00:00,56871.91283943687,60581.0975,8,117453.01033943688,-8086.950407324997,25286.011211261983,,,,,,,,
optimised_new,100000.0,2005-07-28 00:00:00,51190.4480515294,66949.01882,9,118139.4668715294,-8093.356159324998,25293.022816954515,,,,,,,,
optimised_new,100000.0,2005-07-31 00:00:00,58282.26033561832,58918.65524,8,117200.91557561832,-8698.917302524997,25311.95627034344,,,,,,,,
optimised_new,100000.0,2005-08-01 00:00:00,51440.44566616928,65338.06216,9,116778.50782616928,-9768.558999724999,25319.141754494405,,,,,,,,
optimised_new,100000.0,2005-08-02 00:00:00,51391.115212722645,65751.97364,9,117143.08885272263,-9661.932087725,25325.483727247767,,,,,,,,
optimised_new,100000.0,2005-08-03 00:00:00,52621.91189993928,64311.057720000004,9,116932.96961993928,-10199.492206724999,25331.819618164405,,,,,,,,
optimised_new,100000.0,2005-08-04 00:00:00,69976.31898151325,46592.04401,7,116568.36299151325,-10203.787074225,25338.30725113837,,,,,,,,
optimised_new,100000.0,2005-08-07 00:00:00,86823.2687277393,28366.050699999996,4,115189.31942773929,-10203.787074225,25364.188903364407,,,,,,,,
optimised_new,100000.0,2005-08-08 00:00:00,82922.96627084957,31393.7207,4,114316.68697084958,-9763.453765425,25374.893141974677,,,,,,,,
optimised_new,100000.0,2005-08-09 00:00:00,60441.969899252814,53486.40882,7,113928.37871925281,-9693.404769024997,25385.11652137793,,,,,,,,
optimised_new,100000.0,2005-08-10 00:00:00,48961.958461766415,64726.62494,9,113688.58340176642,-10329.426160324998,25392.56827109154,,,,,,,,
optimised_new,100000.0,2005-08-11 00:00:00,54650.06550920417,59671.06353,8,114321.12903920417,-10329.426160324998,25398.60467692929,,,,,,,,
optimised_new,100000.0,2005-08-14 00:00:00,54519.36354393223,59599.54268,8,114118.90622393222,-10932.538713324997,25418.817714857352,,,,,,,,
optimised_new,100000.0,2005-08-15 00:00:00,44179.39285340067,70075.69019,10,114255.08304340066,-11784.874729324996,25425.53928022578,,,,,,,,
optimised_new,100000.0,2005-08-16 00:00:00,39783.55353866205,73950.04773,11,113733.60126866205,-12175.832361324998,25430.98605468716,,,,,,,,
optimised_new,100000.0,2005-08-17 00:00:00,44293.1786308312,68675.27397,10,112968.4526008312,-12175.832361324998,25435.890876356312,,,,,,,,
optimised_new,100000.0,2005-08-18 00:00:00,53956.0220839761,59747.30855,9,113703.3306339761,-12175.832361324998,25441.35167920121,,,,,,,,
optimised_new,100000.0,2005-08-21 00:00:00,56676.84043791126,56410.03492,8,113086.87535791125,-12172.910303724997,25461.30801613638,,,,,,,,
optimised_new,100000.0,2005-08-22 00:00:00,57683.9578605817,55451.6644,8,113135.6222605817,-12098.681708624996,25468.295571806808,,,,,,,,
optimised_new,100000.0,2005-08-24 00:00:00,58738.69264424596,54235.33116,8,112974.02380424595,-12650.490752324995,25482.51901347106,,,,,,,,
optimised_new,100000.0,2005-08-25 00:00:00,47577.85047387333,65448.6347,10,113026.48517387334,-12881.995905624997,25489.760770098434,,,,,,,,
optimised_new,100000.0,2005-08-29 00:00:00,53035.69579072209,59409.95095,9,112445.64674072209,-12872.394227524996,25513.22381964719,,,,,,,,
optimised_new,100000.0,2005-08-31 00:00:00,59132.348520474596,54015.5512,8,113147.8997204746,-12872.394227524996,25526.3011144997,,,,,,,,
optimised_new,100000.0,2005-09-05 00:00:00,47450.892853292695,65412.45695,10,112863.34980329269,-13932.462949324994,25562.7525622178,,,,,,,,
optimised_new,100000.0,2005-09-06 00:00:00,56610.13921717051,57031.85085,9,113641.99006717051,-13712.624095624993,25568.602672295605,,,,,,,,
optimised_new,100000.0,2005-09-07 00:00:00,56306.38433970276,56841.91545,9,113148.29978970275,-14271.513102124993,25575.58200452786,,,,,,,,
optimised_new,100000.0,2005-09-08 00:00:00,56739.62224860354,56157.83935,9,112897.46159860355,-14841.503592424993,25582.523887528645,,,,,,,,
optimised_new,100000.0,2005-09-11 00:00:00,51087.50029588453,62303.95815,10,113391.45844588452,-15268.632662824994,25603.509775209637,,,,,,,,
optimised_new,100000.0,2005-09-12 00:00:00,51236.48616242512,62116.82015,10,113353.30631242512,-15254.642429224994,25609.808234150227,,,,,,,,
optimised_new,100000.0,2005-09-13 00:00:00,56698.91311538625,55836.28245,9,112535.19556538624,-15799.881047224993,25616.125061211347,,,,,,,,
optimised_new,100000.0,2005-09-19 00:00:00,58066.13365514283,54470.3596,9,112536.49325514284,-15786.967490224994,25658.066722967935,,,,,,,,
optimised_new,100000.0,2005-09-21 00:00:00,64546.61669393451,46800.41033,8,111347.02702393451,-15786.967490224994,25672.384399759612,,,,,,,,
optimised_new,100000.0,2005-09-22 00:00:00,70294.93079359266,41161.6686,7,111456.59939359265,-15786.967490224994,25680.34220181777,,,,,,,,
optimised_new,100000.0,2005-09-25 00:00:00,61365.89275414372,49801.952079999995,8,111167.84483414372,-16366.167146724993,25706.341696768824,,,,,,,,
optimised_new,100000.0,2005-09-26 00:00:00,67262.6896857545,43480.38869,7,110743.0783757545,-16366.167146724993,25713.90735477961,,,,,,,,
optimised_new,100000.0,2005-09-29 00:00:00,66755.56407937116,43896.97258,7,110652.53665937117,-16975.830496724993,25738.78533589626,,,,,,,,
optimised_new,100000.0,2005-10-03 00:00:00,60133.92131611989,51211.07403,8,111344.99534611989,-17554.26632182499,25771.70588804499,,,,,,,,
optimised_new,100000.0,2005-10-04 00:00:00,72156.02517044106,38814.59662,6,110970.62179044106,-17554.26632182499,25779.119659166157,,,,,,,,
optimised_new,100000.0,2005-10-05 00:00:00,71070.70269774974,38286.87698,6,109357.57967774975,-18208.747720024992,25788.01560747484,,,,,,,,
optimised_new,100000.0,2005-10-06 00:00:00,76782.04704867824,32076.43058,5,108858.47762867824,-18208.747720024992,25796.777748903332,,,,,,,,
optimised_new,100000.0,2005-10-09 00:00:00,69126.73665479761,40183.98854,6,109310.72519479762,-18221.29539362499,25825.17658822271,,,,,,,,
optimised_new,100000.0,2005-10-10 00:00:00,79693.68343587972,28717.06888,4,108410.75231587971,-18221.29539362499,25833.699062604806,,,,,,,,
optimised_new,100000.0,2005-10-12 00:00:00,86955.21200596528,20794.90206,3,107750.11406596529,-18221.29539362499,25853.349559890365,,,,,,,,
optimised_new,100000.0,2005-10-16 00:00:00,83772.39748712438,23510.920159999998,3,107283.31764712438,-18990.42026552499,25896.23158224947,,,,,,,,
optimised_new,100000.0,2005-10-18 00:00:00,92325.75285432395,14739.06192,2,107064.81477432395,-18990.42026552499,25916.887789849035,,,,,,,,
optimised_new,100000.0,2005-10-20 00:00:00,96272.02924145242,10217.144,1,106489.17324145242,-18950.74151242499,25939.653043977498,,,,,,,,
optimised_new,100000.0,2005-10-23 00:00:00,77995.60296432255,28178.519899999996,3,106174.12286432255,-18235.89517842499,25975.260506847622,,,,,,,,
optimised_new,100000.0,2005-10-24 00:00:00,70202.80424057842,36494.6915,4,106697.49574057842,-17590.765798424993,25984.8764031035,,,,,,,,
optimised_new,100000.0,2005-10-25 00:00:00,80928.34167092726,25710.128599999996,3,106638.47027092725,-17590.765798424993,25993.531543352336,,,,,,,,
optimised_new,100000.0,2005-10-26 00:00:00,65553.4107989086,40585.166999999994,5,106138.5777989086,-17295.10200562499,26003.509010133683,,,,,,,,
optimised_new,100000.0,2005-10-30 00:00:00,60392.028761443675,46303.5667,6,106695.59546144368,-18698.858599424988,26035.83671956876,,,,,,,,
optimised_new,100000.0,2005-10-31 00:00:00,68755.6024866307,37944.163,5,106699.7654866307,-18671.830829024988,26043.28231215579,,,,,,,,
optimised_new,100000.0,2005-11-01 00:00:00,61894.40589424549,44749.4671,6,106643.8729942455,-18643.82921902499,26051.75903027058,,,,,,,,
optimised_new,100000.0,2005-11-02 00:00:00,68799.71163191053,39074.409,5,107874.12063191053,-18643.82921902499,26059.389847435625,,,,,,,,
optimised_new,100000.0,2005-11-03 00:00:00,84890.58330013911,22808.0652,3,107698.64850013911,-18643.82921902499,26067.872003664215,,,,,,,,
optimised_new,100000.0,2005-11-06 00:00:00,74310.37391651313,33179.3801,4,107489.75401651312,-18058.462671624988,26099.26989063824,,,,,,,,
optimised_new,100000.0,2005-11-07 00:00:00,81590.52560106174,25845.877500000002,3,107436.40310106175,-18058.462671624988,26108.43144358685,,,,,,,,
optimised_new,100000.0,2005-11-08 00:00:00,73449.63409915777,33911.6596,4,107361.29369915777,-17969.276164924988,26118.49054948287,,,,,,,,
optimised_new,100000.0,2005-11-10 00:00:00,66352.26849483975,41017.4681,5,107369.73659483975,-18305.54543112499,26136.601418164853,,,,,,,,
optimised_new,100000.0,2005-11-11 00:00:00,73378.0215143035,34618.7425,4,107996.76401430351,-18305.54543112499,26144.781834828602,,,,,,,,
optimised_new,100000.0,2005-11-13 00:00:00,73899.26940648785,33745.3815,4,107644.65090648785,-18359.032650624988,26162.87504561295,,,,,,,,
optimised_new,100000.0,2005-11-14 00:00:00,53881.54094281878,53596.9248,7,107478.46574281878,-19313.184562324986,26171.985914443885,,,,,,,,
optimised_new,100000.0,2005-11-15 00:00:00,62128.32098702406,44924.3957,6,107052.71668702406,-19313.184562324986,26178.628844149163,,,,,,,,
optimised_new,100000.0,2005-11-16 00:00:00,70284.31535183615,36874.832800000004,5,107159.14815183615,-19313.184562324986,26186.288500161263,,,,,,,,
optimised_new,100000.0,2005-11-17 00:00:00,63257.47896830007,44018.1719,6,107275.65086830007,-19863.239873624985,26194.95368972519,,,,,,,,
optimised_new,100000.0,2005-11-20 00:00:00,63239.18006291026,43884.2563,6,107123.43636291026,-19855.659905624987,26218.350291535382,,,,,,,,
optimised_new,100000.0,2005-11-21 00:00:00,69811.8949240509,36995.7956,5,106807.6905240509,-19811.604665324987,26226.146902776014,,,,,,,,
optimised_new,100000.0,2005-11-22 00:00:00,60759.89620600042,45305.3296,6,106065.22580600041,-20173.426320824983,26234.753848725555,,,,,,,,
optimised_new,100000.0,2005-11-27 00:00:00,60527.01677713837,45269.1727,6,105796.18947713837,-20764.65336612498,26272.2085792635,,,,,,,,
optimised_new,100000.0,2005-11-29 00:00:00,54007.24687152862,50690.1057,7,104697.35257152862,-20711.551232524984,26287.133049153756,,,,,,,,
optimised_new,100000.0,2005-11-30 00:00:00,43765.56289492512,60599.799,9,104365.36189492512,-20839.233827424985,26293.791476850245,,,,,,,,
optimised_new,100000.0,2005-12-05 00:00:00,53099.464227772674,51501.933000000005,8,104601.39722777269,-20839.233827424985,26320.7702484978,,,,,,,,
optimised_new,100000.0,2005-12-06 00:00:00,57634.957257061025,46995.6091,7,104630.56635706103,-20839.233827424985,26327.316757786157,,,,,,,,
optimised_new,100000.0,2005-12-07 00:00:00,52124.951097522855,52084.0693,8,104209.02039752287,-21366.226181224985,26334.422437447985,,,,,,,,
optimised_new,100000.0,2005-12-08 00:00:00,56379.255099556794,47810.7116,7,104189.9666995568,-21342.110053524983,26340.848801281925,,,,,,,,
optimised_new,100000.0,2005-12-11 00:00:00,56058.441369358,48152.604100000004,7,104211.04546935801,-21305.037303124984,26361.70140248313,,,,,,,,
optimised_new,100000.0,2005-12-12 00:00:00,50461.84847774737,53644.6505,8,104106.49897774737,-21817.321425824983,26368.612717172502,,,,,,,,
optimised_new,100000.0,2005-12-14 00:00:00,61837.84759391723,42324.2539,6,104162.10149391723,-21817.321425824983,26381.05536474236,,,,,,,,
optimised_new,100000.0,2005-12-15 00:00:00,45859.73877564113,57759.853800000004,9,103619.59257564115,-21559.539262924984,26388.679208966267,,,,,,,,
optimised_new,100000.0,2005-12-19 00:00:00,47568.865206529124,55203.4745,9,102772.33970652912,-21463.251079324982,26411.294970554252,,,,,,,,
optimised_new,100000.0,2005-12-28 00:00:00,53914.247398859654,49400.0266,8,103314.27399885966,-21463.251079324982,26464.076862084785,,,,,,,,
optimised_new,100000.0,2005-12-29 00:00:00,48526.02207806773,54680.5463,9,103206.56837806772,-21473.41186372498,26470.723824092864,,,,,,,,
optimised_new,100000.0,2006-01-04 00:00:00,43713.24440980493,60201.7316,10,103914.97600980493,-21473.232000724984,26506.619785630064,,,,,,,,
optimised_new,100000.0,2006-01-05 00:00:00,55056.43566281025,49278.4977,8,104334.93336281025,-21473.232000724984,26512.009089735384,,,,,,,,
optimised_new,100000.0,2006-01-06 00:00:00,49562.282296849495,55444.332800000004,9,105006.6150968495,-21483.370645224983,26518.796869474634,,,,,,,,
optimised_new,100000.0,2006-01-08 00:00:00,44802.25542408023,59965.375100000005,10,104767.63052408023,-21117.469946424982,26531.017706205363,,,,,,,,
optimised_new,100000.0,2006-01-09 00:00:00,49656.632482617446,55683.965,9,105340.59748261745,-21117.469946424982,26536.541271942577,,,,,,,,
optimised_new,100000.0,2006-01-10 00:00:00,54031.470831797495,51492.394,8,105523.86483179749,-21081.51794642498,26542.663322522625,,,,,,,,
optimised_new,100000.0,2006-01-11 00:00:00,43777.42178600964,61430.316399999996,10,105207.73818600964,-20925.666595224982,26549.324736734765,,,,,,,,
optimised_new,100000.0,2006-01-12 00:00:00,49824.77100239421,55101.5608,9,104926.33180239421,-20925.666595224982,26554.72195311934,,,,,,,,
optimised_new,100000.0,2006-01-16 00:00:00,63620.6254539406,41081.3384,7,104701.9638539406,-20925.666595224982,26579.293073065728,,,,,,,,
optimised_new,100000.0,2006-01-17 00:00:00,69484.0740028952,35086.0196,6,104570.0936028952,-20920.40428622498,26587.136711820323,,,,,,,,
optimised_new,100000.0,2006-01-18 00:00:00,50671.869463466785,53830.6506,9,104502.52006346679,-21180.337272824978,26595.703241491912,,,,,,,,
optimised_new,100000.0,2006-01-23 00:00:00,57780.37898958262,47079.9929,8,104860.37188958262,-21180.337272824978,26626.939325407748,,,,,,,,
optimised_new,100000.0,2006-01-24 00:00:00,58970.1757415512,46262.3269,8,105232.5026415512,-21153.71112502498,26634.062933776328,,,,,,,,
optimised_new,100000.0,2006-01-25 00:00:00,56392.03857069057,48514.9373,8,104906.97587069057,-20934.759357924977,26641.333229415697,,,,,,,,
optimised_new,100000.0,2006-01-29 00:00:00,68843.25749813639,36965.170699999995,6,105808.42819813639,-20934.759357924977,26669.143001861517,,,,,,,,
optimised_new,100000.0,2006-01-30 00:00:00,78722.08062643342,27238.305,4,105960.38562643342,-20947.562922324978,26677.63052675855,,,,,,,,
optimised_new,100000.0,2006-01-31 00:00:00,73453.94108802846,31990.315200000005,4,105444.25628802847,-21291.284385324976,26687.335988753588,,,,,,,,
optimised_new,100000.0,2006-02-01 00:00:00,59524.02400536808,46129.6485,6,105653.67250536809,-22071.041821324976,26696.391954093207,,,,,,,,
optimised_new,100000.0,2006-02-02 00:00:00,53216.53706857011,51877.5097,7,105094.04676857012,-22251.85219172498,26703.73053239524,,,,,,,,
optimised_new,100000.0,2006-02-03 00:00:00,61939.476108296374,42957.6016,6,104897.07770829638,-22251.85219172498,26710.2914753215,,,,,,,,
optimised_new,100000.0,2006-02-05 00:00:00,68307.55204032993,35869.3545,5,104176.90654032993,-23027.385435324977,26725.564222855053,,,,,,,,
optimised_new,100000.0,2006-02-06 00:00:00,73501.20272234861,29996.0859,4,103497.2886223486,-23226.003995324976,26733.985701873724,,,,,,,,
optimised_new,100000.0,2006-02-07 00:00:00,65959.80365666506,37423.217000000004,5,103383.02065666506,-23128.650922524976,26743.047493990176,,,,,,,,
optimised_new,100000.0,2006-02-08 00:00:00,59365.26441205286,44036.807400000005,6,103402.07181205286,-22752.514890824976,26751.179524577983,,,,,,,,
optimised_new,100000.0,2006-02-09 00:00:00,53770.01932155433,49809.331699999995,7,103579.35102155432,-23241.982900824976,26758.49852977947,,,,,,,,
optimised_new,100000.0,2006-02-12 00:00:00,88739.72695804725,14569.0897,2,103308.81665804725,-23241.982900824976,26778.386071172376,,,,,,,,
optimised_new,100000.0,2006-02-13 00:00:00,64718.73895172974,37994.7342,5,102713.47315172973,-23146.898585424977,26789.326585454874,,,,,,,,
optimised_new,100000.0,2006-02-14 00:00:00,72626.46218214023,30361.8554,4,102988.31758214023,-23562.151257424975,26797.305608065362,,,,,,,,
optimised_new,100000.0,2006-02-15 00:00:00,58375.74843313256,44459.267400000004,6,102835.01583313257,-23663.067178524976,26806.25955545768,,,,,,,,
optimised_new,100000.0,2006-02-16 00:00:00,71768.71817131336,31158.1496,4,102926.86777131337,-23663.067178524976,26813.456565538476,,,,,,,,
optimised_new,100000.0,2006-02-20 00:00:00,64617.103936636195,38361.3711,5,102978.4750366362,-23635.660640924973,26848.849358061314,,,,,,,,
optimised_new,100000.0,2006-02-21 00:00:00,52362.36016910235,50211.706399999995,7,102574.06656910235,-23615.382484424976,26856.815850327475,,,,,,,,
optimised_new,100000.0,2006-02-22 00:00:00,65982.47471634786,36720.8342,5,102703.30891634786,-23615.382484424976,26863.27148377298,,,,,,,,
optimised_new,100000.0,2006-02-23 00:00:00,72738.38173149784,30019.9775,4,102758.35923149783,-23616.467382224975,26871.406309422942,,,,,,,,
optimised_new,100000.0,2006-02-27 00:00:00,65490.76490266953,37208.8911,5,102699.65600266954,-23745.608701824975,26907.27729219464,,,,,,,,
optimised_new,100000.0,2006-02-28 00:00:00,72653.18559856164,29908.0302,4,102561.21579856164,-23745.608701824975,26915.35149608675,,,,,,,,
optimised_new,100000.0,2006-03-01 00:00:00,58862.738622021745,43886.7071,6,102749.44572202174,-22929.391372224974,26924.308738146847,,,,,,,,
optimised_new,100000.0,2006-03-02 00:00:00,59859.78423758884,43026.0427,6,102885.82693758883,-23116.432798624977,26931.565788113945,,,,,,,,
optimised_new,100000.0,2006-03-03 00:00:00,67950.163120988,35020.9149,5,102971.078020988,-23116.432798624977,26938.9457615131,,,,,,,,
optimised_new,100000.0,2006-03-05 00:00:00,67008.48530873016,35704.1879,5,102712.67320873015,-23097.438351124976,26955.70059625526,,,,,,,,
optimised_new,100000.0,2006-03-06 00:00:00,67009.46062213671,35562.4666,5,102571.92722213671,-23098.974013924977,26963.961916361815,,,,,,,,
optimised_new,100000.0,2006-03-07 00:00:00,60322.59472358739,42118.8162,6,102441.41092358739,-23315.601337824977,26972.22335671249,,,,,,,,
optimised_new,100000.0,2006-03-09 00:00:00,60127.78730303978,42675.4544,6,102803.24170303979,-23209.398023824975,26987.097421164883,,,,,,,,
optimised_new,100000.0,2006-03-14 00:00:00,48935.89479370467,54090.8472,8,103026.74199370467,-23456.603951924975,27024.16249552977,,,,,,,,
optimised_new,100000.0,2006-03-15 00:00:00,61620.481388113476,41620.932400000005,6,103241.41378811348,-23524.379561924976,27030.195688038584,,,,,,,,
optimised_new,100000.0,2006-03-16 00:00:00,61585.31330926407,41846.9161,6,103432.22940926408,-23570.828498924973,27037.792733689173,,,,,,,,
optimised_new,100000.0,2006-03-19 00:00:00,68264.3307654442,35052.9724,5,103317.3031654442,-23748.735185324975,27060.570863269313,,,,,,,,
optimised_new,100000.0,2006-03-20 00:00:00,80681.63493261253,22289.779599999998,3,102971.41453261253,-23806.281055724976,27068.987013637656,,,,,,,,
optimised_new,100000.0,2006-03-21 00:00:00,72589.74926249463,30479.7624,4,103069.51166249462,-23207.798501024976,27078.93406451976,,,,,,,,
optimised_new,100000.0,2006-03-22 00:00:00,80046.79318583659,23548.0777,3,103594.8708858366,-22886.805563024973,27087.88348566171,,,,,,,,
optimised_new,100000.0,2006-03-23 00:00:00,72048.78709355814,31376.3177,4,103425.10479355814,-22865.427927824974,27097.75226838325,,,,,,,,
optimised_new,100000.0,2006-03-26 00:00:00,58436.8645292859,44971.8416,6,103408.7061292859,-23085.233570924975,27124.400449911005,,,,,,,,
optimised_new,100000.0,2006-03-27 00:00:00,64670.33706512786,38889.7018,5,103560.03886512786,-23045.805447124974,27131.604994852973,,,,,,,,
optimised_new,100000.0,2006-03-28 00:00:00,58218.762826182465,44973.614799999996,6,103192.37762618245,-23092.943069824974,27139.57805010758,,,,,,,,
optimised_new,100000.0,2006-03-29 00:00:00,58206.580809373365,45148.5937,6,103355.17450937336,-23339.057860224973,27146.755705798478,,,,,,,,
optimised_new,100000.0,2006-03-30 00:00:00,57991.36246937177,44954.3384,6,102945.70086937177,-23364.958844224973,27153.931859596894,,,,,,,,
optimised_new,100000.0,2006-03-31 00:00:00,57998.51208940224,45298.7613,6,103297.27338940224,-23364.958844224973,27161.081479627366,,,,,,,,
optimised_new,100000.0,2006-04-02 00:00:00,71626.88639138319,31534.0825,4,103160.96889138319,-23364.958844224973,27175.382482608315,,,,,,,,
optimised_new,100000.0,2006-04-04 00:00:00,58085.05304552491,45341.4597,6,103426.5127455249,-23965.26587402497,27193.043906650026,,,,,,,,
optimised_new,100000.0,2006-04-05 00:00:00,64990.47654864833,37524.81340000001,5,102515.28994864834,-24085.954265124972,27200.205077573446,,,,,,,,
optimised_new,100000.0,2006-04-06 00:00:00,80139.15525115433,22424.692799999997,3,102563.84805115432,-24085.954265124972,27208.217602079443,,,,,,,,
optimised_new,100000.0,2006-04-09 00:00:00,72149.93691263077,30155.7368,4,102305.67371263077,-24806.94548592497,27237.8581115559,,,,,,,,
optimised_new,100000.0,2006-04-17 00:00:00,64992.19441184323,37099.030999999995,5,102091.22541184322,-25399.06939192497,27309.019693168357,,,,,,,,
optimised_new,100000.0,2006-04-24 00:00:00,73093.16483172469,29660.2313,4,102753.39613172469,-25399.06939192497,27365.108847249812,,,,,,,,
optimised_new,100000.0,2006-04-25 00:00:00,72364.52165019984,29844.009599999998,4,102208.53125019983,-26125.996198124973,27374.120333324958,,,,,,,,
optimised_new,100000.0,2006-04-27 00:00:00,72655.1986280081,29748.6668,4,102403.86542800811,-26807.33549892497,27391.963640033227,,,,,,,,
optimised_new,100000.0,2006-04-30 00:00:00,72682.07109873353,29910.909,4,102592.98009873353,-26807.33549892497,27418.836110758653,,,,,,,,
optimised_new,100000.0,2006-05-01 00:00:00,72691.03190201968,29388.46,4,102079.49190201968,-26807.33549892497,27427.7969140448,,,,,,,,
optimised_new,100000.0,2006-05-02 00:00:00,86684.0476581624,15055.777,2,101739.8246581624,-26807.33549892497,27436.758822087515,,,,,,,,
optimised_new,100000.0,2006-05-03 00:00:00,78026.70035753121,23698.680399999997,3,101725.38075753121,-27150.20337392497,27447.44589645633,,,,,,,,
optimised_new,100000.0,2006-05-04 00:00:00,70269.29462151228,31435.1047,4,101704.39932151228,-27415.63354452497,27457.065626637395,,,,,,,,
optimised_new,100000.0,2006-05-07 00:00:00,77796.87993019147,23970.6567,3,101767.53663019146,-27415.63354452497,27483.055639716586,,,,,,,,
optimised_new,100000.0,2006-05-08 00:00:00,70025.94257034725,31331.8273,4,101357.76987034726,-27362.732771324972,27492.647035872364,,,,,,,,
optimised_new,100000.0,2006-05-09 00:00:00,70034.57590573264,31344.6335,4,101379.20940573263,-27362.732771324972,27501.280371257748,,,,,,,,
optimised_new,100000.0,2006-05-14 00:00:00,77911.17743377863,22815.2155,3,100726.39293377864,-27362.732771324972,27544.452370103747,,,,,,,,
optimised_new,100000.0,2006-05-16 00:00:00,76709.58802263628,23315.785,3,100025.37302263628,-27168.486021324974,27563.66334536139,,,,,,,,
optimised_new,100000.0,2006-05-17 00:00:00,76553.71085010482,23190.139,3,99743.84985010482,-27136.76119692497,27573.120691829936,,,,,,,,
optimised_new,100000.0,2006-05-18 00:00:00,74879.19303153976,24657.2968,3,99536.48983153976,-27005.12115762497,27582.558820564882,,,,,,,,
optimised_new,100000.0,2006-05-25 00:00:00,54682.03766526835,44586.7064,6,99268.74406526834,-26784.12277202497,27647.180589893473,,,,,,,,
optimised_new,100000.0,2006-05-29 00:00:00,60812.02422039642,38942.715899999996,5,99754.74012039643,-26784.12277202497,27674.14707422155,,,,,,,,
optimised_new,100000.0,2006-05-30 00:00:00,60714.79528364551,38384.3753,5,99099.17058364551,-26734.32935602497,27681.64444707064,,,,,,,,
optimised_new,100000.0,2006-05-31 00:00:00,44258.74978556541,54926.0032,8,99184.7529855654,-26894.38663322497,27689.129832790542,,,,,,,,
optimised_new,100000.0,2006-06-01 00:00:00,56026.06471175814,44181.9566,6,100208.02131175814,-26894.38663322497,27694.586390983284,,,,,,,,
optimised_new,100000.0,2006-06-04 00:00:00,57398.70920109811,43137.8246,6,100536.5338010981,-26951.02174542497,27715.30836012325,,,,,,,,
optimised_new,100000.0,2006-06-05 00:00:00,62498.78700298728,37061.494,5,99560.28100298728,-27028.571769724967,27722.384913312428,,,,,,,,
optimised_new,100000.0,2006-06-06 00:00:00,69403.28278169176,29395.926,4,98799.20878169176,-27772.572081724968,27730.090243216906,,,,,,,,
optimised_new,100000.0,2006-06-07 00:00:00,61840.62985000184,36884.7453,5,98725.37515000184,-28915.47961922497,27738.646812326977,,,,,,,,
optimised_new,100000.0,2006-06-09 00:00:00,55675.7987188854,43659.2024,6,99335.00111888541,-28989.11328322497,27753.89518681054,,,,,,,,
optimised_new,100000.0,2006-06-11 00:00:00,61795.972839621565,37485.296800000004,5,99281.26963962158,-28989.11328322497,27767.623465946705,,,,,,,,
optimised_new,100000.0,2006-06-13 00:00:00,61811.2102027875,37196.3666,5,99007.5768027875,-28989.11328322497,27782.86082911264,,,,,,,,
optimised_new,100000.0,2006-06-14 00:00:00,68179.4771495495,31610.7982,4,99790.2753495495,-28989.11328322497,27790.481389274628,,,,,,,,
optimised_new,100000.0,2006-06-15 00:00:00,61384.00776051314,38792.0875,5,100176.09526051313,-29082.31974722497,27798.88707823827,,,,,,,,
optimised_new,100000.0,2006-06-18 00:00:00,78652.57990301633,21038.4987,3,99691.07860301633,-29082.31974722497,27821.59075234147,,,,,,,,
optimised_new,100000.0,2006-06-19 00:00:00,83155.37220282904,15913.793699999998,2,99069.16590282903,-29419.43729282497,27831.28764575417,,,,,,,,
optimised_new,100000.0,2006-06-20 00:00:00,74842.65357901843,23966.6709,3,98809.32447901843,-29057.60544482497,27841.53967794356,,,,,,,,
optimised_new,100000.0,2006-06-21 00:00:00,80926.62328498709,18143.7712,2,99070.39448498709,-29088.92524082497,27850.766854412206,,,,,,,,
optimised_new,100000.0,2006-06-22 00:00:00,72798.14851071264,26029.3166,3,98827.46511071263,-29028.271383224972,27860.744109337753,,,,,,,,
optimised_new,100000.0,2006-06-25 00:00:00,65582.96217651248,33436.990399999995,4,99019.95257651247,-28978.619722424974,27887.669451937607,,,,,,,,
optimised_new,100000.0,2006-06-26 00:00:00,73784.02473629177,25085.0517,3,98869.07643629177,-28929.607516424974,27895.755022616904,,,,,,,,
optimised_new,100000.0,2006-06-27 00:00:00,66409.88277687567,32197.408199999998,4,98607.29097687567,-28682.83928092497,27904.85168320083,,,,,,,,
optimised_new,100000.0,2006-06-28 00:00:00,75299.64383267007,23188.475599999998,3,98488.11943267006,-28682.83928092497,27913.03920299524,,,,,,,,
optimised_new,100000.0,2006-06-29 00:00:00,54869.55876490288,43913.3962,6,98782.95496490289,-28659.87078632497,27922.322720728036,,,,,,,,
optimised_new,100000.0,2006-06-30 00:00:00,62451.14110502459,36790.1022,5,99241.24330502459,-28659.87078632497,27929.087460849736,,,,,,,,
optimised_new,100000.0,2006-07-02 00:00:00,76198.82818232993,23038.7297,3,99237.55788232993,-28659.87078632497,27944.486372355084,,,,,,,,
optimised_new,100000.0,2006-07-04 00:00:00,68595.97170328448,30956.3106,4,99552.28230328448,-28441.38979172497,27963.27512450963,,,,,,,,
optimised_new,100000.0,2006-07-05 00:00:00,68812.81645229174,30852.3589,4,99665.17535229173,-28484.65957092497,27971.732162116885,,,,,,,,
optimised_new,100000.0,2006-07-06 00:00:00,60513.195559483116,38978.0238,5,99491.21935948312,-28482.70711112497,27980.21593400826,,,,,,,,
optimised_new,100000.0,2006-07-09 00:00:00,67853.59108026128,31275.853799999997,4,99129.44488026128,-28456.990486324972,28002.597526886428,,,,,,,,
optimised_new,100000.0,2006-07-10 00:00:00,55020.03753539035,44122.917199999996,6,99142.95473539035,-29279.215068624973,28010.9630381155,,,,,,,,
optimised_new,100000.0,2006-07-11 00:00:00,55131.40151408923,44344.2987,6,99475.70021408923,-29908.818163524975,28017.746330414386,,,,,,,,
optimised_new,100000.0,2006-07-12 00:00:00,69394.8772378937,28873.590999999997,4,98268.4682378937,-29775.771192324974,28024.543352518864,,,,,,,,
optimised_new,100000.0,2006-07-13 00:00:00,50659.22779120385,46934.623999999996,7,97593.85179120384,-29573.412600924974,28033.098885329015,,,,,,,,
optimised_new,100000.0,2006-07-16 00:00:00,62279.877839266344,35193.2199,5,97473.09773926635,-29573.412600924974,28051.835859991515,,,,,,,,
optimised_new,100000.0,2006-07-17 00:00:00,69142.72884566982,27996.3468,4,97139.07564566981,-29573.412600924974,28059.514201094986,,,,,,,,
optimised_new,100000.0,2006-07-18 00:00:00,50468.51962209189,45995.779500000004,7,96464.29912209189,-29819.700171524975,28068.038647117053,,,,,,,,
optimised_new,100000.0,2006-07-19 00:00:00,63713.701556346656,33788.0698,5,97501.77135634665,-29819.700171524975,28074.260793371832,,,,,,,,
optimised_new,100000.0,2006-07-20 00:00:00,68850.83945303716,28484.770599999996,4,97335.61005303715,-29819.700171524975,28082.11590726234,,,,,,,,
optimised_new,100000.0,2006-07-23 00:00:00,68927.29115201294,28684.568700000003,4,97611.85985201295,-29726.112895124974,28107.58128623812,,,,,,,,
optimised_new,100000.0,2006-07-24 00:00:00,60706.34586042348,37080.7098,5,97787.05566042347,-29042.283466724977,28116.079171448644,,,,,,,,
optimised_new,100000.0,2006-07-25 00:00:00,61497.80598613367,36733.0921,5,98230.89808613367,-28865.689794924976,28123.563515458834,,,,,,,,
optimised_new,100000.0,2006-07-26 00:00:00,75677.80131011963,23365.8724,3,99043.67371011962,-28948.100598924975,28131.145436744795,,,,,,,,
optimised_new,100000.0,2006-07-27 00:00:00,75615.88730150717,23318.4242,3,98934.31150150718,-28927.820563224974,28140.475576632343,,,,,,,,
optimised_new,100000.0,2006-07-28 00:00:00,68124.43072236079,31007.356,4,99131.78672236079,-28923.688972124975,28149.798083285954,,,,,,,,
optimised_new,100000.0,2006-07-30 00:00:00,68946.41528549645,30094.370499999997,4,99040.78578549644,-29121.348164024974,28166.595888121603,,,,,,,,
optimised_new,100000.0,2006-07-31 00:00:00,83869.33388077686,15182.934400000002,2,99052.26828077686,-29121.348164024974,28175.096131102007,,,,,,,,
optimised_new,100000.0,2006-08-02 00:00:00,67942.85446220088,31050.0531,4,98992.90756220088,-29111.551121824974,28195.776240826035,,,,,,,,
optimised_new,100000.0,2006-08-03 00:00:00,61182.837346504435,37994.0884,5,99176.92574650444,-29230.776577824974,28204.152757129596,,,,,,,,
optimised_new,100000.0,2006-08-04 00:00:00,69747.5646860403,29638.613100000002,4,99386.17778604031,-29230.776577824974,28211.695846665465,,,,,,,,
optimised_new,100000.0,2006-08-06 00:00:00,91598.34497798892,7390.551600000001,1,98988.89657798893,-29230.776577824974,28228.89387631408,,,,,,,,
optimised_new,100000.0,2006-08-07 00:00:00,80208.48390093003,18710.363400000002,2,98918.84730093004,-29788.257728924975,28240.186822955202,,,,,,,,
optimised_new,100000.0,2006-08-08 00:00:00,72306.28515092329,25428.012000000002,3,97734.29715092329,-29090.934424924973,28250.075540148468,,,,,,,,
optimised_new,100000.0,2006-08-10 00:00:00,65096.6468509468,32563.725100000003,4,97660.3719509468,-29731.208458924975,28267.90448717198,,,,,,,,
optimised_new,100000.0,2006-08-13 00:00:00,64556.92886173277,32407.032,4,96963.96086173278,-28853.513722624975,28291.98132915795,,,,,,,,
optimised_new,100000.0,2006-08-14 00:00:00,72748.87675415409,23958.7947,3,96707.67145415409,-28853.513722624975,28299.940402579257,,,,,,,,
optimised_new,100000.0,2006-08-15 00:00:00,58926.83520035392,38243.3429,5,97170.17810035392,-28120.602416424976,28308.909442179083,,,,,,,,
optimised_new,100000.0,2006-08-16 00:00:00,60155.43897603889,37545.4663,5,97700.90527603889,-28417.515221624973,28316.17439446406,,,,,,,,
optimised_new,100000.0,2006-08-17 00:00:00,61377.066516522245,37137.9155,5,98514.98201652225,-27950.116045624975,28323.590818447406,,,,,,,,
optimised_new,100000.0,2006-08-20 00:00:00,61259.92474251603,37261.9865,5,98521.91124251603,-28555.470948424972,28346.29192524119,,,,,,,,
optimised_new,100000.0,2006-08-21 00:00:00,61267.47733597743,37254.5766,5,98522.05393597743,-28555.470948424972,28353.844518702594,,,,,,,,
optimised_new,100000.0,2006-08-22 00:00:00,49673.122942980495,48928.1639,7,98601.2868429805,-28523.014376524974,28361.39804330566,,,,,,,,
optimised_new,100000.0,2006-08-23 00:00:00,49741.272037431,48695.695100000004,7,98436.967137431,-28446.158711224973,28367.522126956166,,,,,,,,
optimised_new,100000.0,2006-08-24 00:00:00,70751.60299932466,27571.4779,4,98323.08089932466,-28446.158711224973,28373.65461254982,,,,,,,,
optimised_new,100000.0,2006-08-27 00:00:00,76827.05046603401,21670.292,3,98497.34246603401,-28446.158711224973,28399.82301365916,,,,,,,,
optimised_new,100000.0,2006-08-28 00:00:00,75723.11594387366,22883.2483,3,98606.36424387366,-28313.483490424973,28409.29484179881,,,,,,,,
optimised_new,100000.0,2006-08-29 00:00:00,61353.476359796885,37130.057100000005,5,98483.53345979689,-28893.837434924975,28418.630568422024,,,,,,,,
optimised_new,100000.0,2006-08-31 00:00:00,61368.60461424177,37420.4284,5,98789.03301424177,-28893.837434924975,28433.758822866905,,,,,,,,
optimised_new,100000.0,2006-09-01 00:00:00,61376.17060659147,37453.9691,5,98830.13970659146,-28893.837434924975,28441.324815216605,,,,,,,,
optimised_new,100000.0,2006-09-05 00:00:00,54899.53431456458,43789.490000000005,6,98689.0243145646,-28665.59871212497,28471.592515789718,,,,,,,,
optimised_new,100000.0,2006-09-06 00:00:00,69162.107175802,29419.400200000004,4,98581.507375802,-28665.59871212497,28478.36095152713,,,,,,,,
optimised_new,100000.0,2006-09-11 00:00:00,68076.36547065832,30494.961300000003,4,98571.32677065831,-29128.23220172497,28520.995127183447,,,,,,,,
optimised_new,100000.0,2006-09-12 00:00:00,55140.0942147232,43807.1247,6,98947.2189147232,-28542.882691524974,28529.388103748322,,,,,,,,
optimised_new,100000.0,2006-09-13 00:00:00,55637.51508663049,43451.337400000004,6,99088.8524866305,-28417.29561232497,28536.186197555617,,,,,,,,
optimised_new,100000.0,2006-09-14 00:00:00,61788.57355689871,37173.9548,5,98962.5283568987,-28417.29561232497,28543.04561722383,,,,,,,,
optimised_new,100000.0,2006-09-17 00:00:00,56990.687920026605,41864.5869,6,98855.2748200266,-29146.537449924974,28565.898925251724,,,,,,,,
optimised_new,100000.0,2006-09-18 00:00:00,63313.92603482222,34896.888,5,98210.81403482222,-29146.537449924974,28572.925174447344,,,,,,,,
optimised_new,100000.0,2006-09-20 00:00:00,70437.5897206171,27941.543299999998,4,98379.1330206171,-29146.537449924974,28588.536827442233,,,,,,,,
optimised_new,100000.0,2006-09-21 00:00:00,63395.366543621014,34903.3511,5,98298.71764362101,-29080.285396924977,28597.220913846144,,,,,,,,
optimised_new,100000.0,2006-09-24 00:00:00,70535.97346134536,27758.851800000004,4,98294.82526134537,-29080.285396924977,28620.6685151705,,,,,,,,
optimised_new,100000.0,2006-09-25 00:00:00,63483.56502665156,35220.7895,5,98704.35452665156,-29763.479442424974,28629.364731076694,,,,,,,,
optimised_new,100000.0,2006-09-26 00:00:00,57153.883390345254,41306.4363,6,98460.31969034526,-29931.68609682498,28637.19147197039,,,,,,,,
optimised_new,100000.0,2006-09-27 00:00:00,57180.47234863036,40829.2431,6,98009.71544863036,-29691.11885362498,28644.2378411555,,,,,,,,
optimised_new,100000.0,2006-10-01 00:00:00,57815.3794681338,39958.7204,6,97774.0998681338,-29628.85293562498,28672.436430258935,,,,,,,,
optimised_new,100000.0,2006-10-03 00:00:00,52041.50496712594,45594.7656,7,97636.27056712593,-29675.27473962498,28686.692277251077,,,,,,,,
optimised_new,100000.0,2006-10-04 00:00:00,57593.4722369808,40288.3686,6,97881.8408369808,-29633.31214802498,28693.108353205927,,,,,,,,
optimised_new,100000.0,2006-10-05 00:00:00,70524.76727045112,27488.4268,4,98013.19407045112,-29633.31214802498,28700.20891827624,,,,,,,,
optimised_new,100000.0,2006-10-08 00:00:00,62134.77578931417,34993.9196,5,97128.69538931418,-29461.455361424978,28726.293421239283,,,,,,,,
optimised_new,100000.0,2006-10-09 00:00:00,68342.94104822383,29752.2458,4,98095.18684822384,-29390.257212224977,28733.953873048926,,,,,,,,
optimised_new,100000.0,2006-10-10 00:00:00,61510.45281027087,36696.194,5,98206.64681027087,-29260.68375722498,28742.379715095965,,,,,,,,
optimised_new,100000.0,2006-10-11 00:00:00,67307.69929295435,30895.23,4,98202.92929295434,-29252.430158424977,28749.963195579425,,,,,,,,
optimised_new,100000.0,2006-10-12 00:00:00,60638.851948556214,37917.990300000005,5,98556.84224855622,-29397.952373824977,28758.261405081295,,,,,,,,
optimised_new,100000.0,2006-10-15 00:00:00,67119.65437788513,31199.0152,4,98318.66957788513,-29397.952373824977,28780.689473610215,,,,,,,,
optimised_new,100000.0,2006-10-16 00:00:00,67318.35165796735,31058.991,4,98377.34265796735,-28896.924336324977,28788.96449949242,,,,,,,,
optimised_new,100000.0,2006-10-17 00:00:00,60631.34912077449,37371.7485,5,98003.0976207745,-28253.88328512498,28797.264022299565,,,,,,,,
optimised_new,100000.0,2006-10-18 00:00:00,68275.0550439113,29865.5894,4,98140.6444439113,-28253.88328512498,28804.73912013637,,,,,,,,
optimised_new,100000.0,2006-10-20 00:00:00,55315.01397689062,43050.6717,6,98365.68567689063,-27977.80072202498,28821.574065215693,,,,,,,,
optimised_new,100000.0,2006-10-23 00:00:00,62393.45260996289,36707.1005,5,99100.5531099629,-27977.80072202498,28842.03304298797,,,,,,,,
optimised_new,100000.0,2006-10-25 00:00:00,56161.755756207815,43137.4869,6,99299.24265620782,-27978.49520242498,28857.41772993289,,,,,,,,
optimised_new,100000.0,2006-10-26 00:00:00,57160.927695087354,42840.6852,6,100001.61289508735,-27934.03477942498,28864.341782012423,,,,,,,,
optimised_new,100000.0,2006-10-27 00:00:00,63362.953852648396,36160.9082,5,99523.86205264839,-27934.03477942498,28871.38901967346,,,,,,,,
optimised_new,100000.0,2006-10-29 00:00:00,61568.97311839424,37611.9726,5,99180.94571839424,-28499.36507542498,28887.01276171932,,,,,,,,
optimised_new,100000.0,2006-10-30 00:00:00,69210.8942413102,30335.286000000004,4,99546.18024131021,-28499.36507542498,28894.603457035286,,,,,,,,
optimised_new,100000.0,2006-11-01 00:00:00,75471.98087006013,23761.617,3,99233.59787006013,-28499.36507542498,28911.669156985197,,,,,,,,
optimised_new,100000.0,2006-11-02 00:00:00,67246.65995792493,31626.1104,4,98872.77035792494,-28037.95179602498,28920.97392175,,,,,,,,
optimised_new,100000.0,2006-11-05 00:00:00,67271.53201023814,31678.6198,4,98950.15181023814,-28037.95179602498,28945.845974063202,,,,,,,,
optimised_new,100000.0,2006-11-06 00:00:00,60613.340435259954,38485.1315,5,99098.47193525996,-27847.594128224977,28954.139724585013,,,,,,,,
optimised_new,100000.0,2006-11-08 00:00:00,54714.92143343577,44682.5526,6,99397.47403343578,-27152.583375724975,28969.08547976083,,,,,,,,
optimised_new,100000.0,2006-11-09 00:00:00,52413.798922430986,47134.847499999996,7,99548.64642243099,-27151.260406974976,28975.83115500605,,,,,,,,
optimised_new,100000.0,2006-11-12 00:00:00,59116.71233035983,41345.458600000005,6,100462.17093035983,-27151.260406974976,28995.217080634895,,,,,,,,
optimised_new,100000.0,2006-11-13 00:00:00,53205.770574353985,47004.091799999995,7,100209.86237435398,-27170.289231174975,29002.50544242905,,,,,,,,
optimised_new,100000.0,2006-11-14 00:00:00,54778.22725560426,45606.8686,7,100385.09585560426,-26987.699673274976,29009.065057979315,,,,,,,,
optimised_new,100000.0,2006-11-15 00:00:00,60984.26297557686,40043.147,6,101027.40997557685,-26992.919620474975,29015.818538051924,,,,,,,,
optimised_new,100000.0,2006-11-16 00:00:00,49403.47965814097,51701.0898,8,101104.56945814096,-27189.532238074975,29023.337145816036,,,,,,,,
optimised_new,100000.0,2006-11-19 00:00:00,54726.62224711453,46395.5083,7,101122.13054711453,-27104.422583574975,29041.609665689597,,,,,,,,
optimised_new,100000.0,2006-11-21 00:00:00,63221.2365307371,38784.0412,5,102005.2777307371,-27104.422583574975,29055.103901312174,,,,,,,,
optimised_new,100000.0,2006-11-23 00:00:00,71211.31235928577,30890.641799999998,4,102101.95415928577,-27104.422583574975,29070.692699360847,,,,,,,,
optimised_new,100000.0,2006-11-26 00:00:00,88453.95804908442,13456.277999999998,2,101910.23604908443,-27104.422583574975,29097.031129959487,,,,,,,,
optimised_new,100000.0,2006-11-27 00:00:00,95221.82280838361,6501.562199999999,1,101723.38500838362,-27104.422583574975,29107.93641245869,,,,,,,,
optimised_new,100000.0,2006-11-28 00:00:00,85713.15699056821,15923.4562,2,101636.61319056821,-26331.985224174976,29119.676089243287,,,,,,,,
optimised_new,100000.0,2006-12-03 00:00:00,77181.55740756514,24371.2316,3,101552.78900756514,-26747.950132974976,29172.51296684021,,,,,,,,
optimised_new,100000.0,2006-12-04 00:00:00,85359.54449384005,16190.290100000002,2,101549.83459384005,-26747.950132974976,29182.028501315115,,,,,,,,
optimised_new,100000.0,2006-12-10 00:00:00,95715.53002458892,6728.5539,1,102444.08392458892,-26747.950132974976,29245.17117806398,,,,,,,,
optimised_new,100000.0,2006-12-13 00:00:00,86173.92101578158,16333.3457,2,102507.26671578159,-26549.410112174974,29280.572812456638,,,,,,,,
optimised_new,100000.0,2006-12-17 00:00:00,102773.65942845374,0.0,0,102773.65942845374,-26549.410112174974,29323.069540628803,,,,,,,,
optimised_new,100000.0,2006-12-19 00:00:00,92520.20285302044,10006.128,1,102526.33085302044,-26500.484734574973,29351.226707595502,,,,,,,,
optimised_new,100000.0,2007-01-02 00:00:00,83402.72715774484,19304.136,2,102706.86315774484,-26896.988988174973,29510.919112519892,,,,,,,,
optimised_new,100000.0,2007-01-03 00:00:00,92293.67353235059,10240.56,1,102534.23353235058,-26896.988988174973,29521.20164052564,,,,,,,,
optimised_new,100000.0,2007-01-05 00:00:00,102646.96999650924,0.0,0,102646.96999650924,-26896.988988174973,29543.9589846843,,,,,,,,
optimised_new,100000.0,2007-01-07 00:00:00,92414.57298484253,10752.165,1,103166.73798484253,-26305.308520374976,29572.08144221759,,,,,,,,
optimised_new,100000.0,2007-01-08 00:00:00,83175.0268643338,19910.706,2,103085.73286433381,-26544.462225174975,29583.475019708872,,,,,,,,
optimised_new,100000.0,2007-01-09 00:00:00,82968.48194690065,19947.285000000003,2,102915.76694690065,-26439.507574074974,29593.729475075706,,,,,,,,
optimised_new,100000.0,2007-01-10 00:00:00,92845.7523017256,10407.962,1,103253.7143017256,-26891.485961074977,29603.958466000666,,,,,,,,
optimised_new,100000.0,2007-01-11 00:00:00,83563.36368751075,19479.6496,2,103043.01328751075,-26500.00232587498,29615.40520258581,,,,,,,,
optimised_new,100000.0,2007-01-16 00:00:00,93300.19433605784,10292.242,1,103592.43633605784,-26500.00232587498,29666.916865132906,,,,,,,,
optimised_new,100000.0,2007-01-17 00:00:00,83971.8778109431,19681.305999999997,2,103653.1838109431,-26600.250634474975,29678.419628818174,,,,,,,,
optimised_new,100000.0,2007-01-18 00:00:00,93221.80148840747,10006.624000000002,1,103228.42548840746,-26600.250634474975,29688.772326082537,,,,,,,,
optimised_new,100000.0,2007-01-21 00:00:00,83921.33236204839,19352.2868,2,103273.61916204839,-26855.710834074976,29723.251622523454,,,,,,,,
optimised_new,100000.0,2007-01-22 00:00:00,102877.88725408204,0.0,0,102877.88725408204,-26855.710834074976,29733.59808815713,,,,,,,,
optimised_new,100000.0,2007-01-23 00:00:00,92593.56228564972,10372.401,1,102965.96328564972,-26525.796235174977,29747.690949424814,,,,,,,,
optimised_new,100000.0,2007-01-25 00:00:00,103244.72600358042,0.0,0,103244.72600358042,-26525.796235174977,29770.522238755522,,,,,,,,
optimised_new,100000.0,2007-01-28 00:00:00,92949.21212743394,10067.7572,1,103016.96932743394,-26229.846488274976,29812.95157820905,,,,,,,,
optimised_new,100000.0,2007-01-30 00:00:00,103606.02407374619,0.0,0,103606.02407374619,-26229.846488274976,29835.870562021293,,,,,,,,
optimised_new,100000.0,2007-02-01 00:00:00,103634.40928582118,0.0,0,103634.40928582118,-26229.846488274976,29864.25577409629,,,,,,,,
optimised_new,100000.0,2007-02-04 00:00:00,103676.99876908933,0.0,0,103676.99876908933,-26229.846488274976,29906.845257364435,,,,,,,,
optimised_new,100000.0,2007-02-06 00:00:00,103705.40342628634,0.0,0,103705.40342628634,-26229.846488274976,29935.249914561446,,,,,,,,
optimised_new,100000.0,2007-02-07 00:00:00,93342.74815093378,9982.505,1,103325.25315093379,-26614.635058274976,29949.456134208882,,,,,,,,
optimised_new,100000.0,2007-02-08 00:00:00,103346.32908597979,0.0,0,103346.32908597979,-26614.635058274976,29960.96414425489,,,,,,,,
optimised_new,100000.0,2007-02-13 00:00:00,93072.703165888,9651.1451,1,102723.848265888,-26746.550653474977,30031.749301163094,,,,,,,,
optimised_new,100000.0,2007-02-14 00:00:00,95169.61692701667,7908.925,1,103078.54192701667,-26319.35740347498,30043.224017991764,,,,,,,,
optimised_new,100000.0,2007-02-15 00:00:00,103735.59985495973,0.0,0,103735.59985495973,-26319.35740347498,30054.95725843482,,,,,,,,
optimised_new,100000.0,2007-02-20 00:00:00,84500.2513224823,19287.1132,1,103787.3645224823,-26451.42084707498,30126.009039157398,,,,,,,,
optimised_new,100000.0,2007-02-21 00:00:00,103685.00603128644,0.0,0,103685.00603128644,-26451.42084707498,30136.42687836154,,,,,,,,
optimised_new,100000.0,2007-03-13 00:00:00,93570.1914463612,10082.8442,1,103653.03564636121,-26408.877020474978,30420.4953880363,,,,,,,,
optimised_new,100000.0,2007-03-14 00:00:00,104023.15441856143,0.0,0,104023.15441856143,-26408.877020474978,30432.031439036535,,,,,,,,
optimised_new,100000.0,2007-03-18 00:00:00,79503.77077648393,24048.300750000002,2,103552.07152648392,-26014.834971374978,30489.030427759033,,,,,,,,
optimised_new,100000.0,2007-03-19 00:00:00,89846.5018387372,14394.372,1,104240.8738387372,-26014.834971374978,30498.832262512296,,,,,,,,
optimised_new,100000.0,2007-03-20 00:00:00,94041.94567121731,10305.1572,1,104347.10287121731,-26148.428022674976,30509.909228492415,,,,,,,,
optimised_new,100000.0,2007-03-21 00:00:00,104373.07541829733,0.0,0,104373.07541829733,-26148.428022674976,30521.50344097243,,,,,,,,
optimised_new,100000.0,2007-04-01 00:00:00,94070.02504050298,10223.965,1,104293.99004050298,-26267.93656517498,30678.777938178082,,,,,,,,
optimised_new,100000.0,2007-04-02 00:00:00,104422.43904732305,0.0,0,104422.43904732305,-26267.93656517498,30690.375612498145,,,,,,,,
optimised_new,100000.0,2007-04-03 00:00:00,89717.37582802816,14704.662999999999,1,104422.03882802816,-26224.987222274976,30704.68005620326,,,,,,,,
optimised_new,100000.0,2007-04-08 00:00:00,104534.99806560297,0.0,0,104534.99806560297,-26224.987222274976,30759.98528787807,,,,,,,,
optimised_new,100000.0,2007-04-09 00:00:00,94093.47252835167,10253.376000000002,1,104346.84852835168,-26338.42058707498,30774.305150626784,,,,,,,,
optimised_new,100000.0,2007-04-11 00:00:00,83028.90776936414,21231.858,2,104260.76576936414,-26021.88269577498,30797.506280839254,,,,,,,,
optimised_new,100000.0,2007-04-12 00:00:00,94443.44799054804,10394.0928,1,104837.54079054804,-26021.88269577498,30807.742721523147,,,,,,,,
optimised_new,100000.0,2007-04-16 00:00:00,104832.43487681188,0.0,0,104832.43487681188,-26021.88269577498,30854.31757258698,,,,,,,,
optimised_new,100000.0,2007-04-17 00:00:00,94357.74881622926,10305.8956,1,104663.64441622926,-26419.23945557498,30868.67818010435,,,,,,,,
optimised_new,100000.0,2007-04-18 00:00:00,104461.0718716436,0.0,0,104461.0718716436,-26419.23945557498,30880.311327218682,,,,,,,,
optimised_new,100000.0,2007-04-22 00:00:00,94058.4237775349,10410.7688,1,104469.19257753491,-26552.20595097498,30937.550270709995,,,,,,,,
optimised_new,100000.0,2007-04-23 00:00:00,104396.94056376227,0.0,0,104396.94056376227,-26552.20595097498,30949.146514737364,,,,,,,,
optimised_new,100000.0,2007-04-25 00:00:00,93976.61637768659,10305.6584,1,104282.27477768659,-26671.376534174982,30977.748416261682,,,,,,,,
optimised_new,100000.0,2007-04-29 00:00:00,93907.22696032078,10700.588699999998,1,104607.81566032078,-25421.292369674982,31024.093048995885,,,,,,,,
optimised_new,100000.0,2007-05-01 00:00:00,105625.95588596852,0.0,0,105625.95588596852,-25421.292369674982,31047.248255643633,,,,,,,,
optimised_new,100000.0,2007-05-04 00:00:00,95101.73474104494,10557.072,1,105658.80674104494,-25638.018206174984,31090.65618272006,,,,,,,,
optimised_new,100000.0,2007-05-06 00:00:00,105476.0877193578,0.0,0,105476.0877193578,-25638.018206174984,31114.10592553292,,,,,,,,
optimised_new,100000.0,2007-05-07 00:00:00,79091.55388849744,26338.136000000002,1,105429.68988849744,-26226.298055474985,31128.55470467256,,,,,,,,
optimised_new,100000.0,2007-05-08 00:00:00,71193.61931619054,34338.2064,2,105531.82571619053,-26468.694703174984,31138.305718165662,,,,,,,,
optimised_new,100000.0,2007-05-09 00:00:00,97013.09937242267,7716.3712000000005,1,104729.47057242267,-26468.694703174984,31147.083013697797,,,,,,,,
optimised_new,100000.0,2007-05-10 00:00:00,78660.64582352339,26024.272,2,104684.91782352338,-26380.24410717498,31159.043532798507,,,,,,,,
optimised_new,100000.0,2007-05-13 00:00:00,86355.02842514716,18617.1024,1,104972.13082514716,-26380.24410717498,31188.137196322277,,,,,,,,
optimised_new,100000.0,2007-05-15 00:00:00,82037.76025265474,21585.576000000005,1,103623.33625265474,-28503.74178117498,31209.430217029847,,,,,,,,
optimised_new,100000.0,2007-05-17 00:00:00,102725.91692468416,0.0,0,102725.91692468416,-28503.74178117498,31229.65870585927,,,,,,,,
optimised_new,100000.0,2007-05-23 00:00:00,102810.3491851702,0.0,0,102810.3491851702,-28503.74178117498,31314.090966345313,,,,,,,,
optimised_new,100000.0,2007-05-28 00:00:00,99647.1176133573,3230.0460000000003,1,102877.1636133573,-28528.84395957498,31384.509013732415,,,,,,,,
optimised_new,100000.0,2007-05-30 00:00:00,102880.23557630854,0.0,0,102880.23557630854,-28528.84395957498,31409.079535883655,,,,,,,,
optimised_new,100000.0,2007-06-06 00:00:00,92675.13719979815,10103.43,1,102778.56719979816,-29178.17510037498,31507.731816573265,,,,,,,,
optimised_new,100000.0,2007-06-07 00:00:00,102340.98241804469,0.0,0,102340.98241804469,-29178.17510037498,31519.157518419815,,,,,,,,
optimised_new,100000.0,2007-06-12 00:00:00,92169.16329734473,10096.634,1,102265.79729734473,-28988.02329437498,31589.254081719846,,,,,,,,
optimised_new,100000.0,2007-06-13 00:00:00,102612.59410884714,0.0,0,102612.59410884714,-28988.02329437498,31600.61740322226,,,,,,,,
optimised_new,100000.0,2007-06-14 00:00:00,92362.10083308809,9947.9025,1,102310.00333308808,-28355.791279374982,31614.673922963197,,,,,,,,
optimised_new,100000.0,2007-06-17 00:00:00,103293.04396855376,0.0,0,103293.04396855376,-28355.791279374982,31648.83524792886,,,,,,,,
optimised_new,100000.0,2007-06-18 00:00:00,92971.99362540424,10324.8752,1,103296.86882540424,-28291.222733374983,31662.984979979345,,,,,,,,
optimised_new,100000.0,2007-06-19 00:00:00,103383.22454718819,0.0,0,103383.22454718819,-28291.222733374983,31674.447280563298,,,,,,,,
optimised_new,100000.0,2007-07-19 00:00:00,93429.65424902047,10186.235999999999,1,103615.89024902048,-28513.479540574983,32099.30984719558,,,,,,,,
optimised_new,100000.0,2007-07-23 00:00:00,103631.9052046063,0.0,0,103631.9052046063,-28513.479540574983,32145.384745181396,,,,,,,,
optimised_new,100000.0,2007-07-30 00:00:00,103731.27826439154,0.0,0,103731.27826439154,-28513.479540574983,32244.757804966634,,,,,,,,
optimised_new,100000.0,2007-07-31 00:00:00,103745.48802853735,0.0,0,103745.48802853735,-28513.479540574983,32258.96756911244,,,,,,,,
optimised_new,100000.0,2007-09-20 00:00:00,104470.28527366823,0.0,0,104470.28527366823,-28513.479540574983,32983.76481424332,,,,,,,,
optimised_new,100000.0,2007-09-23 00:00:00,104513.2182676163,0.0,0,104513.2182676163,-28513.479540574983,33026.6978081914,,,,,,,,
optimised_new,100000.0,2007-09-25 00:00:00,87203.20870404578,17321.322,1,104524.53070404578,-28179.855619774982,33055.33156662088,,,,,,,,
optimised_new,100000.0,2007-09-26 00:00:00,104886.22702737094,0.0,0,104886.22702737094,-28179.855619774982,33066.08264714604,,,,,,,,
optimised_new,100000.0,2007-09-27 00:00:00,78649.65669007605,26218.118400000003,1,104867.77509007606,-28303.68159897498,33080.45062345116,,,,,,,,
optimised_new,100000.0,2007-09-30 00:00:00,104805.8586235258,0.0,0,104805.8586235258,-28303.68159897498,33109.54022250091,,,,,,,,
optimised_new,100000.0,2007-10-08 00:00:00,78665.34241620362,25747.128,1,104412.47041620362,-27952.880947174985,33224.39595797875,,,,,,,,
optimised_new,100000.0,2007-10-09 00:00:00,105281.21347767685,0.0,0,105281.21347767685,-27952.880947174985,33234.09442485198,,,,,,,,
optimised_new,100000.0,2007-10-25 00:00:00,105511.96682228545,0.0,0,105511.96682228545,-27952.880947174985,33464.84776946059,,,,,,,,
optimised_new,100000.0,2007-10-28 00:00:00,105555.32790454119,0.0,0,105555.32790454119,-27952.880947174985,33508.20885171632,,,,,,,,
optimised_new,100000.0,2007-12-05 00:00:00,106104.79399500319,0.0,0,106104.79399500319,-27952.880947174985,34057.67494217832,,,,,,,,
optimised_new,100000.0,2007-12-09 00:00:00,106162.93360815113,0.0,0,106162.93360815113,-27952.880947174985,34115.814555326266,,,,,,,,
optimised_new,100000.0,2007-12-10 00:00:00,106177.47647576868,0.0,0,106177.47647576868,-27952.880947174985,34130.35742294382,,,,,,,,
optimised_new,100000.0,2007-12-12 00:00:00,106206.56619535109,0.0,0,106206.56619535109,-27952.880947174985,34159.44714252622,,,,,,,,
optimised_new,100000.0,2009-04-14 00:00:00,113320.95124597118,0.0,0,113320.95124597118,-27952.880947174985,41273.832193146314,,,,,,,,
optimised_new,100000.0,2009-04-15 00:00:00,113336.47466395008,0.0,0,113336.47466395008,-27952.880947174985,41289.35561112521,,,,,,,,
optimised_new,100000.0,2009-04-20 00:00:00,113414.10238632264,0.0,0,113414.10238632264,-27952.880947174985,41366.98333349778,,,,,,,,
optimised_new,100000.0,2009-04-21 00:00:00,113429.63856473172,0.0,0,113429.63856473172,-27952.880947174985,41382.51951190687,,,,,,,,
optimised_new,100000.0,2009-06-08 00:00:00,114175.47728406146,0.0,0,114175.47728406146,-27952.880947174985,42128.35823123661,,,,,,,,
optimised_new,100000.0,2009-06-09 00:00:00,114191.11776040174,0.0,0,114191.11776040174,-27952.880947174985,42143.998707576895,,,,,,,,
optimised_new,100000.0,2009-06-10 00:00:00,114206.76037927304,0.0,0,114206.76037927304,-27952.880947174985,42159.64132644818,,,,,,,,
optimised_new,100000.0,2009-06-14 00:00:00,114269.3394260562,0.0,0,114269.3394260562,-27952.880947174985,42222.22037323134,,,,,,,,
optimised_new,100000.0,2009-06-24 00:00:00,114425.87276773574,0.0,0,114425.87276773574,-27952.880947174985,42378.75371491087,,,,,,,,
optimised_new,100000.0,2009-06-25 00:00:00,114441.5475448272,0.0,0,114441.5475448272,-27952.880947174985,42394.42849200234,,,,,,,,
optimised_new,100000.0,2009-06-28 00:00:00,114488.57831779083,0.0,0,114488.57831779083,-27952.880947174985,42441.45926496597,,,,,,,,
optimised_new,100000.0,2009-06-29 00:00:00,114504.26168468368,0.0,0,114504.26168468368,-27952.880947174985,42457.14263185881,,,,,,,,
optimised_new,100000.0,2009-06-30 00:00:00,114519.94719998294,0.0,0,114519.94719998294,-27952.880947174985,42472.828147158085,,,,,,,,
optimised_new,100000.0,2009-07-01 00:00:00,114535.63486398294,0.0,0,114535.63486398294,-27952.880947174985,42488.51581115808,,,,,,,,
optimised_new,100000.0,2009-07-05 00:00:00,114598.39411596321,0.0,0,114598.39411596321,-27952.880947174985,42551.275063138346,,,,,,,,
optimised_new,100000.0,2009-07-06 00:00:00,114614.09252611607,0.0,0,114614.09252611607,-27952.880947174985,42566.97347329122,,,,,,,,
optimised_new,100000.0,2009-07-07 00:00:00,114629.79308673608,0.0,0,114629.79308673608,-27952.880947174985,42582.67403391124,,,,,,,,
optimised_new,100000.0,2009-07-08 00:00:00,114645.49579811783,0.0,0,114645.49579811783,-27952.880947174985,42598.37674529298,,,,,,,,
optimised_new,100000.0,2009-07-09 00:00:00,114661.20066055593,0.0,0,114661.20066055593,-27952.880947174985,42614.08160773108,,,,,,,,
optimised_new,100000.0,2009-07-14 00:00:00,114739.73572950151,0.0,0,114739.73572950151,-27952.880947174985,42692.61667667667,,,,,,,,
optimised_new,100000.0,2009-07-15 00:00:00,114755.45350151925,0.0,0,114755.45350151925,-27952.880947174985,42708.33444869441,,,,,,,,
optimised_new,100000.0,2009-07-16 00:00:00,114771.17342665645,0.0,0,114771.17342665645,-27952.880947174985,42724.054373831605,,,,,,,,
optimised_new,100000.0,2009-07-20 00:00:00,114834.06174086283,0.0,0,114834.06174086283,-27952.880947174985,42786.94268803799,,,,,,,,
optimised_new,100000.0,2009-07-21 00:00:00,114849.79243425198,0.0,0,114849.79243425198,-27952.880947174985,42802.67338142715,,,,,,,,
optimised_new,100000.0,2009-07-22 00:00:00,114865.52528253065,0.0,0,114865.52528253065,-27952.880947174985,42818.40622970581,,,,,,,,
optimised_new,100000.0,2009-07-23 00:00:00,114881.26028599401,0.0,0,114881.26028599401,-27952.880947174985,42834.141233169175,,,,,,,,
optimised_new,100000.0,2009-07-26 00:00:00,114928.47176282387,0.0,0,114928.47176282387,-27952.880947174985,42881.35270999904,,,,,,,,
optimised_new,100000.0,2009-07-27 00:00:00,114944.21538909276,0.0,0,114944.21538909276,-27952.880947174985,42897.09633626792,,,,,,,,
optimised_new,100000.0,2009-07-28 00:00:00,114959.96117202277,0.0,0,114959.96117202277,-27952.880947174985,42912.84211919793,,,,,,,,
optimised_new,100000.0,2009-07-30 00:00:00,114991.45705179592,0.0,0,114991.45705179592,-27952.880947174985,42944.33799897109,,,,,,,,
optimised_new,100000.0,2009-08-02 00:00:00,115038.7138149679,0.0,0,115038.7138149679,-27952.880947174985,42991.59476214306,,,,,,,,
optimised_new,100000.0,2009-08-04 00:00:00,115070.2312708076,0.0,0,115070.2312708076,-27952.880947174985,43023.11221798278,,,,,,,,
optimised_new,100000.0,2009-08-06 00:00:00,115101.75736156674,0.0,0,115101.75736156674,-27952.880947174985,43054.6383087419,,,,,,,,
optimised_new,100000.0,2009-08-09 00:00:00,115149.05945363313,0.0,0,115149.05945363313,-27952.880947174985,43101.9404008083,,,,,,,,
optimised_new,100000.0,2009-08-10 00:00:00,115164.83329739391,0.0,0,115164.83329739391,-27952.880947174985,43117.71424456907,,,,,,,,
optimised_new,100000.0,2009-08-17 00:00:00,115275.26532932292,0.0,0,115275.26532932292,-27952.880947174985,43228.146276498075,,,,,,,,
optimised_new,100000.0,2009-08-26 00:00:00,115417.38551945497,0.0,0,115417.38551945497,-27952.880947174985,43370.26646663012,,,,,,,,
optimised_new,100000.0,2009-08-30 00:00:00,115480.62792247933,0.0,0,115480.62792247933,-27952.880947174985,43433.50886965448,,,,,,,,
optimised_new,100000.0,2009-09-02 00:00:00,115528.08571477623,0.0,0,115528.08571477623,-27952.880947174985,43480.96666195139,,,,,,,,
optimised_new,100000.0,2009-09-07 00:00:00,115607.21454060827,0.0,0,115607.21454060827,-27952.880947174985,43560.09548778343,,,,,,,,
optimised_new,100000.0,2009-09-09 00:00:00,115638.88775007144,0.0,0,115638.88775007144,-27952.880947174985,43591.76869724661,,,,,,,,
optimised_new,100000.0,2009-09-10 00:00:00,115654.72869359885,0.0,0,115654.72869359885,-27952.880947174985,43607.60964077402,,,,,,,,
optimised_new,100000.0,2009-09-11 00:00:00,115670.57180711853,0.0,0,115670.57180711853,-27952.880947174985,43623.45275429369,,,,,,,,
optimised_new,100000.0,2009-09-13 00:00:00,115702.2623747369,0.0,0,115702.2623747369,-27952.880947174985,43655.14332191208,,,,,,,,
optimised_new,100000.0,2009-09-24 00:00:00,115876.60824954815,0.0,0,115876.60824954815,-27952.880947174985,43829.48919672333,,,,,,,,
optimised_new,100000.0,2009-10-04 00:00:00,116035.34332934205,0.0,0,116035.34332934205,-27952.880947174985,43988.22427651723,,,,,,,,
optimised_new,100000.0,2009-10-06 00:00:00,116067.13383436379,0.0,0,116067.13383436379,-27952.880947174985,44020.014781538965,,,,,,,,
optimised_new,100000.0,2009-10-13 00:00:00,116178.43108598578,0.0,0,116178.43108598578,-27952.880947174985,44131.31203316096,,,,,,,,
optimised_new,100000.0,2009-10-19 00:00:00,116273.92020742632,0.0,0,116273.92020742632,-27952.880947174985,44226.8011546015,,,,,,,,
optimised_new,100000.0,2009-10-20 00:00:00,116289.84814170131,0.0,0,116289.84814170131,-27952.880947174985,44242.729088876484,,,,,,,,
optimised_new,100000.0,2009-11-01 00:00:00,116481.00953590685,0.0,0,116481.00953590685,-27952.880947174985,44433.89048308202,,,,,,,,
optimised_new,100000.0,2009-11-03 00:00:00,116512.92214125916,0.0,0,116512.92214125916,-27952.880947174985,44465.803088434324,,,,,,,,
optimised_new,100000.0,2009-11-10 00:00:00,116624.64686112064,0.0,0,116624.64686112064,-27952.880947174985,44577.5278082958,,,,,,,,
optimised_new,100000.0,2009-11-11 00:00:00,116640.6228401427,0.0,0,116640.6228401427,-27952.880947174985,44593.50378731787,,,,,,,,
optimised_new,100000.0,2009-11-19 00:00:00,116768.4481802415,0.0,0,116768.4481802415,-27952.880947174985,44721.32912741666,,,,,,,,
optimised_new,100000.0,2009-11-29 00:00:00,116928.4049585706,0.0,0,116928.4049585706,-27952.880947174985,44881.28590574576,,,,,,,,
optimised_new,100000.0,2009-12-02 00:00:00,116976.45772773166,0.0,0,116976.45772773166,-27952.880947174985,44929.338674906816,,,,,,,,
optimised_new,100000.0,2009-12-07 00:00:00,117056.57858918901,0.0,0,117056.57858918901,-27952.880947174985,45009.459536364164,,,,,,,,
optimised_new,100000.0,2010-06-25 00:00:00,120263.60813957776,0.0,0,120263.60813957776,-27952.880947174985,48216.4890867529,,,,,,,,
optimised_new,100000.0,2010-06-28 00:00:00,120313.03154018306,0.0,0,120313.03154018306,-27952.880947174985,48265.91248735821,,,,,,,,
optimised_new,100000.0,2010-07-15 00:00:00,120593.21257253691,0.0,0,120593.21257253691,-27952.880947174985,48546.09351971206,,,,,,,,
optimised_new,100000.0,2010-07-16 00:00:00,120609.73219069753,0.0,0,120609.73219069753,-27952.880947174985,48562.613137872686,,,,,,,,
optimised_new,100000.0,2010-07-29 00:00:00,120824.5166452837,0.0,0,120824.5166452837,-27952.880947174985,48777.39759245886,,,,,,,,
optimised_new,100000.0,2010-08-02 00:00:00,120890.72185988385,0.0,0,120890.72185988385,-27952.880947174985,48843.60280705902,,,,,,,,
optimised_new,100000.0,2010-09-09 00:00:00,121520.01602846954,0.0,0,121520.01602846954,-27952.880947174985,49472.89697564472,,,,,,,,
optimised_new,100000.0,2010-09-10 00:00:00,121536.6626060077,0.0,0,121536.6626060077,-27952.880947174985,49489.54355318286,,,,,,,,
optimised_new,100000.0,2010-09-12 00:00:00,121569.96032179016,0.0,0,121569.96032179016,-27952.880947174985,49522.84126896533,,,,,,,,
optimised_new,100000.0,2010-09-13 00:00:00,121586.61374101232,0.0,0,121586.61374101232,-27952.880947174985,49539.49468818749,,,,,,,,
optimised_new,100000.0,2010-09-20 00:00:00,121703.20364459959,0.0,0,121703.20364459959,-27952.880947174985,49656.084591774765,,,,,,,,
optimised_new,100000.0,2010-09-30 00:00:00,121869.92036192096,0.0,0,121869.92036192096,-27952.880947174985,49822.80130909613,,,,,,,,
optimised_new,100000.0,2010-10-04 00:00:00,121936.69840047543,0.0,0,121936.69840047543,-27952.880947174985,49889.57934765061,,,,,,,,
optimised_new,100000.0,2010-11-05 00:00:00,110219.37363235971,12239.602200000001,1,122458.97583235972,-27803.29529067498,50424.09638173488,,,,,,,,
optimised_new,100000.0,2010-11-08 00:00:00,122666.0967240593,0.0,0,122666.0967240593,-27803.29529067498,50469.39201473448,,,,,,,,
optimised_new,100000.0,2010-11-10 00:00:00,110425.3585906467,12085.8816,1,122511.2401906467,-27565.681857074986,50502.9991645219,,,,,,,,
optimised_new,100000.0,2010-11-11 00:00:00,110653.13975159747,12403.793699999998,1,123056.93345159746,-26729.033376274983,50518.12592597267,,,,,,,,
optimised_new,100000.0,2010-11-14 00:00:00,123834.56644274607,0.0,0,123834.56644274607,-26729.033376274983,50563.59981902127,,,,,,,,
optimised_new,100000.0,2010-11-15 00:00:00,123851.5300819848,0.0,0,123851.5300819848,-26729.033376274983,50580.56345826,,,,,,,,
optimised_new,100000.0,2010-11-16 00:00:00,123868.49604500973,0.0,0,123868.49604500973,-26729.033376274983,50597.52942128493,,,,,,,,
optimised_new,100000.0,2010-11-18 00:00:00,111507.10837796863,12268.139,1,123775.24737796863,-26392.514505274983,50631.46599554384,,,,,,,,
optimised_new,100000.0,2010-11-21 00:00:00,124284.77632932807,0.0,0,124284.77632932807,-26392.514505274983,50677.29083460328,,,,,,,,
optimised_new,100000.0,2010-11-22 00:00:00,111861.10477255401,12625.271999999999,1,124486.37677255401,-25961.872596874982,50694.31614642921,,,,,,,,
optimised_new,100000.0,2010-11-23 00:00:00,124747.76698856395,0.0,0,124747.76698856395,-25961.872596874982,50709.63958543915,,,,,,,,
optimised_new,100000.0,2010-11-28 00:00:00,124833.21066458352,0.0,0,124833.21066458352,-25961.872596874982,50795.08326145872,,,,,,,,
optimised_new,100000.0,2010-11-29 00:00:00,124850.31110440058,0.0,0,124850.31110440058,-25961.872596874982,50812.18370127579,,,,,,,,
optimised_new,100000.0,2010-11-30 00:00:00,124867.41388674364,0.0,0,124867.41388674364,-25961.872596874982,50829.28648361886,,,,,,,,
optimised_new,100000.0,2010-12-02 00:00:00,124901.62413712357,0.0,0,124901.62413712357,-25961.872596874982,50863.49673399879,,,,,,,,
optimised_new,100000.0,2010-12-14 00:00:00,112585.63307543116,12508.8,1,125094.43307543117,-25986.89019687498,51068.814472306396,,,,,,,,
optimised_new,100000.0,2010-12-15 00:00:00,112583.20392349354,12529.648000000001,1,125112.85192349354,-26331.305747674982,51084.23716176878,,,,,,,,
optimised_new,100000.0,2010-12-16 00:00:00,112282.78387399539,12543.060000000001,1,124825.84387399539,-25838.27603567498,51099.65951847063,,,,,,,,
optimised_new,100000.0,2010-12-19 00:00:00,125307.52709260662,0.0,0,125307.52709260662,-25838.27603567498,51145.80312828186,,,,,,,,
optimised_new,100000.0,2010-12-20 00:00:00,112790.19092767683,12335.934,1,125126.12492767682,-26396.279202174977,51162.96854295208,,,,,,,,
optimised_new,100000.0,2010-12-21 00:00:00,124782.1400518628,0.0,0,124782.1400518628,-26396.279202174977,51178.41925403807,,,,,,,,
optimised_new,100000.0,2010-12-22 00:00:00,112310.72796620552,12325.907,1,124636.63496620551,-27581.621309574977,51195.51269788079,,,,,,,,
optimised_new,100000.0,2010-12-26 00:00:00,123675.43151321851,0.0,0,123675.43151321851,-27581.621309574977,51257.052822793776,,,,,,,,
optimised_new,100000.0,2011-01-04 00:00:00,123827.90807261837,0.0,0,123827.90807261837,-27581.621309574977,51409.529382193636,,,,,,,,
optimised_new,100000.0,2011-01-05 00:00:00,123844.8707997516,0.0,0,123844.8707997516,-27581.621309574977,51426.49210932687,,,,,,,,
optimised_new,100000.0,2011-01-09 00:00:00,123912.73100292955,0.0,0,123912.73100292955,-27581.621309574977,51494.352312504816,,,,,,,,
optimised_new,100000.0,2011-01-10 00:00:00,120973.72672404228,2928.926,1,123902.65272404229,-27620.15949597498,51511.32665921755,,,,,,,,
optimised_new,100000.0,2011-01-11 00:00:00,123907.73890662914,0.0,0,123907.73890662914,-27620.15949597498,51527.898402604405,,,,,,,,
optimised_new,100000.0,2011-01-26 00:00:00,122877.21227608797,1252.58,1,124129.79227608797,-27705.105634224976,51782.50334556323,,,,,,,,
optimised_new,100000.0,2011-01-27 00:00:00,124094.23020617031,0.0,0,124094.23020617031,-27705.105634224976,51799.33584039557,,,,,,,,
optimised_new,100000.0,2011-04-06 00:00:00,125267.17566976287,0.0,0,125267.17566976287,-27705.105634224976,52972.281303988144,,,,,,,,
optimised_new,100000.0,2011-04-07 00:00:00,125284.33555684092,0.0,0,125284.33555684092,-27705.105634224976,52989.441191066195,,,,,,,,
optimised_new,100000.0,2011-04-12 00:00:00,125370.14674557847,0.0,0,125370.14674557847,-27705.105634224976,53075.25237980376,,,,,,,,
optimised_new,100000.0,2011-04-13 00:00:00,125387.32073828335,0.0,0,125387.32073828335,-27705.105634224976,53092.426372508635,,,,,,,,
optimised_new,100000.0,2011-04-14 00:00:00,125404.49708358996,0.0,0,125404.49708358996,-27705.105634224976,53109.60271781525,,,,,,,,
optimised_new,100000.0,2011-04-15 00:00:00,125421.67578182058,0.0,0,125421.67578182058,-27705.105634224976,53126.78141604588,,,,,,,,
optimised_new,100000.0,2011-04-17 00:00:00,125456.0378847745,0.0,0,125456.0378847745,-27705.105634224976,53161.1435189998,,,,,,,,
optimised_new,100000.0,2011-04-18 00:00:00,125473.22364338886,0.0,0,125473.22364338886,-27705.105634224976,53178.32927761415,,,,,,,,
optimised_new,100000.0,2011-04-20 00:00:00,125507.59986904458,0.0,0,125507.59986904458,-27705.105634224976,53212.70550326988,,,,,,,,
optimised_new,100000.0,2011-04-24 00:00:00,125576.37115664406,0.0,0,125576.37115664406,-27705.105634224976,53281.476790869354,,,,,,,,
optimised_new,100000.0,2011-04-25 00:00:00,125593.57339926827,0.0,0,125593.57339926827,-27705.105634224976,53298.67903349355,,,,,,,,
optimised_new,100000.0,2011-04-26 00:00:00,125610.77799836405,0.0,0,125610.77799836405,-27705.105634224976,53315.88363258934,,,,,,,,
optimised_new,100000.0,2011-04-27 00:00:00,125627.98495425424,0.0,0,125627.98495425424,-27705.105634224976,53333.09058847953,,,,,,,,
optimised_new,100000.0,2011-04-28 00:00:00,125645.19426726167,0.0,0,125645.19426726167,-27705.105634224976,53350.299901486964,,,,,,,,
optimised_new,100000.0,2011-04-29 00:00:00,125662.40593770923,0.0,0,125662.40593770923,-27705.105634224976,53367.511571934534,,,,,,,,
optimised_new,100000.0,2011-05-02 00:00:00,125714.04802234117,0.0,0,125714.04802234117,-27705.105634224976,53419.15365656647,,,,,,,,
optimised_new,100000.0,2011-06-12 00:00:00,126420.11322356254,0.0,0,126420.11322356254,-27705.105634224976,54125.21885778784,,,,,,,,
optimised_new,100000.0,2011-06-13 00:00:00,126437.4310472918,0.0,0,126437.4310472918,-27705.105634224976,54142.53668151709,,,,,,,,
optimised_new,100000.0,2011-06-21 00:00:00,126575.9926155628,0.0,0,126575.9926155628,-27705.105634224976,54281.0982497881,,,,,,,,
optimised_new,100000.0,2011-06-22 00:00:00,126593.33179263343,0.0,0,126593.33179263343,-27705.105634224976,54298.43742685872,,,,,,,,
optimised_new,100000.0,2011-06-23 00:00:00,126610.67334493379,0.0,0,126610.67334493379,-27705.105634224976,54315.778979159084,,,,,,,,
optimised_new,100000.0,2011-06-29 00:00:00,126714.73691206661,0.0,0,126714.73691206661,-27705.105634224976,54419.842546291904,,,,,,,,
optimised_new,100000.0,2011-06-30 00:00:00,126732.09509520525,0.0,0,126732.09509520525,-27705.105634224976,54437.200729430544,,,,,,,,
optimised_new,100000.0,2011-07-12 00:00:00,126940.42182686861,0.0,0,126940.42182686861,-27705.105634224976,54645.527461093894,,,,,,,,
optimised_new,100000.0,2011-07-13 00:00:00,126957.810925749,0.0,0,126957.810925749,-27705.105634224976,54662.916559974285,,,,,,,,
optimised_new,100000.0,2011-07-14 00:00:00,126975.20240669773,0.0,0,126975.20240669773,-27705.105634224976,54680.30804092302,,,,,,,,
optimised_new,100000.0,2011-07-17 00:00:00,127027.38399672788,0.0,0,127027.38399672788,-27705.105634224976,54732.48963095317,,,,,,,,
optimised_new,100000.0,2011-11-15 00:00:00,129132.90638900241,0.0,0,129132.90638900241,-27705.105634224976,56838.0120232277,,,,,,,,
optimised_new,100000.0,2011-11-22 00:00:00,129256.732463622,0.0,0,129256.732463622,-27705.105634224976,56961.838097847285,,,,,,,,
optimised_new,100000.0,2011-11-30 00:00:00,129398.38367728077,0.0,0,129398.38367728077,-27705.105634224976,57103.48931150605,,,,,,,,
optimised_new,100000.0,2011-12-01 00:00:00,129416.10948326396,0.0,0,129416.10948326396,-27705.105634224976,57121.215117489235,,,,,,,,
optimised_new,100000.0,2011-12-05 00:00:00,129487.02241996712,0.0,0,129487.02241996712,-27705.105634224976,57192.12805419239,,,,,,,,
optimised_new,100000.0,2011-12-06 00:00:00,129504.76036824383,0.0,0,129504.76036824383,-27705.105634224976,57209.8660024691,,,,,,,,
optimised_new,100000.0,2011-12-08 00:00:00,129540.2411245091,0.0,0,129540.2411245091,-27705.105634224976,57245.34675873437,,,,,,,,
optimised_new,100000.0,2011-12-11 00:00:00,129593.47684003973,0.0,0,129593.47684003973,-27705.105634224976,57298.58247426499,,,,,,,,
optimised_new,100000.0,2012-01-03 00:00:00,130001.78505474122,0.0,0,130001.78505474122,-27705.105634224976,57706.89068896649,,,,,,,,
optimised_new,100000.0,2012-01-04 00:00:00,130019.59351844735,0.0,0,130019.59351844735,-27705.105634224976,57724.69915267261,,,,,,,,
optimised_new,100000.0,2012-01-10 00:00:00,130126.45893777758,0.0,0,130126.45893777758,-27705.105634224976,57831.56457200284,,,,,,,,
optimised_new,100000.0,2012-01-11 00:00:00,130144.28448009783,0.0,0,130144.28448009783,-27705.105634224976,57849.39011432308,,,,,,,,
optimised_new,100000.0,2012-01-12 00:00:00,130162.11246427319,0.0,0,130162.11246427319,-27705.105634224976,57867.21809849844,,,,,,,,
optimised_new,100000.0,2012-01-13 00:00:00,130179.94289063815,0.0,0,130179.94289063815,-27705.105634224976,57885.04852486341,,,,,,,,
optimised_new,100000.0,2012-01-16 00:00:00,130233.44149730554,0.0,0,130233.44149730554,-27705.105634224976,57938.547131530795,,,,,,,,
optimised_new,100000.0,2012-01-17 00:00:00,130251.28169477092,0.0,0,130251.28169477092,-27705.105634224976,57956.38732899618,,,,,,,,
optimised_new,100000.0,2012-01-18 00:00:00,130269.12433609898,0.0,0,130269.12433609898,-27705.105634224976,57974.22997032423,,,,,,,,
optimised_new,100000.0,2012-01-19 00:00:00,117257.89656482446,12830.517600000001,1,130088.41416482447,-27166.150101024978,57992.075055849724,,,,,,,,
optimised_new,100000.0,2012-01-22 00:00:00,130874.11313149495,0.0,0,130874.11313149495,-27166.150101024978,58040.2632325202,,,,,,,,
optimised_new,100000.0,2012-01-23 00:00:00,117798.33256429789,13080.6279,1,130878.96046429788,-26066.39450072498,58058.191193223145,,,,,,,,
optimised_new,100000.0,2012-01-24 00:00:00,132007.9334503834,0.0,0,132007.9334503834,-26066.39450072498,58074.327951108666,,,,,,,,
optimised_new,100000.0,2012-01-25 00:00:00,118823.96746853823,13100.6016,1,131924.56906853823,-25735.35479672498,58092.411229663514,,,,,,,,
optimised_new,100000.0,2012-01-26 00:00:00,132373.33368875584,0.0,0,132373.33368875584,-25735.35479672498,58108.68848548112,,,,,,,,
optimised_new,100000.0,2012-01-31 00:00:00,119211.34333806596,13239.417599999999,1,132450.76093806594,-24211.68453272498,58199.355152391225,,,,,,,,
optimised_new,100000.0,2012-02-01 00:00:00,120592.95979717116,12884.2448,1,133477.20459717116,-23742.578617324983,58215.68547339644,,,,,,,,
optimised_new,100000.0,2012-02-02 00:00:00,134489.62643960502,0.0,0,134489.62643960502,-23742.578617324983,58232.2050569303,,,,,,,,
optimised_new,100000.0,2012-02-05 00:00:00,121090.50720110076,12856.533999999998,1,133947.04120110074,-24610.43070132498,58287.47476642603,,,,,,,,
optimised_new,100000.0,2012-02-06 00:00:00,133693.63180581323,0.0,0,133693.63180581323,-24610.43070132498,58304.06250713851,,,,,,,,
optimised_new,100000.0,2012-02-07 00:00:00,120336.429847951,13228.5595,1,133564.989347951,-23916.499885824986,58322.37670327629,,,,,,,,
optimised_new,100000.0,2012-02-08 00:00:00,134422.36125989593,0.0,0,134422.36125989593,-23916.499885824986,58338.86114572122,,,,,,,,
optimised_new,100000.0,2012-02-12 00:00:00,134496.0173482575,0.0,0,134496.0173482575,-23916.499885824986,58412.51723408281,,,,,,,,
optimised_new,100000.0,2012-02-13 00:00:00,121065.59965382302,12926.2494,1,133991.84905382304,-24821.361029424985,58430.94134604832,,,,,,,,
optimised_new,100000.0,2012-02-14 00:00:00,133626.16464534274,0.0,0,133626.16464534274,-24821.361029424985,58447.52567476802,,,,,,,,
optimised_new,100000.0,2012-02-15 00:00:00,133644.46959940373,0.0,0,133644.46959940373,-24821.361029424985,58465.830628829026,,,,,,,,
optimised_new,100000.0,2012-02-16 00:00:00,133662.7770609927,0.0,0,133662.7770609927,-24821.361029424985,58484.13809041798,,,,,,,,
optimised_new,100000.0,2012-02-23 00:00:00,133790.94684721556,0.0,0,133790.94684721556,-24821.361029424985,58612.30787664085,,,,,,,,
optimised_new,100000.0,2012-06-11 00:00:00,135788.6472864411,0.0,0,135788.6472864411,-24821.361029424985,60610.0083158664,,,,,,,,
optimised_new,100000.0,2012-06-18 00:00:00,135918.8555783596,0.0,0,135918.8555783596,-24821.361029424985,60740.2166077849,,,,,,,,
optimised_new,100000.0,2012-06-19 00:00:00,135937.4745996717,0.0,0,135937.4745996717,-24821.361029424985,60758.835629097004,,,,,,,,
optimised_new,100000.0,2012-06-22 00:00:00,135993.33931526061,0.0,0,135993.33931526061,-24821.361029424985,60814.70034468591,,,,,,,,
optimised_new,100000.0,2012-06-24 00:00:00,136030.59776438808,0.0,0,136030.59776438808,-24821.361029424985,60851.95879381338,,,,,,,,
optimised_new,100000.0,2012-06-29 00:00:00,136123.76940669245,0.0,0,136123.76940669245,-24821.361029424985,60945.13043611775,,,,,,,,
optimised_new,100000.0,2012-07-02 00:00:00,123979.7967555911,12354.7526,1,136334.5493555911,-25872.203687124984,61001.07171121639,,,,,,,,
optimised_new,100000.0,2012-07-09 00:00:00,135247.75276070606,0.0,0,135247.75276070606,-25872.203687124984,61119.95644783134,,,,,,,,
optimised_new,100000.0,2012-07-10 00:00:00,135266.27985012534,0.0,0,135266.27985012534,-25872.203687124984,61138.48353725061,,,,,,,,
optimised_new,100000.0,2012-07-18 00:00:00,135414.5168691392,0.0,0,135414.5168691392,-25872.203687124984,61286.72055626445,,,,,,,,
optimised_new,100000.0,2012-07-19 00:00:00,127846.4188340569,7900.8098,1,135747.2286340569,-25786.885302024984,61305.27049008214,,,,,,,,
optimised_new,100000.0,2012-07-23 00:00:00,135588.43802029474,0.0,0,135588.43802029474,-25786.885302024984,61375.32332231998,,,,,,,,
optimised_new,100000.0,2012-07-24 00:00:00,135607.01177892764,0.0,0,135607.01177892764,-25786.885302024984,61393.8970809529,,,,,,,,
optimised_new,100000.0,2012-07-30 00:00:00,135718.46959682813,0.0,0,135718.46959682813,-25786.885302024984,61505.35489885339,,,,,,,,
optimised_new,100000.0,2012-07-31 00:00:00,112115.71241700578,23439.718699999998,1,135555.43111700576,-24880.662876324986,61523.946470031035,,,,,,,,
optimised_new,100000.0,2012-08-06 00:00:00,136735.4334943225,0.0,0,136735.4334943225,-24880.662876324986,61616.09637064775,,,,,,,,
optimised_new,100000.0,2012-08-09 00:00:00,111735.27932272427,24316.648,1,136051.92732272425,-24656.043364424982,61672.289014549526,,,,,,,,
optimised_new,100000.0,2012-08-30 00:00:00,137337.67590571017,0.0,0,137337.67590571017,-24656.043364424982,61993.71927013544,,,,,,,,
optimised_new,100000.0,2012-09-04 00:00:00,112152.93565341545,25253.5536,1,137406.48925341544,-24222.762743624986,62087.786171440726,,,,,,,,
optimised_new,100000.0,2012-09-10 00:00:00,137957.20392287304,0.0,0,137957.20392287304,-24222.762743624986,62179.96666649833,,,,,,,,
optimised_new,100000.0,2012-09-17 00:00:00,115466.39115266211,22600.5,1,138066.8911526621,-25153.017404024984,62312.25439628739,,,,,,,,
optimised_new,100000.0,2012-09-24 00:00:00,133749.2229712578,3497.4359999999997,1,137246.6589712578,-25157.858036024983,62422.975593283096,,,,,,,,
optimised_new,100000.0,2012-09-25 00:00:00,137283.43936862375,0.0,0,137283.43936862375,-25157.858036024983,62441.29740464902,,,,,,,,
optimised_new,100000.0,2012-09-30 00:00:00,137377.46912161596,0.0,0,137377.46912161596,-25157.858036024983,62535.32715764123,,,,,,,,
optimised_new,100000.0,2012-10-01 00:00:00,137396.28795300247,0.0,0,137396.28795300247,-25157.858036024983,62554.145989027755,,,,,,,,
optimised_new,100000.0,2012-10-05 00:00:00,137471.57359023698,0.0,0,137471.57359023698,-25157.858036024983,62629.431626262274,,,,,,,,
optimised_new,100000.0,2012-10-07 00:00:00,137509.23703505623,0.0,0,137509.23703505623,-25157.858036024983,62667.095071081516,,,,,,,,
optimised_new,100000.0,2012-10-08 00:00:00,137528.07391684185,0.0,0,137528.07391684185,-25157.858036024983,62685.93195286714,,,,,,,,
optimised_new,100000.0,2012-10-09 00:00:00,137546.91337902224,0.0,0,137546.91337902224,-25157.858036024983,62704.77141504753,,,,,,,,
optimised_new,100000.0,2012-10-10 00:00:00,137565.75542195086,0.0,0,137565.75542195086,-25157.858036024983,62723.613457976164,,,,,,,,
optimised_new,100000.0,2012-10-11 00:00:00,137584.60004598126,0.0,0,137584.60004598126,-25157.858036024983,62742.45808200657,,,,,,,,
optimised_new,100000.0,2012-10-16 00:00:00,137678.83607341003,0.0,0,137678.83607341003,-25157.858036024983,62836.694109435324,,,,,,,,
optimised_new,100000.0,2012-10-17 00:00:00,137697.69618794063,0.0,0,137697.69618794063,-25157.858036024983,62855.554223965926,,,,,,,,
optimised_new,100000.0,2012-10-30 00:00:00,137942.91126334382,0.0,0,137942.91126334382,-25157.858036024983,63100.76929936911,,,,,,,,
optimised_new,100000.0,2012-10-31 00:00:00,137961.80755255796,0.0,0,137961.80755255796,-25157.858036024983,63119.665588583266,,,,,,,,
optimised_new,100000.0,2012-11-04 00:00:00,138037.40306354567,0.0,0,138037.40306354567,-25157.858036024983,63195.26109957097,,,,,,,,
optimised_new,100000.0,2012-11-05 00:00:00,138056.31229684205,0.0,0,138056.31229684205,-25157.858036024983,63214.17033286735,,,,,,,,
optimised_new,100000.0,2012-11-08 00:00:00,138113.04776764897,0.0,0,138113.04776764897,-25157.858036024983,63270.905803674264,,,,,,,,
optimised_new,100000.0,2012-11-13 00:00:00,118978.22703707202,18791.796799999996,1,137770.02383707202,-26489.250586624985,63365.50378159731,,,,,,,,
optimised_new,100000.0,2012-11-14 00:00:00,136892.55158223739,0.0,0,136892.55158223739,-26489.250586624985,63381.80216886266,,,,,,,,
optimised_new,100000.0,2012-11-15 00:00:00,136911.30398656373,0.0,0,136911.30398656373,-26489.250586624985,63400.554573188994,,,,,,,,
optimised_new,100000.0,2012-11-16 00:00:00,136930.05895971257,0.0,0,136930.05895971257,-26489.250586624985,63419.30954633784,,,,,,,,
optimised_new,100000.0,2012-11-18 00:00:00,136967.57404435906,0.0,0,136967.57404435906,-26489.250586624985,63456.82463098434,,,,,,,,
optimised_new,100000.0,2012-11-19 00:00:00,136986.336725735,0.0,0,136986.336725735,-26489.250586624985,63475.58731236028,,,,,,,,
optimised_new,100000.0,2012-11-25 00:00:00,137098.9282353726,0.0,0,137098.9282353726,-26489.250586624985,63588.17882199787,,,,,,,,
optimised_new,100000.0,2012-11-26 00:00:00,137117.70891047333,0.0,0,137117.70891047333,-26489.250586624985,63606.95949709861,,,,,,,,
optimised_new,100000.0,2012-11-28 00:00:00,128519.32147946524,8627.3266,1,137146.64807946526,-26476.446528624983,63644.52599269052,,,,,,,,
optimised_new,100000.0,2012-11-29 00:00:00,137185.6848505693,0.0,0,137185.6848505693,-26476.446528624983,63662.13137919456,,,,,,,,
optimised_new,100000.0,2012-11-30 00:00:00,137204.47741013786,0.0,0,137204.47741013786,-26476.446528624983,63680.92393876313,,,,,,,,
optimised_new,100000.0,2012-12-03 00:00:00,137260.86281181325,0.0,0,137260.86281181325,-26476.446528624983,63737.30934043853,,,,,,,,
optimised_new,100000.0,2012-12-04 00:00:00,137279.66566973267,0.0,0,137279.66566973267,-26476.446528624983,63756.11219835796,,,,,,,,
optimised_new,100000.0,2012-12-05 00:00:00,137298.47110338605,0.0,0,137298.47110338605,-26476.446528624983,63774.91763201135,,,,,,,,
optimised_new,100000.0,2012-12-06 00:00:00,137317.27911312625,0.0,0,137317.27911312625,-26476.446528624983,63793.72564175154,,,,,,,,
optimised_new,100000.0,2012-12-07 00:00:00,137336.08969930612,0.0,0,137336.08969930612,-26476.446528624983,63812.53622793142,,,,,,,,
optimised_new,100000.0,2012-12-11 00:00:00,137411.34235119616,0.0,0,137411.34235119616,-26476.446528624983,63887.788879821455,,,,,,,,
optimised_new,100000.0,2012-12-12 00:00:00,137430.16582275112,0.0,0,137430.16582275112,-26476.446528624983,63906.61235137641,,,,,,,,
optimised_new,100000.0,2012-12-16 00:00:00,137505.47002320195,0.0,0,137505.47002320195,-26476.446528624983,63981.916551827235,,,,,,,,
optimised_new,100000.0,2012-12-17 00:00:00,137524.30638895856,0.0,0,137524.30638895856,-26476.446528624983,64000.752917583835,,,,,,,,
optimised_new,100000.0,2013-01-01 00:00:00,137806.89058016875,0.0,0,137806.89058016875,-26476.446528624983,64283.337108794025,,,,,,,,
optimised_new,100000.0,2013-01-02 00:00:00,137825.7682364126,0.0,0,137825.7682364126,-26476.446528624983,64302.21476503788,,,,,,,,
optimised_new,100000.0,2013-01-03 00:00:00,137844.64847863678,0.0,0,137844.64847863678,-26476.446528624983,64321.09500726205,,,,,,,,
optimised_new,100000.0,2013-01-18 00:00:00,138127.89090701754,0.0,0,138127.89090701754,-26476.446528624983,64604.33743564281,,,,,,,,
optimised_new,100000.0,2013-01-25 00:00:00,138260.34230925716,0.0,0,138260.34230925716,-26476.446528624983,64736.788837882414,,,,,,,,
optimised_new,100000.0,2013-01-28 00:00:00,138317.16162801438,0.0,0,138317.16162801438,-26476.446528624983,64793.608156639646,,,,,,,,
optimised_new,100000.0,2013-02-05 00:00:00,119965.78921071358,18544.6855,1,138510.47471071358,-25608.883103224984,64945.18860773884,,,,,,,,
optimised_new,100000.0,2013-02-12 00:00:00,139451.34119279782,0.0,0,139451.34119279782,-25608.883103224984,65060.22429602309,,,,,,,,
optimised_new,100000.0,2013-02-25 00:00:00,116470.7677919617,22166.864599999997,1,138637.6323919617,-23807.68567292499,65308.56230088697,,,,,,,,
optimised_new,100000.0,2013-02-28 00:00:00,104903.2497120543,34508.4981,2,139411.7478120543,-23729.130595424987,65356.42699997956,,,,,,,,
optimised_new,100000.0,2013-03-03 00:00:00,105007.8176330935,35295.052599999995,2,140302.8702330935,-22227.918295424988,65399.53792451876,,,,,,,,
optimised_new,100000.0,2013-03-04 00:00:00,143186.00426164598,0.0,0,143186.00426164598,-22227.918295424988,65413.92255707124,,,,,,,,
optimised_new,100000.0,2013-03-05 00:00:00,107396.4361735777,35348.372800000005,1,142744.80897357772,-22289.393995024995,65433.53707820297,,,,,,,,
optimised_new,100000.0,2013-03-17 00:00:00,143320.68517003837,0.0,0,143320.68517003837,-22289.393995024995,65610.07916506365,,,,,,,,
optimised_new,100000.0,2013-03-18 00:00:00,107480.51716360959,37202.533200000005,1,144683.0503636096,-20698.101653924994,65629.7121356349,,,,,,,,
optimised_new,100000.0,2013-03-20 00:00:00,144961.05719874072,0.0,0,144961.05719874072,-20698.101653924994,65659.15885266602,,,,,,,,
optimised_new,100000.0,2013-03-21 00:00:00,108706.16166310903,35570.0097,1,144276.17136310902,-24124.529575124994,65679.01653173433,,,,,,,,
optimised_new,100000.0,2013-04-01 00:00:00,141718.29076185482,0.0,0,141718.29076185482,-24124.529575124994,65842.82033698012,,,,,,,,
optimised_new,100000.0,2013-11-06 00:00:00,131364.93917471048,14634.269999999999,1,145999.20917471047,-25359.792905124992,70094.36905983576,,,,,,,,
optimised_new,100000.0,2013-11-12 00:00:00,144842.5473375938,0.0,0,144842.5473375938,-25359.792905124992,70202.34024271909,,,,,,,,
optimised_new,100000.0,2013-11-21 00:00:00,130514.86017276069,14348.5684,1,144863.4285727607,-25331.267608324993,70380.91324628599,,,,,,,,
optimised_new,100000.0,2013-11-29 00:00:00,145192.67562171165,0.0,0,145192.67562171165,-25331.267608324993,70523.94323003695,,,,,,,,
optimised_new,100000.0,2013-12-08 00:00:00,130836.72785828638,14142.581999999999,1,144979.30985828637,-26520.86375532499,70702.94789861166,,,,,,,,
optimised_new,100000.0,2013-12-09 00:00:00,144200.00698271903,0.0,0,144200.00698271903,-26520.86375532499,70720.87073804431,,,,,,,,
optimised_new,100000.0,2013-12-10 00:00:00,129794.8051636331,14283.5513,1,144078.3564636331,-26439.460079824992,70740.62416365837,,,,,,,,
optimised_new,100000.0,2014-01-01 00:00:00,130208.88183465363,14622.588899999999,1,144831.47073465362,-26024.696676724994,71131.7865901789,,,,,,,,
optimised_new,100000.0,2014-01-02 00:00:00,145124.92674658165,0.0,0,145124.92674658165,-26024.696676724994,71149.62342330694,,,,,,,,
optimised_new,100000.0,2014-01-05 00:00:00,130651.7438224364,14373.18,1,145024.9238224364,-25618.928526724994,71209.2638041617,,,,,,,,
optimised_new,100000.0,2014-01-07 00:00:00,117631.25558074392,27793.744999999995,2,145425.00058074392,-25516.38376672499,71245.05880246923,,,,,,,,
optimised_new,100000.0,2014-01-08 00:00:00,117790.00866577141,27566.504999999997,2,145356.5136657714,-25791.13154752499,71261.17267309672,,,,,,,,
optimised_new,100000.0,2014-01-09 00:00:00,130547.58528819686,15068.970000000001,1,145616.55528819686,-25791.13154752499,71277.30829072217,,,,,,,,
optimised_new,100000.0,2014-01-13 00:00:00,117905.04402604245,27412.469600000004,2,145317.51362604246,-27007.50514292499,71348.84121416775,,,,,,,,
optimised_new,100000.0,2014-01-15 00:00:00,117976.0571668304,27704.032399999996,2,145680.0895668304,-26674.95638642499,71381.1439659557,,,,,,,,
optimised_new,100000.0,2014-01-16 00:00:00,118307.6809580519,27697.97,2,146005.6509580519,-26833.98723042499,71397.3050696772,,,,,,,,
optimised_new,100000.0,2014-01-21 00:00:00,131366.68665224235,14735.7216,1,146102.40825224234,-26833.98723042499,71478.33772786765,,,,,,,,
optimised_new,100000.0,2014-01-22 00:00:00,118260.54506277006,27572.6288,2,145833.17386277005,-27082.386183124992,71496.33316439536,,,,,,,,
optimised_new,100000.0,2014-01-23 00:00:00,131152.4832107362,14468.206000000002,1,145620.6892107362,-27082.386183124992,71512.5332390615,,,,,,,,
optimised_new,100000.0,2014-01-28 00:00:00,144519.97752388875,0.0,0,144519.97752388875,-27082.386183124992,71602.36370701405,,,,,,,,
optimised_new,100000.0,2014-01-30 00:00:00,130158.69004277885,13914.35,1,144073.04004277886,-27618.446878624993,71641.95822140416,,,,,,,,
optimised_new,100000.0,2014-01-31 00:00:00,144041.34130031895,0.0,0,144041.34130031895,-27618.446878624993,71659.78817894426,,,,,,,,
optimised_new,100000.0,2014-02-03 00:00:00,144100.5363720862,0.0,0,144100.5363720862,-27618.446878624993,71718.98325071152,,,,,,,,
optimised_new,100000.0,2014-02-05 00:00:00,129774.08439109224,14351.58,1,144125.66439109223,-27300.05608002499,71758.46284971757,,,,,,,,
optimised_new,100000.0,2014-02-06 00:00:00,130033.05013632664,14149.199999999999,1,144182.25013632665,-27613.82749122499,71776.24012155196,,,,,,,,
optimised_new,100000.0,2014-02-09 00:00:00,144215.8508701087,0.0,0,144215.8508701087,-27613.82749122499,71829.67836133402,,,,,,,,
optimised_new,100000.0,2014-02-10 00:00:00,129833.06431211831,14260.0,1,144093.0643121183,-27310.198037724993,71849.43395734363,,,,,,,,
optimised_new,100000.0,2014-02-11 00:00:00,130148.18793199392,14668.109999999999,1,144816.2979319939,-26691.114336624993,71867.21930861926,,,,,,,,
optimised_new,100000.0,2014-02-13 00:00:00,130765.8133926835,14059.759999999998,1,144825.5733926835,-27925.661879424995,71902.87634640884,,,,,,,,
optimised_new,100000.0,2014-02-17 00:00:00,144048.86696747266,0.0,0,144048.86696747266,-27925.661879424995,71974.52884689799,,,,,,,,
optimised_new,100000.0,2014-02-26 00:00:00,129840.93350419421,13236.960000000001,1,143077.89350419422,-27497.151903024995,72152.12334041952,,,,,,,,
optimised_new,100000.0,2014-03-02 00:00:00,144726.1171543828,0.0,0,144726.1171543828,-27497.151903024995,72223.26905740812,,,,,,,,
optimised_new,100000.0,2014-03-03 00:00:00,130258.67485488343,14344.1412,1,144602.81605488344,-27418.579518625,72243.09455290872,,,,,,,,
optimised_new,100000.0,2014-03-05 00:00:00,144860.20234246284,0.0,0,144860.20234246284,-27418.579518625,72278.78186108814,,,,,,,,
optimised_new,100000.0,2014-03-10 00:00:00,130468.42153553576,14391.7302,1,144860.15173553576,-27116.488141625,72378.00117776106,,,,,,,,
optimised_new,100000.0,2014-03-25 00:00:00,145529.59883381153,0.0,0,145529.59883381153,-27116.488141625,72646.08697543682,,,,,,,,
optimised_new,100000.0,2014-03-27 00:00:00,131003.84468257971,14387.7006,1,145391.54528257973,-25867.030529625,72685.95809840498,,,,,,,,
optimised_new,100000.0,2014-04-01 00:00:00,146908.6562295212,0.0,0,146908.6562295212,-25867.030529625,72775.68675914647,,,,,,,,
optimised_new,100000.0,2014-04-03 00:00:00,132256.76771643342,15239.616000000002,1,147496.38371643343,-25699.518513625,72815.93570605866,,,,,,,,
optimised_new,100000.0,2014-04-09 00:00:00,147225.12138507704,0.0,0,147225.12138507704,-25699.518513625,72924.63989870231,,,,,,,,
optimised_new,100000.0,2014-04-24 00:00:00,132782.5600093861,14956.993999999999,1,147739.5540093861,-25643.322752624998,73227.15727141137,,,,,,,,
optimised_new,100000.0,2014-04-30 00:00:00,119633.89082047877,27877.896,2,147511.78682047877,-25163.483288625,73336.29362210401,,,,,,,,
optimised_new,100000.0,2014-05-05 00:00:00,121222.45339658868,26966.7192,2,148189.17259658867,-24764.625660825004,73418.23464321393,,,,,,,,
optimised_new,100000.0,2014-05-12 00:00:00,134916.34786032513,14186.618999999999,1,149102.96686032513,-24764.625660825004,73534.47535195039,,,,,,,,
optimised_new,100000.0,2014-05-13 00:00:00,148788.33138261284,0.0,0,148788.33138261284,-24764.625660825004,73552.9570434381,,,,,,,,
optimised_new,100000.0,2014-05-14 00:00:00,120565.86651361595,27770.077400000002,2,148335.94391361595,-25319.230451025003,73573.3390066412,,,,,,,,
optimised_new,100000.0,2014-05-22 00:00:00,134271.80409261718,12776.947200000002,1,147048.75129261718,-25319.230451025003,73705.46598364243,,,,,,,,
optimised_new,100000.0,2014-05-26 00:00:00,120900.01935750082,26022.97,2,146922.9893575008,-25255.303985025002,73779.03957492605,,,,,,,,
optimised_new,100000.0,2014-05-29 00:00:00,121005.63067086281,26330.084500000004,2,147335.71517086282,-24832.880575025003,73828.72451438804,,,,,,,,
optimised_new,100000.0,2014-06-02 00:00:00,134947.71695452492,13234.464000000002,1,148182.18095452493,-24832.880575025003,73895.02896955016,,,,,,,,
optimised_new,100000.0,2014-06-04 00:00:00,121472.79853977275,26727.96,2,148200.75853977274,-24829.502963825,73932.00094679797,,,,,,,,
optimised_new,100000.0,2014-06-09 00:00:00,135071.2670899178,13532.083200000003,1,148603.35028991778,-24829.502963825,74015.20149374302,,,,,,,,
optimised_new,100000.0,2014-06-12 00:00:00,121611.11366981774,26355.504,2,147966.61766981776,-24471.788387825003,74070.71023364298,,,,,,,,
optimised_new,100000.0,2014-06-17 00:00:00,109530.97637185323,38830.734000000004,3,148361.71037185323,-24028.523585825005,74154.00551697848,,,,,,,,
optimised_new,100000.0,2014-06-18 00:00:00,122152.67799849184,26730.3744,2,148883.05239849183,-24028.523585825005,74169.00976031709,,,,,,,,
optimised_new,100000.0,2014-06-19 00:00:00,110016.99696805328,38861.676,3,148878.6729680533,-24475.971542825006,74185.74300387852,,,,,,,,
optimised_new,100000.0,2014-06-22 00:00:00,121767.1757495607,27017.8848,2,148785.0605495607,-24475.971542825006,74230.95546838595,,,,,,,,
optimised_new,100000.0,2014-06-23 00:00:00,135657.2329205949,12980.736000000003,1,148637.9689205949,-24475.971542825006,74247.63590342013,,,,,,,,
optimised_new,100000.0,2014-06-24 00:00:00,109928.96166988676,38428.0604,3,148357.02206988676,-24639.460150925006,74266.21908601199,,,,,,,,
optimised_new,100000.0,2014-06-26 00:00:00,122442.01656083192,26757.2112,2,149199.2277608319,-24639.460150925006,74296.33660975716,,,,,,,,
optimised_new,100000.0,2014-07-07 00:00:00,136740.94966962223,13269.436,1,150010.38566962222,-24639.460150925006,74480.83827854745,,,,,,,,
optimised_new,100000.0,2014-07-09 00:00:00,123100.20399910431,27122.7644,2,150222.9683991043,-24490.975029925008,74518.30155242955,,,,,,,,
optimised_new,100000.0,2014-07-13 00:00:00,136268.08462367917,13443.3442,1,149711.42882367916,-24490.975029925008,74585.7537190044,,,,,,,,
optimised_new,100000.0,2014-07-21 00:00:00,150244.113576338,0.0,0,150244.113576338,-24490.975029925008,74735.08860626322,,,,,,,,
optimised_new,100000.0,2014-07-22 00:00:00,135266.88413375942,14905.1238,1,150172.00793375942,-24387.098861725004,74755.66999168464,,,,,,,,
optimised_new,100000.0,2014-07-24 00:00:00,150405.63055027006,0.0,0,150405.63055027006,-24387.098861725004,74792.72941199526,,,,,,,,
optimised_new,100000.0,2014-07-29 00:00:00,135452.92161964148,15017.650399999999,1,150470.57201964146,-25073.136820125,74895.74696716668,,,,,,,,
optimised_new,100000.0,2014-08-11 00:00:00,150063.82767869288,0.0,0,150063.82767869288,-25073.136820125,75136.9644988181,,,,,,,,
optimised_new,100000.0,2014-08-12 00:00:00,150084.38436741597,0.0,0,150084.38436741597,-25073.136820125,75157.5211875412,,,,,,,,
optimised_new,100000.0,2014-08-20 00:00:00,120837.38711387888,29112.3096,1,149949.6967138789,-26461.666705725,75321.99722520413,,,,,,,,
optimised_new,100000.0,2014-09-03 00:00:00,149092.07345366987,0.0,0,149092.07345366987,-26461.666705725,75553.74015939514,,,,,,,,
optimised_new,100000.0,2014-09-17 00:00:00,136451.28815605363,12474.1905,1,148925.47865605363,-27564.607117725,75839.67016327889,,,,,,,,
optimised_new,100000.0,2014-10-01 00:00:00,148536.75044749674,0.0,0,148536.75044749674,-27564.607117725,76101.357565222,,,,,,,,
optimised_new,100000.0,2014-10-27 00:00:00,137224.01050409055,11756.329,1,148980.33950409055,-27414.849598725006,76630.39256681583,,,,,,,,
optimised_new,100000.0,2014-10-30 00:00:00,149271.93639706483,0.0,0,149271.93639706483,-27414.849598725006,76686.78599579012,,,,,,,,
optimised_new,100000.0,2014-11-02 00:00:00,135603.3998634609,13522.313699999999,1,149125.7135634609,-26781.061610925008,76748.13062718618,,,,,,,,
optimised_new,100000.0,2014-11-06 00:00:00,150041.37224906278,0.0,0,150041.37224906278,-26781.061610925008,76822.43385998809,,,,,,,,
optimised_new,100000.0,2014-11-10 00:00:00,131969.60785661024,18135.843,1,150105.45085661023,-25882.696868925006,76904.64831053551,,,,,,,,
optimised_new,100000.0,2014-11-25 00:00:00,128091.93756241286,23155.593299999997,1,151247.53086241285,-27117.70414042501,77175.81873763814,,,,,,,,
optimised_new,100000.0,2014-12-15 00:00:00,150409.05141245236,0.0,0,150409.05141245236,-27117.70414042501,77526.75555287763,,,,,,,,
optimised_new,100000.0,2014-12-21 00:00:00,117902.4584711256,32164.4356,1,150066.8940711256,-26638.49412902501,77650.37943075088,,,,,,,,
optimised_new,100000.0,2014-12-26 00:00:00,151092.64041026746,0.0,0,151092.64041026746,-26638.49412902501,77731.13453929275,,,,,,,,
optimised_new,100000.0,2015-08-16 00:00:00,140327.90542101162,14913.490000000002,1,155241.3954210116,-26256.16083802501,82553.6804592369,,,,,,,,
optimised_new,100000.0,2015-08-17 00:00:00,156316.74262195424,0.0,0,156316.74262195424,-26256.16083802501,82572.90345997951,,,,,,,,
optimised_new,100000.0,2015-10-29 00:00:00,141984.22595707775,15580.86424,1,157565.09019707775,-26645.29501944101,84136.07088619906,,,,,,,,
optimised_new,100000.0,2015-10-30 00:00:00,157510.22576072448,0.0,0,157510.22576072448,-26645.29501944101,84155.52078016578,,,,,,,,
optimised_new,100000.0,2015-11-02 00:00:00,141707.51822723917,15756.144749999998,1,157463.66297723918,-26817.297810191012,84220.25100993046,,,,,,,,
optimised_new,100000.0,2015-11-03 00:00:00,141572.28942848538,15556.761399999998,1,157129.05082848537,-27296.999830427012,84239.66299872872,,,,,,,,
optimised_new,100000.0,2015-11-04 00:00:00,156962.05663260663,0.0,0,156962.05663260663,-27296.999830427012,84259.056463034,,,,,,,,
optimised_new,100000.0,2015-11-05 00:00:00,141176.85543603214,15180.046559999999,1,156356.90199603213,-27850.20807605101,84280.5581146275,,,,,,,,
optimised_new,100000.0,2015-11-08 00:00:00,156488.36792437176,0.0,0,156488.36792437176,-27850.20807605101,84338.57600042314,,,,,,,,
optimised_new,100000.0,2015-11-19 00:00:00,140942.31026709478,15671.1639,1,156613.4741670948,-28001.403215131013,84574.38039044617,,,,,,,,
optimised_new,100000.0,2015-11-25 00:00:00,140912.9314493829,15208.844040000002,1,156121.77548938288,-28517.926410635013,84690.22338518624,,,,,,,,
optimised_new,100000.0,2015-11-26 00:00:00,156191.6001158453,0.0,0,156191.6001158453,-28517.926410635013,84709.52652648068,,,,,,,,
optimised_new,100000.0,2015-11-30 00:00:00,140542.14902504193,15267.19722,1,155809.34624504193,-28746.394280748013,84795.11096490032,,,,,,,,
optimised_new,100000.0,2015-12-01 00:00:00,156067.96903333344,0.0,0,156067.96903333344,-28746.394280748013,84814.36331408183,,,,,,,,
optimised_new,100000.0,2015-12-09 00:00:00,140505.9831736729,15005.3523,1,155511.3354736729,-30419.730680266013,84985.3967048033,,,,,,,,
optimised_new,100000.0,2015-12-15 00:00:00,154681.15039426868,0.0,0,154681.15039426868,-30419.730680266013,85100.88107453508,,,,,,,,
optimised_new,100000.0,2015-12-16 00:00:00,154702.33959295283,0.0,0,154702.33959295283,-30419.730680266013,85122.07027321923,,,,,,,,
optimised_new,100000.0,2015-12-17 00:00:00,139246.39652076695,15328.949999999999,1,154575.34652076697,-29884.290957266014,85143.26237453333,,,,,,,,
optimised_new,100000.0,2015-12-20 00:00:00,155316.19596378235,0.0,0,155316.19596378235,-29884.290957266014,85200.48692104871,,,,,,,,
optimised_new,100000.0,2015-12-21 00:00:00,139696.79180578227,14187.553119999999,1,153884.34492578226,-30986.792860638012,85221.76311227662,,,,,,,,
optimised_new,100000.0,2015-12-22 00:00:00,154254.10679846097,0.0,0,154254.10679846097,-30986.792860638012,85240.89965909933,,,,,,,,
optimised_new,100000.0,2016-01-28 00:00:00,155035.942682234,0.0,0,155035.942682234,-30986.792860638012,86022.73554287235,,,,,,,,
optimised_new,100000.0,2016-01-31 00:00:00,155099.65608333627,0.0,0,155099.65608333627,-30986.792860638012,86086.44894397464,,,,,,,,
optimised_new,100000.0,2016-02-03 00:00:00,155163.39566802807,0.0,0,155163.39566802807,-30986.792860638012,86150.18852866642,,,,,,,,
optimised_new,100000.0,2016-02-04 00:00:00,155184.65092770863,0.0,0,155184.65092770863,-30986.792860638012,86171.44378834697,,,,,,,,
optimised_new,100000.0,2016-02-07 00:00:00,155248.4254417885,0.0,0,155248.4254417885,-30986.792860638012,86235.21830242685,,,,,,,,
optimised_new,100000.0,2016-02-08 00:00:00,155269.6923493833,0.0,0,155269.6923493833,-30986.792860638012,86256.48521002161,,,,,,,,
optimised_new,100000.0,2016-02-11 00:00:00,155333.5018119926,0.0,0,155333.5018119926,-30986.792860638012,86320.29467263095,,,,,,,,
optimised_new,100000.0,2016-02-16 00:00:00,155439.89462145287,0.0,0,155439.89462145287,-30986.792860638012,86426.68748209122,,,,,,,,
optimised_new,100000.0,2016-02-23 00:00:00,155588.94657519946,0.0,0,155588.94657519946,-30986.792860638012,86575.73943583782,,,,,,,,
optimised_new,100000.0,2016-02-26 00:00:00,155652.88723817558,0.0,0,155652.88723817558,-30986.792860638012,86639.68009881393,,,,,,,,
optimised_new,100000.0,2016-02-29 00:00:00,155716.85417813648,0.0,0,155716.85417813648,-30986.792860638012,86703.64703877483,,,,,,,,
optimised_new,100000.0,2016-03-06 00:00:00,155844.84063362537,0.0,0,155844.84063362537,-30986.792860638012,86831.6334942637,,,,,,,,
optimised_new,100000.0,2016-03-09 00:00:00,140211.0951052733,14848.566,1,155059.6611052733,-32702.847556248013,86895.67931918163,,,,,,,,
optimised_new,100000.0,2016-03-10 00:00:00,154212.0387622628,0.0,0,154212.0387622628,-32702.847556248013,86914.88631851111,,,,,,,,
optimised_new,100000.0,2016-03-16 00:00:00,138796.0947701143,15081.85716,1,153877.9519301143,-33165.254361943014,87041.6359394116,,,,,,,,
optimised_new,100000.0,2016-03-17 00:00:00,138397.2812819204,15575.99376,1,153973.27504192042,-33416.73376602201,87060.64910307874,,,,,,,,
optimised_new,100000.0,2016-03-20 00:00:00,153700.7909321038,0.0,0,153700.7909321038,-33416.73376602201,87117.52469812612,,,,,,,,
optimised_new,100000.0,2016-03-21 00:00:00,138242.0080360962,15161.72625,1,153403.7342860962,-33647.22387989701,87138.57960099353,,,,,,,,
optimised_new,100000.0,2016-03-23 00:00:00,153529.23024384584,0.0,0,153529.23024384584,-33647.22387989701,87176.45412374314,,,,,,,,
optimised_new,100000.0,2016-03-28 00:00:00,138169.27587738616,14924.660220000002,1,153093.93609738615,-34201.71169251301,87281.61113075947,,,,,,,,
optimised_new,100000.0,2016-03-29 00:00:00,137682.11757912755,14868.21616,1,152550.33373912756,-33947.64976057701,87300.53842882486,,,,,,,,
optimised_new,100000.0,2016-03-30 00:00:00,137929.71172109948,14773.21468,1,152702.92640109948,-34407.13779502901,87319.3989928768,,,,,,,,
optimised_new,100000.0,2016-03-31 00:00:00,152931.15567890517,0.0,0,152931.15567890517,-34407.13779502901,87338.29347393448,,,,,,,,
optimised_new,100000.0,2016-04-01 00:00:00,137648.01635228583,15288.800000000001,1,152936.81635228582,-34664.84803502901,87359.24294731516,,,,,,,,
optimised_new,100000.0,2016-04-03 00:00:00,123821.39341989584,28808.96888,2,152630.36229989585,-35150.052696601015,87396.95473261716,,,,,,,,
optimised_new,100000.0,2016-04-04 00:00:00,152263.8638707309,0.0,0,152263.8638707309,-35150.052696601015,87413.91656733221,,,,,,,,
optimised_new,100000.0,2016-04-07 00:00:00,123281.42425337469,28173.5272,2,151454.9514533747,-35651.136924749015,87476.49075796403,,,,,,,,
optimised_new,100000.0,2016-04-10 00:00:00,151876.01743222293,0.0,0,151876.01743222293,-35651.136924749015,87527.15435697227,,,,,,,,
optimised_new,100000.0,2016-04-12 00:00:00,122948.90209686257,27504.4875,2,150453.38959686257,-36523.49437749902,87568.76422476192,,,,,,,,
optimised_new,100000.0,2016-04-13 00:00:00,135851.64259909833,15103.74336,1,150955.38595909832,-36485.632200059015,87585.60654011766,,,,,,,,
optimised_new,100000.0,2016-04-14 00:00:00,136001.17224451303,14149.679999999998,1,150150.85224451302,-37342.01141765902,87604.21635417233,,,,,,,,
optimised_new,100000.0,2016-04-17 00:00:00,150318.09582921627,0.0,0,150318.09582921627,-37342.01141765902,87660.10724687556,,,,,,,,
optimised_new,100000.0,2016-04-19 00:00:00,135217.81893508948,15035.21344,1,150253.03237508947,-37280.20705525902,87701.29028682876,,,,,,,,
optimised_new,100000.0,2016-04-20 00:00:00,135294.9322646247,14838.0146,1,150132.94686462468,-37267.94518199902,87719.81327572398,,,,,,,,
optimised_new,100000.0,2016-04-21 00:00:00,150470.4016460897,0.0,0,150470.4016460897,-37267.94518199902,87738.346828089,,,,,,,,
optimised_new,100000.0,2016-04-26 00:00:00,135416.8184737454,14690.7379,1,150107.5563737454,-37786.79704823902,87841.40874702467,,,,,,,,
optimised_new,100000.0,2016-04-27 00:00:00,150073.16194789138,0.0,0,150073.16194789138,-37786.79704823902,87859.95899613066,,,,,,,,
optimised_new,100000.0,2016-04-28 00:00:00,150093.7199152815,0.0,0,150093.7199152815,-37786.79704823902,87880.51696352079,,,,,,,,
optimised_new,100000.0,2016-05-03 00:00:00,135075.0352163817,14494.69245,1,149569.7276663817,-38378.42462288902,87983.32088127098,,,,,,,,
optimised_new,100000.0,2016-05-04 00:00:00,149623.3996878634,0.0,0,149623.3996878634,-38378.42462288902,88001.82431075268,,,,,,,,
optimised_new,100000.0,2016-05-05 00:00:00,134577.821229549,14735.92149,1,149313.74271954902,-37784.022780081024,88022.32066687431,,,,,,,,
optimised_new,100000.0,2016-05-08 00:00:00,150293.60384072296,0.0,0,150293.60384072296,-37784.022780081024,88077.62662080427,,,,,,,,
optimised_new,100000.0,2016-05-09 00:00:00,135314.56015843264,14519.9532,1,149834.51335843262,-39052.19902808102,88098.21478571395,,,,,,,,
optimised_new,100000.0,2016-05-16 00:00:00,121910.9940462558,28170.2808,2,150081.2748462558,-40220.71051358102,88227.9684735371,,,,,,,,
optimised_new,100000.0,2016-05-17 00:00:00,120854.19461392652,27558.8688,2,148413.06341392652,-40413.47719658102,88244.66860970782,,,,,,,,
optimised_new,100000.0,2016-05-18 00:00:00,134116.2911830517,14562.7408,1,148679.0319830517,-40413.47719658102,88261.22397883302,,,,,,,,
optimised_new,100000.0,2016-05-22 00:00:00,120787.51108218214,28237.387199999997,2,149024.89828218214,-39706.66458048102,88334.71235756346,,,,,,,,
optimised_new,100000.0,2016-05-23 00:00:00,134913.13841227695,14614.778,1,149527.91641227694,-39706.66458048102,88351.25859195828,,,,,,,,
optimised_new,100000.0,2016-05-31 00:00:00,121547.53847697533,28380.129200000003,2,149927.66767697534,-39493.24663898102,88499.10860665666,,,,,,,,
optimised_new,100000.0,2016-06-06 00:00:00,121838.98665489475,28338.4948,2,150177.48145489476,-39835.67453898102,88599.0106930761,,,,,,,,
optimised_new,100000.0,2016-06-07 00:00:00,135048.57082703925,14811.0532,1,149859.62402703924,-39835.67453898102,88615.7009652206,,,,,,,,
optimised_new,100000.0,2016-06-12 00:00:00,121613.69839055365,27293.766,2,148907.46439055365,-39986.32490778102,88708.19998633502,,,,,,,,
optimised_new,100000.0,2016-06-13 00:00:00,135007.0788900921,14422.701199999998,1,149429.7800900921,-39986.32490778102,88724.85939707345,,,,,,,,
optimised_new,100000.0,2016-06-21 00:00:00,135155.0318532593,14199.776,1,149354.80785325932,-39986.32490778102,88872.81236024067,,,,,,,,
optimised_new,100000.0,2016-06-23 00:00:00,135192.0606291095,14470.671199999999,1,149662.7318291095,-39986.32490778102,88909.84113609088,,,,,,,,
optimised_new,100000.0,2016-06-27 00:00:00,148997.5940697501,0.0,0,148997.5940697501,-39986.32490778102,88983.91897753149,,,,,,,,
optimised_new,100000.0,2016-06-28 00:00:00,134017.36050516873,14005.659339999998,1,148023.01984516875,-41364.88241260702,89004.32960685612,,,,,,,,
optimised_new,100000.0,2016-06-29 00:00:00,120682.38975840369,27151.998359999998,2,147834.38811840367,-41267.97180550702,89022.68814939108,,,,,,,,
optimised_new,100000.0,2016-06-30 00:00:00,120698.92159261717,27950.78518,2,148649.70677261718,-41267.97180550702,89039.21998360456,,,,,,,,
optimised_new,100000.0,2016-07-04 00:00:00,134215.2978844104,14384.198059999997,1,148599.4959444104,-41267.97180550702,89105.35637899778,,,,,,,,
optimised_new,100000.0,2016-07-06 00:00:00,147874.15588797926,0.0,0,147874.15588797926,-41267.97180550702,89142.12769348666,,,,,,,,
optimised_new,100000.0,2016-07-07 00:00:00,119783.39948763755,27237.5472,2,147020.94668763754,-40695.08328619002,89162.38442716995,,,,,,,,
optimised_new,100000.0,2016-07-11 00:00:00,120302.26992090483,28023.61626,2,148325.88618090484,-40758.17972763002,89228.01916661522,,,,,,,,
optimised_new,100000.0,2016-07-14 00:00:00,133753.48650079343,14664.9265,1,148418.41300079343,-40758.17972763002,89277.45845562381,,,,,,,,
optimised_new,100000.0,2016-07-18 00:00:00,120356.3720531397,27517.40138,2,147873.7734331397,-41952.32233522402,89350.74803726809,,,,,,,,
optimised_new,100000.0,2016-07-19 00:00:00,132649.12064909755,14641.436599999999,1,147290.55724909753,-41952.32233522402,89367.23521152194,,,,,,,,
optimised_new,100000.0,2016-07-26 00:00:00,132776.31843602133,14641.436599999999,1,147417.75503602132,-41952.32233522402,89494.43299844573,,,,,,,,
optimised_new,100000.0,2016-07-27 00:00:00,132794.5069727934,14563.416,1,147357.9229727934,-41952.32233522402,89512.62153521778,,,,,,,,
optimised_new,100000.0,2016-07-28 00:00:00,119485.38418504786,27983.01509,2,147468.39927504788,-41527.59999036002,89530.81256357022,,,,,,,,
optimised_new,100000.0,2016-07-31 00:00:00,133340.67841985167,14822.239599999999,1,148162.91801985167,-41527.59999036002,89579.91614611202,,,,,,,,
optimised_new,100000.0,2016-08-03 00:00:00,120073.45865032832,26505.9621,2,146579.4207503283,-41799.00757236002,89634.71368518868,,,,,,,,
optimised_new,100000.0,2016-08-04 00:00:00,133140.51679592152,14363.7438,1,147504.2605959215,-41799.00757236002,89651.16210418187,,,,,,,,
optimised_new,100000.0,2016-08-08 00:00:00,119901.50183375491,27838.7893,2,147740.29113375492,-42211.889141460015,89724.11581201525,,,,,,,,
optimised_new,100000.0,2016-08-10 00:00:00,132833.43866118471,14674.7475,1,147508.1861611847,-42211.889141460015,89756.96553854505,,,,,,,,
optimised_new,100000.0,2016-08-21 00:00:00,147745.23637314953,0.0,0,147745.23637314953,-42211.889141460015,89957.12551460984,,,,,,,,
optimised_new,100000.0,2016-08-22 00:00:00,133036.3948804253,14556.303000000002,1,147592.69788042532,-42528.17992466002,89977.36458808562,,,,,,,,
optimised_new,100000.0,2016-08-23 00:00:00,147467.40882710755,0.0,0,147467.40882710755,-42528.17992466002,89995.58875176786,,,,,,,,
optimised_new,100000.0,2016-09-06 00:00:00,147750.22303581706,0.0,0,147750.22303581706,-42528.17992466002,90278.40296047738,,,,,,,,
optimised_new,100000.0,2016-09-13 00:00:00,147891.90133187882,0.0,0,147891.90133187882,-42528.17992466002,90420.08125653912,,,,,,,,
optimised_new,100000.0,2016-09-14 00:00:00,133124.08639564482,14447.76,1,147571.84639564482,-42612.372625460026,90440.34042110514,,,,,,,,
optimised_new,100000.0,2016-09-15 00:00:00,133070.35768666337,14453.4,1,147523.75768666336,-43031.46323746002,90458.57659732371,,,,,,,,
optimised_new,100000.0,2016-09-18 00:00:00,147481.79980822775,0.0,0,147481.79980822775,-43031.46323746002,90513.2630456881,,,,,,,,
optimised_new,100000.0,2016-09-26 00:00:00,132886.57579262854,14246.72,1,147133.29579262855,-43425.78105026002,90674.8869358889,,,,,,,,
optimised_new,100000.0,2016-09-27 00:00:00,147267.30952614808,0.0,0,147267.30952614808,-43425.78105026002,90693.09057640845,,,,,,,,
optimised_new,100000.0,2016-11-24 00:00:00,133495.1533833154,14582.208219999999,1,148077.3616033154,-43398.87509047602,91863.15961099976,,,,,,,,
optimised_new,100000.0,2016-12-05 00:00:00,120337.207706756,28335.358699999997,2,148672.566406756,-43284.27763487602,92064.31669144037,,,,,,,,
optimised_new,100000.0,2016-12-06 00:00:00,133827.39246835693,14731.018089999998,1,148558.41055835693,-43284.27763487602,92080.8012404413,,,,,,,,
optimised_new,100000.0,2016-12-07 00:00:00,148814.85612508113,0.0,0,148814.85612508113,-43284.27763487602,92099.13375995752,,,,,,,,
optimised_new,100000.0,2017-05-22 00:00:00,137031.16463417202,15035.674,1,152066.83863417202,-42984.49494907602,95483.1428170484,,,,,,,,
optimised_new,100000.0,2017-05-29 00:00:00,152630.0476148815,0.0,0,152630.0476148815,-42984.49494907602,95614.54256395788,,,,,,,,
optimised_new,100000.0,2017-07-12 00:00:00,138192.11038911092,14052.218600000002,1,152244.32898911092,-44427.35067807602,96534.5044947873,,,,,,,,
optimised_new,100000.0,2017-07-13 00:00:00,152126.08424279164,0.0,0,152126.08424279164,-44427.35067807602,96553.43492086799,,,,,,,,
optimised_new,100000.0,2017-07-17 00:00:00,136981.91668928086,14843.104000000001,1,151825.02068928085,-45240.62766607602,96636.7916793572,,,,,,,,
optimised_new,100000.0,2017-07-30 00:00:00,151640.10441286452,0.0,0,151640.10441286452,-45240.62766607602,96880.73207894084,,,,,,,,
optimised_new,100000.0,2017-09-24 00:00:00,137523.82578636458,15290.7491,1,152814.57488636457,-45170.74753707602,98043.9986333409,,,,,,,,
optimised_new,100000.0,2017-09-25 00:00:00,152892.08997650928,0.0,0,152892.08997650928,-45170.74753707602,98062.8375135856,,,,,,,,
optimised_new,100000.0,2017-09-26 00:00:00,137625.98632242388,15124.3776,1,152750.3639224239,-44911.73773227602,98083.7816355002,,,,,,,,
optimised_new,100000.0,2017-09-27 00:00:00,137862.71370786257,15183.3854,1,153046.09910786257,-44930.85399367602,98102.63451033889,,,,,,,,
optimised_new,100000.0,2017-09-28 00:00:00,153190.66581991024,0.0,0,153190.66581991024,-44930.85399367602,98121.51981358654,,,,,,,,
optimised_new,100000.0,2017-10-01 00:00:00,137929.82580145542,15435.3862,1,153365.21200145542,-44687.93837327602,98184.4748817317,,,,,,,,
optimised_new,100000.0,2017-10-02 00:00:00,138157.39080764054,15259.7805,1,153417.17130764053,-45005.71538927602,98203.36937841683,,,,,,,,
optimised_new,100000.0,2017-10-03 00:00:00,153216.57965911418,0.0,0,153216.57965911418,-45005.71538927602,98222.29504839047,,,,,,,,
optimised_new,100000.0,2017-10-04 00:00:00,137812.2106845822,15259.185,1,153071.3956845822,-44973.10236729602,98243.28362094652,,,,,,,,
optimised_new,100000.0,2017-10-08 00:00:00,124099.39967468336,28786.769999999997,2,152886.16967468336,-45285.11671729602,98318.79716104765,,,,,,,,
optimised_new,100000.0,2017-10-09 00:00:00,137592.709792447,15374.609999999999,1,152967.319792447,-45285.11671729602,98335.7970788113,,,,,,,,
optimised_new,100000.0,2017-10-11 00:00:00,123867.08325166687,28854.557999999997,2,152721.64125166688,-45696.179117296015,98373.49371163115,,,,,,,,
optimised_new,100000.0,2017-10-12 00:00:00,137236.312118863,15466.949999999997,1,152703.262118863,-45696.179117296015,98390.46180522727,,,,,,,,
optimised_new,100000.0,2017-10-16 00:00:00,123583.6579601062,28954.133799999996,2,152537.7917601062,-45839.50358109602,98465.65978447048,,,,,,,,
optimised_new,100000.0,2017-10-17 00:00:00,137185.1149025199,15667.019999999999,1,152852.1349025199,-45839.50358109602,98482.5890526842,,,,,,,,
optimised_new,100000.0,2017-10-25 00:00:00,123603.52484276787,29020.485699999997,2,152624.01054276788,-45208.495008596015,98632.92890463216,,,,,,,,
optimised_new,100000.0,2017-10-26 00:00:00,137983.39531667237,15805.529999999999,1,153788.92531667236,-45208.495008596015,98649.86089433666,,,,,,,,
optimised_new,100000.0,2017-10-29 00:00:00,153498.07139066502,0.0,0,153498.07139066502,-45208.495008596015,98706.56639926131,,,,,,,,
optimised_new,100000.0,2017-10-30 00:00:00,124246.89781323724,29043.9444,2,153290.84221323725,-45469.06239112101,98727.59353232852,,,,,,,,
optimised_new,100000.0,2017-10-31 00:00:00,125508.69425802535,27610.9628,2,153119.65705802536,-45385.37042272101,98744.61365531664,,,,,,,,
optimised_new,100000.0,2017-11-01 00:00:00,125602.96358924152,27451.710399999996,2,153054.67398924154,-45723.31942252102,98761.80662713281,,,,,,,,
optimised_new,100000.0,2017-11-02 00:00:00,139231.3500692647,14010.7,1,153242.05006926472,-45723.31942252102,98779.012512556,,,,,,,,
optimised_new,100000.0,2017-11-05 00:00:00,125360.76654430687,27578.486,2,152939.25254430686,-47239.197658521014,98836.23087559816,,,,,,,,
optimised_new,100000.0,2017-11-06 00:00:00,139202.28227282266,13699.552,1,152901.83427282266,-47239.197658521014,98853.40358334396,,,,,,,,
optimised_new,100000.0,2017-11-07 00:00:00,151633.27473061346,0.0,0,151633.27473061346,-47239.197658521014,98872.47238913475,,,,,,,,
optimised_new,100000.0,2017-11-08 00:00:00,122749.72795955942,28353.2224,2,151102.9503595594,-47495.17160512502,98893.2440706047,,,,,,,,
optimised_new,100000.0,2017-11-09 00:00:00,122522.77561328677,28146.394200000002,2,150669.16981328678,-47461.83296602502,98910.05910183204,,,,,,,,
optimised_new,100000.0,2017-11-12 00:00:00,136223.79690508125,14997.18,1,151220.97690508125,-47461.83296602502,98960.41092742654,,,,,,,,
optimised_new,100000.0,2017-11-13 00:00:00,122609.55681757785,28777.7216,2,151387.27841757785,-47401.04604282502,98979.07172152313,,,,,,,,
optimised_new,100000.0,2017-11-17 00:00:00,122740.85258178199,28525.1794,2,151266.031981782,-47328.31642322502,99046.25504032728,,,,,,,,
optimised_new,100000.0,2017-11-19 00:00:00,136476.78519162632,14909.220000000001,1,151386.00519162632,-47328.31642322502,99079.8826711716,,,,,,,,
optimised_new,100000.0,2017-12-12 00:00:00,123214.77401403006,28574.1984,2,151788.97241403005,-47930.241735825024,99509.87802177535,,,,,,,,
optimised_new,100000.0,2017-12-13 00:00:00,136321.73396579636,15275.72,1,151597.45396579636,-47930.241735825024,99526.75675794166,,,,,,,,
optimised_new,100000.0,2017-12-14 00:00:00,122705.02641592866,28629.32,2,151334.34641592865,-47634.04402082502,99545.43096807397,,,,,,,,
optimised_new,100000.0,2017-12-17 00:00:00,123035.7501693133,28598.1008,2,151633.8509693133,-47898.49709522502,99595.8576912586,,,,,,,,
optimised_new,100000.0,2017-12-18 00:00:00,136439.43375206526,15290.380000000003,1,151729.81375206527,-47898.49709522502,99612.71190361056,,,,,,,,
optimised_new,100000.0,2017-12-26 00:00:00,151863.7374755108,0.0,0,151863.7374755108,-47898.49709522502,99762.23457073611,,,,,,,,
optimised_new,100000.0,2018-01-01 00:00:00,136796.83083616465,14764.049999999997,1,151560.88083616464,-48436.63070562502,99887.05408098995,,,,,,,,
optimised_new,100000.0,2018-01-02 00:00:00,151469.16266726,0.0,0,151469.16266726,-48436.63070562502,99905.79337288532,,,,,,,,
optimised_new,100000.0,2018-01-03 00:00:00,151489.9118676254,0.0,0,151489.9118676254,-48436.63070562502,99926.5425732507,,,,,,,,
optimised_new,100000.0,2018-01-08 00:00:00,151593.67208123335,0.0,0,151593.67208123335,-48436.63070562502,100030.30278685867,,,,,,,,
optimised_new,100000.0,2018-04-18 00:00:00,138293.72381348175,15361.2127,1,153654.93651348175,-49278.01965302502,102106.92843180707,,,,,,,,
optimised_new,100000.0,2018-04-22 00:00:00,152904.68616169324,0.0,0,152904.68616169324,-49278.01965302502,102182.70581471857,,,,,,,,
optimised_new,100000.0,2018-07-23 00:00:00,139335.99649687897,15109.0134,1,154445.00989687897,-48922.76091362502,104109.7237773043,,,,,,,,
optimised_new,100000.0,2018-07-25 00:00:00,155225.13710929453,0.0,0,155225.13710929453,-48922.76091362502,104147.89802291988,,,,,,,,
optimised_new,100000.0,2019-01-24 00:00:00,159116.39739573302,0.0,0,159116.39739573302,-48922.76091362502,108039.15830935836,,,,,,,,
optimised_new,100000.0,2019-01-25 00:00:00,159138.19416249957,0.0,0,159138.19416249957,-48922.76091362502,108060.9550761249,,,,,,,,
optimised_new,100000.0,2019-01-29 00:00:00,143297.37056249956,15925.355200000002,1,159222.72576249955,-48475.19240722502,108148.1540866249,,,,,,,,
optimised_new,100000.0,2019-04-16 00:00:00,161184.4544921821,0.0,0,161184.4544921821,-48475.19240722502,109659.64689940742,,,,,,,,
optimised_new,100000.0,2019-04-22 00:00:00,145177.8038577373,15939.88,1,161117.6838577373,-48069.81248722502,109792.12727296264,,,,,,,,
optimised_new,100000.0,2019-04-29 00:00:00,161861.5263784776,0.0,0,161861.5263784776,-48069.81248722502,109931.33886570293,,,,,,,,
optimised_new,100000.0,2020-03-30 00:00:00,169311.5911542541,0.0,0,169311.5911542541,-48069.81248722502,117381.40364147944,,,,,,,,
optimised_new,100000.0,2020-03-31 00:00:00,169334.78452290536,0.0,0,169334.78452290536,-48069.81248722502,117404.5970101307,,,,,,,,
optimised_new,100000.0,2020-04-05 00:00:00,169450.76725203064,0.0,0,169450.76725203064,-48069.81248722502,117520.57973925598,,,,,,,,
optimised_new,100000.0,2020-04-07 00:00:00,169497.19211977092,0.0,0,169497.19211977092,-48069.81248722502,117567.00460699626,,,,,,,,
optimised_new,100000.0,2020-04-08 00:00:00,169520.410913212,0.0,0,169520.410913212,-48069.81248722502,117590.22340043732,,,,,,,,
optimised_new,100000.0,2020-04-09 00:00:00,169543.63288730968,0.0,0,169543.63288730968,-48069.81248722502,117613.44537453502,,,,,,,,
optimised_new,100000.0,2020-04-12 00:00:00,169613.3083528798,0.0,0,169613.3083528798,-48069.81248722502,117683.12084010514,,,,,,,,
optimised_new,100000.0,2020-04-19 00:00:00,169775.95125130037,0.0,0,169775.95125130037,-48069.81248722502,117845.76373852571,,,,,,,,
optimised_new,100000.0,2020-04-23 00:00:00,169868.97916979424,0.0,0,169868.97916979424,-48069.81248722502,117938.79165701958,,,,,,,,
optimised_new,100000.0,2020-04-28 00:00:00,169985.32778566398,0.0,0,169985.32778566398,-48069.81248722502,118055.1402728893,,,,,,,,
optimised_new,100000.0,2020-05-14 00:00:00,170357.898367112,0.0,0,170357.898367112,-48069.81248722502,118427.71085433733,,,,,,,,
optimised_new,100000.0,2020-05-17 00:00:00,170427.90846233137,0.0,0,170427.90846233137,-48069.81248722502,118497.7209495567,,,,,,,,
optimised_new,100000.0,2020-05-18 00:00:00,170451.25475116182,0.0,0,170451.25475116182,-48069.81248722502,118521.06723838714,,,,,,,,
optimised_new,100000.0,2020-05-21 00:00:00,170521.30321201845,0.0,0,170521.30321201845,-48069.81248722502,118591.11569924379,,,,,,,,
optimised_new,100000.0,2020-05-26 00:00:00,170638.09862517737,0.0,0,170638.09862517737,-48069.81248722502,118707.91111240271,,,,,,,,
optimised_new,100000.0,2020-05-27 00:00:00,170661.47370718082,0.0,0,170661.47370718082,-48069.81248722502,118731.28619440616,,,,,,,,
optimised_new,100000.0,2020-06-03 00:00:00,170825.12169566716,0.0,0,170825.12169566716,-48069.81248722502,118894.9341828925,,,,,,,,
optimised_new,100000.0,2020-06-04 00:00:00,170848.5223972693,0.0,0,170848.5223972693,-48069.81248722502,118918.33488449464,,,,,,,,
optimised_new,100000.0,2020-06-07 00:00:00,170918.73411880241,0.0,0,170918.73411880241,-48069.81248722502,118988.54660602777,,,,,,,,
optimised_new,100000.0,2020-06-08 00:00:00,170942.14764402417,0.0,0,170942.14764402417,-48069.81248722502,119011.96013124952,,,,,,,,
optimised_new,100000.0,2020-06-09 00:00:00,170965.56437657814,0.0,0,170965.56437657814,-48069.81248722502,119035.3768638035,,,,,,,,
optimised_new,100000.0,2020-06-10 00:00:00,170988.9843169037,0.0,0,170988.9843169037,-48069.81248722502,119058.79680412906,,,,,,,,
optimised_new,100000.0,2020-06-11 00:00:00,171012.40746544025,0.0,0,171012.40746544025,-48069.81248722502,119082.21995266562,,,,,,,,
optimised_new,100000.0,2020-06-17 00:00:00,171152.96560856252,0.0,0,171152.96560856252,-48069.81248722502,119222.7780957879,,,,,,,,
optimised_new,100000.0,2020-06-18 00:00:00,171176.4112202897,0.0,0,171176.4112202897,-48069.81248722502,119246.2237075151,,,,,,,,
optimised_new,100000.0,2020-06-19 00:00:00,171199.86004374456,0.0,0,171199.86004374456,-48069.81248722502,119269.67253096994,,,,,,,,
optimised_new,100000.0,2020-06-23 00:00:00,171293.66818623428,0.0,0,171293.66818623428,-48069.81248722502,119363.48067345966,,,,,,,,
optimised_new,100000.0,2020-06-24 00:00:00,171317.1330722872,0.0,0,171317.1330722872,-48069.81248722502,119386.94555951258,,,,,,,,
optimised_new,100000.0,2020-06-25 00:00:00,171340.60117270806,0.0,0,171340.60117270806,-48069.81248722502,119410.41365993343,,,,,,,,
optimised_new,100000.0,2020-06-29 00:00:00,171434.4864336246,0.0,0,171434.4864336246,-48069.81248722502,119504.29892084998,,,,,,,,
optimised_new,100000.0,2020-06-30 00:00:00,171457.9706098484,0.0,0,171457.9706098484,-48069.81248722502,119527.78309707376,,,,,,,,
optimised_new,100000.0,2020-07-01 00:00:00,171481.4580030826,0.0,0,171481.4580030826,-48069.81248722502,119551.27049030799,,,,,,,,
optimised_new,100000.0,2020-07-05 00:00:00,171575.420445824,0.0,0,171575.420445824,-48069.81248722502,119645.2329330494,,,,,,,,
optimised_new,100000.0,2020-07-06 00:00:00,171598.92392807687,0.0,0,171598.92392807687,-48069.81248722502,119668.73641530225,,,,,,,,
optimised_new,100000.0,2020-07-08 00:00:00,171645.93733189278,0.0,0,171645.93733189278,-48069.81248722502,119715.74981911817,,,,,,,,
optimised_new,100000.0,2020-07-09 00:00:00,171669.45047399306,0.0,0,171669.45047399306,-48069.81248722502,119739.26296121842,,,,,,,,
optimised_new,100000.0,2020-07-12 00:00:00,171739.99956322895,0.0,0,171739.99956322895,-48069.81248722502,119809.81205045432,,,,,,,,
optimised_new,100000.0,2020-07-14 00:00:00,171787.0516179038,0.0,0,171787.0516179038,-48069.81248722502,119856.86410512918,,,,,,,,
optimised_new,100000.0,2020-07-15 00:00:00,171810.58409072817,0.0,0,171810.58409072817,-48069.81248722502,119880.39657795355,,,,,,,,
optimised_new,100000.0,2020-07-16 00:00:00,171834.11978717896,0.0,0,171834.11978717896,-48069.81248722502,119903.93227440433,,,,,,,,
optimised_new,100000.0,2020-07-19 00:00:00,171904.73654873532,0.0,0,171904.73654873532,-48069.81248722502,119974.5490359607,,,,,,,,
optimised_new,100000.0,2020-07-22 00:00:00,171975.38233087864,0.0,0,171975.38233087864,-48069.81248722502,120045.19481810402,,,,,,,,
optimised_new,100000.0,2020-07-26 00:00:00,172069.61541708733,0.0,0,172069.61541708733,-48069.81248722502,120139.42790431272,,,,,,,,
optimised_new,100000.0,2020-08-09 00:00:00,172399.61193980504,0.0,0,172399.61193980504,-48069.81248722502,120469.42442703042,,,,,,,,
optimised_new,100000.0,2020-08-10 00:00:00,172423.22832500227,0.0,0,172423.22832500227,-48069.81248722502,120493.04081222766,,,,,,,,
optimised_new,100000.0,2020-08-17 00:00:00,172588.56566723174,0.0,0,172588.56566723174,-48069.81248722502,120658.37815445711,,,,,,,,
optimised_new,100000.0,2020-08-20 00:00:00,172659.4924750402,0.0,0,172659.4924750402,-48069.81248722502,120729.30496226557,,,,,,,,
optimised_new,100000.0,2020-08-23 00:00:00,172730.44843085186,0.0,0,172730.44843085186,-48069.81248722502,120800.26091807723,,,,,,,,
optimised_new,100000.0,2020-09-01 00:00:00,172943.40377823237,0.0,0,172943.40377823237,-48069.81248722502,121013.21626545773,,,,,,,,
optimised_new,100000.0,2020-09-08 00:00:00,173109.23991884163,0.0,0,173109.23991884163,-48069.81248722502,121179.05240606698,,,,,,,,
optimised_new,100000.0,2020-09-09 00:00:00,173132.95351335107,0.0,0,173132.95351335107,-48069.81248722502,121202.76600057642,,,,,,,,
optimised_new,100000.0,2020-09-10 00:00:00,173156.6703562981,0.0,0,173156.6703562981,-48069.81248722502,121226.48284352345,,,,,,,,
optimised_new,100000.0,2020-09-13 00:00:00,173227.830631787,0.0,0,173227.830631787,-48069.81248722502,121297.64311901234,,,,,,,,
optimised_new,100000.0,2020-09-15 00:00:00,173275.29031141213,0.0,0,173275.29031141213,-48069.81248722502,121345.10279863748,,,,,,,,
optimised_new,100000.0,2020-09-16 00:00:00,173299.02665255067,0.0,0,173299.02665255067,-48069.81248722502,121368.83913977603,,,,,,,,
optimised_new,100000.0,2020-09-17 00:00:00,173322.7662452428,0.0,0,173322.7662452428,-48069.81248722502,121392.57873246816,,,,,,,,
optimised_new,100000.0,2020-09-27 00:00:00,173560.1946921541,0.0,0,173560.1946921541,-48069.81248722502,121630.00717937945,,,,,,,,
optimised_new,100000.0,2020-09-28 00:00:00,173583.97006129002,0.0,0,173583.97006129002,-48069.81248722502,121653.78254851536,,,,,,,,
optimised_new,100000.0,2020-09-29 00:00:00,173607.7486873258,0.0,0,173607.7486873258,-48069.81248722502,121677.56117455116,,,,,,,,
optimised_new,100000.0,2020-09-30 00:00:00,173631.53057070763,0.0,0,173631.53057070763,-48069.81248722502,121701.34305793299,,,,,,,,
optimised_new,100000.0,2020-10-01 00:00:00,173655.3157118817,0.0,0,173655.3157118817,-48069.81248722502,121725.12819910706,,,,,,,,
optimised_new,100000.0,2020-10-05 00:00:00,173750.46930953205,0.0,0,173750.46930953205,-48069.81248722502,121820.28179675741,,,,,,,,
optimised_new,100000.0,2020-10-06 00:00:00,173774.27074368406,0.0,0,173774.27074368406,-48069.81248722502,121844.0832309094,,,,,,,,
optimised_new,100000.0,2020-10-07 00:00:00,173798.0754383065,0.0,0,173798.0754383065,-48069.81248722502,121867.88792553182,,,,,,,,
optimised_new,100000.0,2020-10-08 00:00:00,173821.883393846,0.0,0,173821.883393846,-48069.81248722502,121891.69588107131,,,,,,,,
optimised_new,100000.0,2020-10-09 00:00:00,173845.69461074925,0.0,0,173845.69461074925,-48069.81248722502,121915.50709797458,,,,,,,,
optimised_new,100000.0,2020-10-13 00:00:00,173940.95252560446,0.0,0,173940.95252560446,-48069.81248722502,122010.76501282978,,,,,,,,
optimised_new,100000.0,2020-10-26 00:00:00,174250.7103862665,0.0,0,174250.7103862665,-48069.81248722502,122320.52287349182,,,,,,,,
optimised_new,100000.0,2020-11-03 00:00:00,174441.6700688816,0.0,0,174441.6700688816,-48069.81248722502,122511.4825561069,,,,,,,,
optimised_new,100000.0,2020-11-11 00:00:00,174632.83902238173,0.0,0,174632.83902238173,-48069.81248722502,122702.65150960705,,,,,,,,
optimised_new,100000.0,2020-11-15 00:00:00,174728.5282492433,0.0,0,174728.5282492433,-48069.81248722502,122798.34073646863,,,,,,,,
optimised_new,100000.0,2020-11-16 00:00:00,174752.46366407195,0.0,0,174752.46366407195,-48069.81248722502,122822.2761512973,,,,,,,,
optimised_new,100000.0,2020-11-17 00:00:00,174776.40235772455,0.0,0,174776.40235772455,-48069.81248722502,122846.2148449499,,,,,,,,
optimised_new,100000.0,2020-12-01 00:00:00,175111.58997868458,0.0,0,175111.58997868458,-48069.81248722502,123181.40246590992,,,,,,,,
optimised_new,100000.0,2020-12-02 00:00:00,175135.57786772275,0.0,0,175135.57786772275,-48069.81248722502,123205.3903549481,,,,,,,,
optimised_new,100000.0,2020-12-04 00:00:00,175183.56021782348,0.0,0,175183.56021782348,-48069.81248722502,123253.37270504885,,,,,,,,
optimised_new,100000.0,2021-03-17 00:00:00,159894.25412845306,17345.236800000002,1,177239.49092845307,-48739.47333982502,125725.14074647841,,,,,,,,
optimised_new,100000.0,2021-03-18 00:00:00,177007.5707291364,0.0,0,177007.5707291364,-48739.47333982502,125747.04406896177,,,,,,,,
optimised_new,100000.0,2021-03-24 00:00:00,177153.0564037083,0.0,0,177153.0564037083,-48739.47333982502,125892.52974353365,,,,,,,,
optimised_new,100000.0,2021-03-25 00:00:00,177177.32394568142,0.0,0,177177.32394568142,-48739.47333982502,125916.79728550676,,,,,,,,
optimised_new,100000.0,2021-03-29 00:00:00,177274.40741085712,0.0,0,177274.40741085712,-48739.47333982502,126013.88075068248,,,,,,,,
optimised_new,100000.0,2021-03-30 00:00:00,177298.69157625586,0.0,0,177298.69157625586,-48739.47333982502,126038.16491608122,,,,,,,,
optimised_new,100000.0,2021-04-06 00:00:00,159765.7950965331,17565.1276,1,177330.92269653312,-49045.99006952501,126208.17736005846,,,,,,,,
optimised_new,100000.0,2021-04-07 00:00:00,177184.0730158888,0.0,0,177184.0730158888,-49045.99006952501,126230.06308541415,,,,,,,,
optimised_new,100000.0,2021-04-08 00:00:00,159497.5793343129,17554.6554,1,177052.2347343129,-48880.51787372501,126254.33487623824,,,,,,,,
optimised_new,100000.0,2021-04-11 00:00:00,177439.36395292426,0.0,0,177439.36395292426,-48880.51787372501,126319.8818266496,,,,,,,,
optimised_new,100000.0,2021-04-12 00:00:00,159726.2104746096,17522.1475,1,177248.3579746096,-49263.054809825015,126344.18858883492,,,,,,,,
optimised_new,100000.0,2021-04-13 00:00:00,177103.01408181436,0.0,0,177103.01408181436,-49263.054809825015,126366.06889163966,,,,,,,,
optimised_new,100000.0,2021-04-14 00:00:00,159410.6825753749,17460.3649,1,176871.0474753749,-49261.804281425015,126390.32957850018,,,,,,,,
optimised_new,100000.0,2021-04-15 00:00:00,159438.25276167976,17601.4377,1,177039.69046167977,-49218.79099242501,126412.16665830502,,,,,,,,
optimised_new,100000.0,2021-04-18 00:00:00,177258.89823550783,0.0,0,177258.89823550783,-49218.79099242501,126477.68922793311,,,,,,,,
optimised_new,100000.0,2021-04-19 00:00:00,159587.170344762,17477.2053,1,177064.375644762,-49624.12780512501,126501.97126878728,,,,,,,,
optimised_new,100000.0,2021-04-20 00:00:00,176899.70471987364,0.0,0,176899.70471987364,-49624.12780512501,126523.8325249989,,,,,,,,
optimised_new,100000.0,2021-04-21 00:00:00,159228.10350023664,17479.64,1,176707.74350023665,-49974.85113422501,126548.06536126189,,,,,,,,
optimised_new,100000.0,2021-04-22 00:00:00,176595.02629600928,0.0,0,176595.02629600928,-49974.85113422501,126569.87743023453,,,,,,,,
optimised_new,100000.0,2021-04-25 00:00:00,158997.3806280871,17189.373000000003,1,176186.75362808708,-49676.348608825014,126642.45072871234,,,,,,,,
optimised_new,100000.0,2021-04-26 00:00:00,176987.88258298684,0.0,0,176987.88258298684,-49676.348608825014,126664.23119181208,,,,,,,,
optimised_new,100000.0,2021-04-27 00:00:00,177012.12749840916,0.0,0,177012.12749840916,-49676.348608825014,126688.47610723441,,,,,,,,
optimised_new,100000.0,2021-04-28 00:00:00,177036.37573505277,0.0,0,177036.37573505277,-49676.348608825014,126712.72434387803,,,,,,,,
optimised_new,100000.0,2021-04-29 00:00:00,177060.62729337264,0.0,0,177060.62729337264,-49676.348608825014,126736.9759021979,,,,,,,,
optimised_new,100000.0,2021-05-03 00:00:00,177157.64681517723,0.0,0,177157.64681517723,-49676.348608825014,126833.99542400248,,,,,,,,
optimised_new,100000.0,2021-05-04 00:00:00,177181.91498597382,0.0,0,177181.91498597382,-49676.348608825014,126858.26359479908,,,,,,,,
optimised_new,100000.0,2021-05-05 00:00:00,177206.18648117737,0.0,0,177206.18648117737,-49676.348608825014,126882.53509000264,,,,,,,,
optimised_new,100000.0,2021-05-06 00:00:00,177230.46130124328,0.0,0,177230.46130124328,-49676.348608825014,126906.80991006855,,,,,,,,
optimised_new,100000.0,2021-05-10 00:00:00,177327.5738827782,0.0,0,177327.5738827782,-49676.348608825014,127003.92249160347,,,,,,,,
optimised_new,100000.0,2021-05-11 00:00:00,177351.8653312553,0.0,0,177351.8653312553,-49676.348608825014,127028.21394008056,,,,,,,,
optimised_new,100000.0,2021-05-12 00:00:00,177376.1601073281,0.0,0,177376.1601073281,-49676.348608825014,127052.50871615333,,,,,,,,
optimised_new,100000.0,2021-05-13 00:00:00,177400.45821145238,0.0,0,177400.45821145238,-49676.348608825014,127076.80682027762,,,,,,,,
optimised_new,100000.0,2021-05-14 00:00:00,177424.7596440841,0.0,0,177424.7596440841,-49676.348608825014,127101.10825290933,,,,,,,,
optimised_new,100000.0,2021-05-17 00:00:00,177497.67392886934,0.0,0,177497.67392886934,-49676.348608825014,127174.02253769456,,,,,,,,
optimised_new,100000.0,2021-05-26 00:00:00,177716.50667754875,0.0,0,177716.50667754875,-49676.348608825014,127392.85528637399,,,,,,,,
optimised_new,100000.0,2021-05-31 00:00:00,177838.2303122594,0.0,0,177838.2303122594,-49676.348608825014,127514.57892108464,,,,,,,,
optimised_new,100000.0,2021-06-01 00:00:00,177862.59171367204,0.0,0,177862.59171367204,-49676.348608825014,127538.94032249728,,,,,,,,
optimised_new,100000.0,2021-06-07 00:00:00,178008.78014521752,0.0,0,178008.78014521752,-49676.348608825014,127685.12875404276,,,,,,,,
optimised_new,100000.0,2021-06-08 00:00:00,178033.16490962097,0.0,0,178033.16490962097,-49676.348608825014,127709.51351844621,,,,,,,,
optimised_new,100000.0,2021-06-17 00:00:00,178252.65785266022,0.0,0,178252.65785266022,-49676.348608825014,127929.00646148548,,,,,,,,
optimised_new,100000.0,2021-06-20 00:00:00,178325.91236958597,0.0,0,178325.91236958597,-49676.348608825014,128002.26097841123,,,,,,,,
optimised_new,100000.0,2021-06-21 00:00:00,178350.3405767599,0.0,0,178350.3405767599,-49676.348608825014,128026.68918558514,,,,,,,,
optimised_new,100000.0,2021-06-22 00:00:00,178374.77213026356,0.0,0,178374.77213026356,-49676.348608825014,128051.1207390888,,,,,,,,
optimised_new,100000.0,2021-10-18 00:00:00,181258.09036469797,0.0,0,181258.09036469797,-49676.348608825014,130934.4389735232,,,,,,,,
optimised_new,100000.0,2021-10-19 00:00:00,181282.9202400904,0.0,0,181282.9202400904,-49676.348608825014,130959.26884891561,,,,,,,,
optimised_new,100000.0,2021-10-20 00:00:00,181307.75351683563,0.0,0,181307.75351683563,-49676.348608825014,130984.10212566084,,,,,,,,
optimised_new,100000.0,2021-12-09 00:00:00,182549.58744503313,0.0,0,182549.58744503313,-49676.348608825014,132225.93605385834,,,,,,,,
optimised_new,100000.0,2021-12-13 00:00:00,182649.6146162359,0.0,0,182649.6146162359,-49676.348608825014,132325.9632250611,,,,,,,,
optimised_new,100000.0,2022-05-27 00:00:00,186777.99631646587,0.0,0,186777.99631646587,-49676.348608825014,136454.34492529108,,,,,,,,
optimised_new,100000.0,2022-05-31 00:00:00,186880.34042403655,0.0,0,186880.34042403655,-49676.348608825014,136556.68903286176,,,,,,,,
optimised_new,100000.0,2022-06-05 00:00:00,187008.3406572037,0.0,0,187008.3406572037,-49676.348608825014,136684.6892660289,,,,,,,,
optimised_new,100000.0,2022-06-06 00:00:00,187033.95823811565,0.0,0,187033.95823811565,-49676.348608825014,136710.30684694086,,,,,,,,
optimised_new,100000.0,2022-10-23 00:00:00,190595.28977169073,0.0,0,190595.28977169073,-49676.348608825014,140271.63838051594,,,,,,,,
optimised_new,100000.0,2022-10-24 00:00:00,190621.39871549507,0.0,0,190621.39871549507,-49676.348608825014,140297.74732432028,,,,,,,,
optimised_new,100000.0,2022-10-25 00:00:00,190647.51123586704,0.0,0,190647.51123586704,-49676.348608825014,140323.85984469226,,,,,,,,
optimised_new,100000.0,2022-10-26 00:00:00,190673.6273332966,0.0,0,190673.6273332966,-49676.348608825014,140349.97594212182,,,,,,,,
optimised_new,100000.0,2022-10-28 00:00:00,190725.86668325093,0.0,0,190725.86668325093,-49676.348608825014,140402.21529207614,,,,,,,,
optimised_new,100000.0,2022-10-30 00:00:00,190778.12034535594,0.0,0,190778.12034535594,-49676.348608825014,140454.46895418115,,,,,,,,
optimised_new,100000.0,2022-11-02 00:00:00,190856.52231262115,0.0,0,190856.52231262115,-49676.348608825014,140532.87092144636,,,,,,,,
optimised_new,100000.0,2022-11-03 00:00:00,190882.66704170508,0.0,0,190882.66704170508,-49676.348608825014,140559.0156505303,,,,,,,,
optimised_new,100000.0,2022-11-06 00:00:00,190961.11197336606,0.0,0,190961.11197336606,-49676.348608825014,140637.46058219127,,,,,,,,
optimised_new,100000.0,2023-01-12 00:00:00,173429.85981019147,18360.239999999998,1,191790.09981019146,-49615.25551952501,142390.11736331668,,,,,,,,
optimised_new,100000.0,2023-01-16 00:00:00,192869.89190396143,0.0,0,192869.89190396143,-49615.25551952501,142485.14742348663,,,,,,,,
optimised_new,100000.0,2023-01-23 00:00:00,173732.59569892412,19468.55,1,193201.1456989241,-48942.19727002501,142670.09115544934,,,,,,,,
optimised_new,100000.0,2023-01-24 00:00:00,193751.6928711363,0.0,0,193751.6928711363,-48942.19727002501,142693.8901411615,,,,,,,,
optimised_new,100000.0,2024-02-13 00:00:00,183575.19273370446,20054.36,1,203629.55273370445,-48708.45271202502,152912.30134052967,,,,,,,,
optimised_new,100000.0,2024-02-21 00:00:00,204405.02692191125,0.0,0,204405.02692191125,-48708.45271202502,153113.47963393645,,,,,,,,
optimised_new,100000.0,2024-02-22 00:00:00,183979.2174337307,19938.079999999998,1,203917.29743373068,-48907.68654002502,153141.4803225559,,,,,,,,
optimised_new,100000.0,2024-03-27 00:00:00,205090.68328838644,0.0,0,205090.68328838644,-48907.68654002502,153998.36982841164,,,,,,,,
optimised_new,100000.0,2024-04-04 00:00:00,184784.64781947917,20025.39,1,204810.03781947918,-48946.19172212502,154223.12674160438,,,,,,,,
optimised_new,100000.0,2024-04-18 00:00:00,205631.31653584528,0.0,0,205631.31653584528,-48946.19172212502,154577.5082579705,,,,,,,,
optimised_new,100000.0,2024-04-22 00:00:00,185196.71447983754,20526.75,1,205723.46447983754,-48913.56397712502,154690.18295196275,,,,,,,,
optimised_new,100000.0,2024-04-24 00:00:00,185229.3679883224,20143.2,1,205372.5679883224,-48638.586450725015,154740.92177784763,,,,,,,,
optimised_new,100000.0,2024-05-06 00:00:00,206406.82195943195,0.0,0,206406.82195943195,-48638.586450725015,155045.4084101572,,,,,,,,
optimised_new,100000.0,2024-05-07 00:00:00,185793.2356265497,20621.239999999998,1,206414.47562654968,-48616.56785512501,155073.68331727493,,,,,,,,
optimised_new,100000.0,2024-05-14 00:00:00,206635.27335932583,0.0,0,206635.27335932583,-48616.56785512501,155251.84121445107,,,,,,,,
optimised_new,100000.0,2024-05-16 00:00:00,186050.48298098592,20674.500000000004,1,206724.98298098592,-48377.44606312501,155308.45361811115,,,,,,,,
optimised_new,100000.0,2024-05-27 00:00:00,207211.357597834,0.0,0,207211.357597834,-48377.44606312501,155588.8036609592,,,,,,,,
optimised_new,100000.0,2024-06-23 00:00:00,187166.09610097116,20564.96,1,207731.05610097115,-48386.92393672501,156355.2018328964,,,,,,,,
optimised_new,100000.0,2024-06-24 00:00:00,207993.91708741785,0.0,0,207993.91708741785,-48386.92393672501,156380.8410241431,,,,,,,,
optimised_new,100000.0,2024-06-25 00:00:00,187223.32549922707,20581.6,1,207804.92549922707,-48743.43088232501,156409.33334155232,,,,,,,,
optimised_new,100000.0,2024-06-26 00:00:00,207691.54949011738,0.0,0,207691.54949011738,-48743.43088232501,156434.98037244263,,,,,,,,
optimised_new,100000.0,2024-07-15 00:00:00,187396.0340695355,20386.08,1,207782.1140695355,-48858.28731752501,156975.54741906075,,,,,,,,
optimised_new,100000.0,2024-07-16 00:00:00,208142.93079113407,0.0,0,208142.93079113407,-48858.28731752501,157001.21810865932,,,,,,,,
optimised_new,100000.0,2024-07-21 00:00:00,187536.77865456088,20282.760000000002,1,207819.5386545609,-49279.63901712502,157143.78175988613,,,,,,,,
optimised_new,100000.0,2024-07-22 00:00:00,207889.8327124396,0.0,0,207889.8327124396,-49279.63901712502,157169.47172956483,,,,,,,,
optimised_new,100000.0,2024-07-25 00:00:00,187235.6680102666,20718.88,1,207954.54801026662,-48198.54283472501,157254.90590739186,,,,,,,,
optimised_new,100000.0,2024-07-29 00:00:00,188299.13017044758,20179.199999999997,1,208478.3301704476,-48762.51399632501,157357.50079397284,,,,,,,,
optimised_new,100000.0,2024-07-30 00:00:00,208620.7811990408,0.0,0,208620.7811990408,-48762.51399632501,157383.29519536605,,,,,,,,
optimised_new,100000.0,2024-08-01 00:00:00,187854.8425847515,20593.100000000002,1,208447.9425847515,-49188.05516082502,157440.45157377675,,,,,,,,
optimised_new,100000.0,2024-08-04 00:00:00,208329.5970331918,0.0,0,208329.5970331918,-49188.05516082502,157517.65219401705,,,,,,,,
optimised_new,100000.0,2024-08-06 00:00:00,208386.6736351187,0.0,0,208386.6736351187,-49188.05516082502,157574.72879594396,,,,,,,,
optimised_new,100000.0,2024-08-07 00:00:00,208415.21975479473,0.0,0,208415.21975479473,-49188.05516082502,157603.27491562,,,,,,,,
optimised_new,100000.0,2024-08-08 00:00:00,208443.76978489812,0.0,0,208443.76978489812,-49188.05516082502,157631.82494572338,,,,,,,,
optimised_new,100000.0,2024-08-09 00:00:00,208472.32372596455,0.0,0,208472.32372596455,-49188.05516082502,157660.3788867898,,,,,,,,
optimised_new,100000.0,2024-08-14 00:00:00,187791.53261119055,20291.370000000003,1,208082.90261119054,-49742.79866442502,157803.1681496158,,,,,,,,
optimised_new,100000.0,2024-08-15 00:00:00,208086.09435267153,0.0,0,208086.09435267153,-49742.79866442502,157828.8930170968,,,,,,,,
optimised_new,100000.0,2024-08-19 00:00:00,187459.952287999,20601.04,1,208060.99228799902,-49652.67524322502,157942.91279482428,,,,,,,,
optimised_new,100000.0,2024-08-20 00:00:00,208315.91699711792,0.0,0,208315.91699711792,-49652.67524322502,157968.5922403432,,,,,,,,
optimised_new,100000.0,2024-08-21 00:00:00,187567.71744410382,20755.98,1,208323.69744410383,-49177.77023712502,157997.1286673291,,,,,,,,
optimised_new,100000.0,2024-08-22 00:00:00,188001.73754547286,20171.06,1,208172.79754547286,-49837.796422125015,158022.82287519815,,,,,,,,
optimised_new,100000.0,2024-08-25 00:00:00,208262.28744110526,0.0,0,208262.28744110526,-49837.796422125015,158100.08386323054,,,,,,,,
optimised_new,100000.0,2024-08-29 00:00:00,208376.4037629908,0.0,0,208376.4037629908,-49837.796422125015,158214.2001851161,,,,,,,,
optimised_new,100000.0,2024-08-30 00:00:00,208404.94847583506,0.0,0,208404.94847583506,-49837.796422125015,158242.74489796034,,,,,,,,
optimised_new,100000.0,2024-09-08 00:00:00,208661.886083545,0.0,0,208661.886083545,-49837.796422125015,158499.68250567027,,,,,,,,
optimised_new,100000.0,2024-09-09 00:00:00,208690.46990355643,0.0,0,208690.46990355643,-49837.796422125015,158528.2663256817,,,,,,,,
optimised_new,100000.0,2025-02-20 00:00:00,213378.85854248563,0.0,0,213378.85854248563,-49837.796422125015,163216.6549646109,,,,,,,,
optimised_new,100000.0,2025-03-04 00:00:00,213729.61830995273,0.0,0,213729.61830995273,-49837.796422125015,163567.414732078,,,,,,,,
optimised_new,100000.0,2025-03-20 00:00:00,214198.0667884403,0.0,0,214198.0667884403,-49837.796422125015,164035.86321056559,,,,,,,,
optimised_new,100000.0,2025-03-21 00:00:00,214227.40898937022,0.0,0,214227.40898937022,-49837.796422125015,164065.2054114955,,,,,,,,
optimised_new,100000.0,2025-04-02 00:00:00,214579.56363428425,0.0,0,214579.56363428425,-49837.796422125015,164417.36005640952,,,,,,,,
optimised_new,100000.0,2025-04-03 00:00:00,214608.95809505606,0.0,0,214608.95809505606,-49837.796422125015,164446.75451718134,,,,,,,,
optimised_new,100000.0,2025-04-24 00:00:00,215226.326330672,0.0,0,215226.326330672,-49837.796422125015,165064.12275279727,,,,,,,,
optimised_new,100000.0,2025-04-30 00:00:00,215403.22468108076,0.0,0,215403.22468108076,-49837.796422125015,165241.02110320603,,,,,,,,
optimised_new,100000.0,2025-05-01 00:00:00,215432.73197213295,0.0,0,215432.73197213295,-49837.796422125015,165270.52839425823,,,,,,,,
optimised_new,100000.0,2025-05-06 00:00:00,215580.28863786728,0.0,0,215580.28863786728,-49837.796422125015,165418.08505999256,,,,,,,,
optimised_new,100000.0,2025-05-07 00:00:00,215609.82018425604,0.0,0,215609.82018425604,-49837.796422125015,165447.6166063813,,,,,,,,
optimised_new,100000.0,2025-05-11 00:00:00,215727.96255148028,0.0,0,215727.96255148028,-49837.796422125015,165565.75897360555,,,,,,,,
optimised_new,100000.0,2025-05-13 00:00:00,215787.06610286425,0.0,0,215787.06610286425,-49837.796422125015,165624.86252498953,,,,,,,,
optimised_new,100000.0,2025-05-15 00:00:00,215846.18584700202,0.0,0,215846.18584700202,-49837.796422125015,165683.9822691273,,,,,,,,
optimised_new,100000.0,SUMMARY,215846.18584700202,73950.04773,0,215846.18584700202,-49837.796422125015,165683.9822691273,1376.0,602.0,0.0,113.0,0.0,661.0,0.0,-0.18347101373843286
