date_opened,ticker,strategy,vol_filter,entry_signal,entry_score,entry_gate_flag,entry_price,regime_at_entry,rsi_at_entry,volume_ratio,kelly_fraction,position_size_gbp,date_closed,exit_reason,exit_price,stop_level,target_level,pnl_usd,return_pct,days_held,peak_gain,peak_loss,strategy_return,bh_return,market_ret_during_hold,notes
2000-07-09 18:00:00+00:00,CSX,optimised_new,daily-rescreened,BUY,7.0,BUY,1.0883,0.9091,62.07,1.17,0.1,10120.101700000001,2000-07-10 20:00:00+00:00,"rr_stop_loss(8.1% loss, risk=8%)",0.9996,1.0012,1088.2925,-844.2366821000011,-0.0815032619682073,1,0.005329412845722712,-0.0815032619682073,0.00101315328154028,0.12527204002476644,-0.08145371397285761,
2000-07-09 18:00:00+00:00,FAST,optimised_new,daily-rescreened,BUY,6.0,BUY,1.4069,0.4639,65.42,1.47,0.1,9106.8637,2000-07-09 19:00:00+00:00,"rr_stop_loss(8.4% loss, risk=8%)",1.289,1.2944,1406.947,-780.6172607000018,-0.08380126519297755,0,0.0,-0.08380126519297755,0.01426662727293082,0.015542170328244564,-0.08383399999999985,
2000-07-09 23:00:00+00:00,AAL.L,optimised_new,daily-rescreened,BUY,6.0,BUY,594.4363,0.1063,59.29,1.97,0.1,8191.332213999999,2000-07-20 18:00:00+00:00,signal,573.8405,546.8814,594436.267,-356.9644936779986,-0.03464761489162076,10,0.0994081283394033,-0.03464761489162076,0.017480754071010463,0.027892778035894628,-0.03464675842250298,
2000-07-18 23:00:00+00:00,ELV,optimised_new,daily-rescreened,BUY,6.0,BUY,17.8817,0.0036,60.11,2.29,0.1,9137.5487,2000-07-19 20:00:00+00:00,"rr_stop_loss(9.0% loss, risk=8%)",16.275,16.4512,17881.7124,-838.4777737,-0.08985163603013137,0,0.0,-0.08985163603013137,-0.006970253109271463,0.07098684945880462,-0.08985118381677071,
2000-07-20 00:00:00+00:00,KMB,optimised_new,daily-rescreened,BUY,6.0,BUY,36.4436,0.3979,51.22,1.79,0.1,9839.772,2000-08-03 22:00:00+00:00,signal,36.285,33.5281,36443.6,-62.45872200000186,-0.004351930105697762,14,0.07202087609347037,-0.032812345651911594,-0.008033820843579953,-0.01364789948214562,-0.004351514497657916,
2000-07-20 20:00:00+00:00,ELV,optimised_new,daily-rescreened,BUY,6.0,BUY,17.9784,0.0433,59.16,1.9,0.1,8863.351200000001,2000-07-23 20:00:00+00:00,"rr_stop_loss(8.6% loss, risk=8%)",16.4388,16.5401,17978.3579,-775.9904795999995,-0.08563609664931252,3,0.0,-0.08563609664931252,-0.0069275619653345055,0.08176787048956458,-0.08563169594306086,
2000-07-25 20:00:00+00:00,FAST,optimised_new,daily-rescreened,BUY,6.0,BUY,1.3893,0.5299,54.73,1.63,0.1,8792.8797,2000-07-30 18:00:00+00:00,"rr_stop_loss(8.5% loss, risk=8%)",1.2712,1.2781,1389.2803,-764.2932044999984,-0.08500683797595902,4,0.0,-0.08500683797595902,0.026350341348349238,0.0015560257326290294,-0.0849620969935948,
2000-07-25 21:00:00+00:00,CI,optimised_new,daily-rescreened,BUY,6.0,BUY,31.4117,0.14,62.5,3.65,0.1,7884.3367,2000-08-21 21:00:00+00:00,signal,29.2582,28.8988,31411.7152,-555.7566449000005,-0.06855725732768367,27,0.07495296338625422,-0.0732465928300601,0.022765315931813968,0.1463681513826003,-0.06855591498622204,
2000-07-27 21:00:00+00:00,PG,optimised_new,daily-rescreened,BUY,8.0,BUY,21.4874,0.9911,56.54,1.61,0.1,7112.3294000000005,2000-07-31 18:00:00+00:00,"rr_stop_loss(8.3% loss, risk=8%)",19.7037,19.7684,21487.4068,-604.0389540999996,-0.08301143926207916,3,0.0,-0.08301143926207916,-0.001249251613575586,-0.20251396833983415,-0.08300995697097302,
2000-07-27 18:00:00+00:00,HON,optimised_new,daily-rescreened,BUY,6.0,BUY,25.8235,0.1268,56.76,1.98,0.1,6404.228,2000-07-28 00:00:00+00:00,"rr_stop_loss(9.6% loss, risk=8%)",23.3405,23.7576,25823.4849,-627.9766720000003,-0.09615272910333614,0,0.01809592038259731,-0.09615272910333614,0.009427669537948491,-0.4313113185075569,-0.09615237048578873,
2000-08-06 18:00:00+00:00,ELV,optimised_new,daily-rescreened,BUY,6.0,BUY,19.491,0.0197,59.66,1.31,0.1,8790.441,2000-08-08 18:00:00+00:00,"rr_stop_loss(12.5% loss, risk=8%)",17.0473,17.9318,19491.045,-1118.5874733,-0.12537581447847723,2,0.0,-0.12537581447847723,-0.008245413118068035,0.12180868688585544,-0.1253784431253928,
2000-08-06 19:00:00+00:00,KMB,optimised_new,daily-rescreened,BUY,6.0,BUY,39.6498,0.4154,61.44,1.46,0.1,7890.3102,2000-08-07 18:00:00+00:00,"rr_stop_loss(8.0% loss, risk=8%)",36.4649,36.4778,39649.7769,-648.9419253000002,-0.08032575195839572,0,0.0,-0.08032575195839572,-0.009471689852570742,-0.008757722924382705,-0.08032463041208882,
2000-08-07 19:00:00+00:00,CSX,optimised_new,daily-rescreened,BUY,6.0,BUY,1.1641,0.0211,58.57,1.53,0.1,7849.5262999999995,2000-08-15 18:00:00+00:00,"rr_stop_loss(9.1% loss, risk=8%)",1.0576,1.0709,1164.0707,-733.1104230999986,-0.09148698565415327,7,0.07293187870457882,-0.09148698565415327,0.00015445255332946495,0.19056070216355292,-0.09142456837675617,
2000-08-08 19:00:00+00:00,AAL.L,optimised_new,daily-rescreened,BUY,6.0,BUY,599.2094,0.1539,58.19,1.57,0.1,7831.666858,2000-08-14 20:00:00+00:00,"trailing_stop(11.3% from peak, still +0.2% from entry)",600.5846,551.2726,599209.3681,-52.54708544999951,0.002295024076725204,6,0.13025813680493004,-0.026311670010517048,0.025472920531443677,0.0757988757060617,0.0022931502878016374,
2000-08-08 21:00:00+00:00,EFX,optimised_new,daily-rescreened,BUY,6.0,BUY,12.7513,0.0489,54.42,1.42,0.1,7038.7176,2000-08-20 23:00:00+00:00,signal,12.2954,11.7312,12751.2804,-265.4825784,-0.035753217319018434,12,0.03282802537780458,-0.05266129727949307,0.006017302953463366,-0.17225932786029519,-0.03574805217752253,
2000-08-11 00:00:00+00:00,PG,optimised_new,daily-rescreened,BUY,8.0,BUY,20.391,0.9893,58.71,2.36,0.1,6341.601,2000-08-28 00:00:00+00:00,"trailing_stop(5.5% from peak, still +7.8% from entry)",21.9734,18.7597,20391.0,478.9510716000014,0.07760286400863144,17,0.13990485998724939,0.0,0.008765728010258655,-0.11064730534470735,0.0776032053815019,
2000-08-13 23:00:00+00:00,KMB,optimised_new,daily-rescreened,BUY,6.0,BUY,37.7498,0.2752,55.19,1.26,0.1,5700.2198,2000-08-24 18:00:00+00:00,"rr_stop_loss(10.0% loss, risk=8%)",33.9932,34.7298,37749.7997,-578.0797930000008,-0.09951311000323178,10,0.05041881016588171,-0.09951311000323178,-0.010079865248197595,-0.07594713512462381,-0.09951202381133151,
2000-08-14 22:00:00+00:00,AAL.L,optimised_new,daily-rescreened,BUY,6.0,BUY,634.7445,0.0643,53.38,1.68,0.1,5922.166185,2000-08-24 19:00:00+00:00,"trailing_stop(4.8% from peak, still +7.1% from entry)",679.7741,583.965,634744.5176,365.98641999899945,0.07094130000338712,9,0.12472183689657795,-0.02551010682250893,0.03880326337710982,0.21764557100602078,0.07093912455377582,
2000-08-15 23:00:00+00:00,ROK,optimised_new,daily-rescreened,BUY,6.0,BUY,10.7635,0.0583,55.3,2.45,0.1,6038.3235,2000-08-28 18:00:00+00:00,"trailing_stop(6.4% from peak, still +2.6% from entry)",11.039,9.9024,10763.479,142.32429750000023,0.025595763459841055,12,0.09578668648673747,-0.01529242346820273,0.021611826419852376,-0.09751828991214195,0.025592873887046785,
2000-08-20 22:00:00+00:00,ELV,optimised_new,daily-rescreened,BUY,6.0,BUY,18.4278,0.0001,52.53,1.36,0.1,6099.6018,2000-08-21 21:00:00+00:00,"rr_stop_loss(8.0% loss, risk=8%)",16.9501,16.9536,18427.8357,-500.82878490000115,-0.08018862805109683,0,0.014358740598443543,-0.08018862805109683,-0.009833648924162941,0.11541387258271585,-0.08019359678319438,
2000-08-23 18:00:00+00:00,EFX,optimised_new,daily-rescreened,BUY,6.0,BUY,13.0201,0.0186,56.89,2.92,0.1,6796.4922,2000-09-18 18:00:00+00:00,signal,12.7214,11.9785,13020.1448,-169.35846300000037,-0.02294145206258018,26,0.06119000622115048,-0.060798304160490244,0.006906325249527168,-0.14358136047992598,-0.02294444078170088,
2000-08-23 23:00:00+00:00,CSX,optimised_new,daily-rescreened,BUY,6.0,BUY,1.1041,0.194,54.04,1.43,0.1,6122.2345000000005,2000-08-30 18:00:00+00:00,"rr_stop_loss(8.4% loss, risk=8%)",1.0112,1.0158,1104.096,-526.8598384999999,-0.08414092926365363,6,0.0,-0.08414092926365363,-0.0019826926962089875,0.1382883565763715,-0.08412640872765065,
2000-08-24 20:00:00+00:00,ELV,optimised_new,daily-rescreened,BUY,6.0,BUY,17.9744,0.0203,54.23,1.58,0.1,6650.527999999999,2000-08-27 18:00:00+00:00,"rr_stop_loss(8.7% loss, risk=8%)",16.4186,16.5365,17974.4389,-588.3714099999987,-0.08655643581983254,2,0.0,-0.08655643581983254,-0.011103885357710008,0.0804413048045658,-0.08655910415496892,
2000-08-24 23:00:00+00:00,KMB,optimised_new,daily-rescreened,BUY,6.0,BUY,37.2219,0.3992,55.34,1.85,0.1,5955.504,2000-09-13 20:00:00+00:00,"rr_stop_loss(9.1% loss, risk=8%)",33.838,34.2441,37221.8629,-552.7935839999996,-0.09091153326401923,19,0.06502086137462089,-0.09091153326401923,-0.010201391157364514,-0.08016323655439594,-0.09090576143422657,
2000-08-28 22:00:00+00:00,ROK,optimised_new,daily-rescreened,BUY,6.0,BUY,11.5739,0.0817,58.47,1.45,0.1,7303.1309,2000-08-30 21:00:00+00:00,"rr_stop_loss(8.1% loss, risk=8%)",10.6393,10.648,11573.9087,-603.7491292000007,-0.08075065448984349,1,0.0,-0.08075065448984349,0.016558558964398618,-0.13019088772682663,-0.08074837541305846,
2000-08-29 20:00:00+00:00,PG,optimised_new,daily-rescreened,BUY,6.0,BUY,21.2997,0.99,43.76,1.31,0.1,6560.3076,2000-09-04 23:00:00+00:00,"trailing_stop(6.9% from peak, still +0.2% from entry)",21.3509,19.5958,21299.7471,2.633215199998391,0.002403789724737809,6,0.07722643980901138,-0.019465062888209695,0.005906570761392782,-0.13584364275645677,0.002401199189735692,
2000-08-31 22:00:00+00:00,AAL.L,optimised_new,daily-rescreened,BUY,6.0,BUY,718.7351,0.0312,58.5,3.44,0.1,7144.226893999999,2000-09-15 00:00:00+00:00,signal,668.672,661.2363,718735.1152,-560.9300016179997,-0.06965445266274037,14,0.05802527245434372,-0.06965445266274037,0.03567586120941413,0.19776030292331193,-0.06965450893588221,
2000-08-31 23:00:00+00:00,ROK,optimised_new,daily-rescreened,BUY,6.0,BUY,11.1868,0.1174,52.66,1.23,0.1,6421.2232,2000-09-13 23:00:00+00:00,signal,10.8132,10.2918,11186.7669,-227.07439999999954,-0.03339650302141808,13,0.0209800836700397,-0.07058318732792221,0.01577175926789076,-0.11597375337190652,-0.03339366981483549,
2000-09-05 23:00:00+00:00,PG,optimised_new,daily-rescreened,BUY,8.0,BUY,22.0552,0.9957,56.04,4.43,0.1,6440.118399999999,2000-10-01 18:00:00+00:00,"trailing_stop(8.1% from peak, still +3.7% from entry)",22.8655,20.2908,22055.2449,223.4907556000006,0.03673963509739207,25,0.1279879574884835,-0.04400322826362934,0.017229755765467036,-0.07454764169952566,0.03673033200670561,
2000-09-05 23:00:00+00:00,HON,optimised_new,daily-rescreened,BUY,6.0,BUY,30.2438,0.3214,63.23,1.87,0.1,5776.5658,2000-09-06 19:00:00+00:00,"rr_stop_loss(11.6% loss, risk=8%)",26.7505,27.8243,30243.7634,-678.1062112999999,-0.11550466541902808,0,0.0,-0.11550466541902808,0.0065008272596076555,-0.34822591893880417,-0.11550128813859728,
2000-09-28 00:00:00+00:00,KMB,optimised_new,daily-rescreened,BUY,6.0,BUY,36.0579,0.238,62.89,1.28,0.1,8221.2012,2000-10-12 20:00:00+00:00,signal,34.0453,33.1733,36057.9,-474.8563296000002,-0.05581578516774408,14,0.0767238247374362,-0.07489898191519745,-0.010232991923216028,-0.07452483347145555,-0.055812179309289944,
2001-06-10 20:00:00+00:00,CI,optimised_new,daily-rescreened,BUY,6.0,BUY,29.8738,0.0159,58.25,1.2,0.1,9141.3828,2001-07-23 18:00:00+00:00,"trailing_stop(5.4% from peak, still +1.4% from entry)",30.2871,27.4839,29873.8126,108.06056460000079,0.013834865333502921,42,0.07149743253285498,-0.07260877424365164,0.0534096407167608,0.18667981493243402,0.013835139167961197,
2001-07-02 20:00:00+00:00,IFF,optimised_new,daily-rescreened,BUY,8.0,BUY,19.6104,0.7737,60.41,1.28,0.1,8236.367999999999,2001-07-19 18:00:00+00:00,"trailing_stop(6.0% from peak, still +3.8% from entry)",20.3582,18.0416,19610.4093,297.2891879999987,0.038132827479296784,16,0.10488822257577625,-0.04249275894423356,0.03860410745861831,-0.2180438448629386,0.03813167063331058,
2001-08-03 00:00:00+00:00,IFF,optimised_new,daily-rescreened,BUY,8.0,BUY,22.1421,0.7781,51.55,1.38,0.1,9233.2557,2001-08-21 19:00:00+00:00,"trailing_stop(8.3% from peak, still +1.9% from entry)",22.5624,20.3707,22142.1,156.62332350000085,0.018981939382443445,18,0.11144832694279228,-0.02640670939070811,0.05692098619477415,-0.13338423546718048,0.018982480797242074,
2002-04-01 21:00:00+00:00,MCO,optimised_new,daily-rescreened,BUY,6.0,BUY,17.8601,0.3524,55.62,1.8,0.1,9519.433299999999,2002-04-17 19:00:00+00:00,signal,17.1784,16.4313,17860.0969,-382.02162049999976,-0.03816887923359888,15,0.03694268229181251,-0.05041405143308255,0.017064931315916798,0.40531257475727944,-0.038168612058685825,
2002-04-17 22:00:00+00:00,MCO,optimised_new,daily-rescreened,BUY,6.0,BUY,18.0499,0.0498,56.02,1.65,0.1,9494.2474,2002-05-05 19:00:00+00:00,"trailing_stop(4.4% from peak, still +4.3% from entry)",18.8308,16.6059,18049.9326,391.3541518000001,0.04326339758114998,17,0.09169579886869164,-0.042858963207552496,0.027739152234641073,0.5404926584181702,0.04326399242218626,
2005-07-07 22:00:00+00:00,NFLX,optimised_new,daily-rescreened,BUY,8.0,BUY,0.2429,0.6259,56.55,2.12,0.1,10944.8311,2005-07-19 20:00:00+00:00,"trailing_stop(6.8% from peak, still +0.2% from entry)",0.2433,0.2235,242.9341,-3.8840858000006744,0.0016467682173733375,11,0.07451626183614658,-0.07657472210786334,0.00314105494094874,0.01669843038343055,0.0016770859187031917,
2005-07-07 23:00:00+00:00,ALGN,optimised_new,daily-rescreened,BUY,6.0,BUY,8.2059,0.3874,62.76,4.83,0.1,9847.08,2005-07-12 22:00:00+00:00,"rr_stop_loss(10.1% loss, risk=8%)",7.3742,7.5494,8205.9092,-1016.7361199999982,-0.10135390389841452,4,0.02434833473476398,-0.10135390389841452,0.0011421489146541397,-0.03938385091360641,-0.10135757023331637,
2005-07-07 23:00:00+00:00,CME,optimised_new,daily-rescreened,BUY,6.0,BUY,37.2866,0.7159,50.04,1.78,0.1,8836.9242,2005-07-10 19:00:00+00:00,"rr_stop_loss(8.6% loss, risk=8%)",34.086,34.3037,37286.59,-775.4575062000005,-0.08583780768426194,2,0.0,-0.08583780768426194,-0.0013111770445010107,-0.09573413198688785,-0.08583658602118627,
2005-07-08 00:00:00+00:00,RL,optimised_new,daily-rescreened,BUY,6.0,BUY,39.0881,0.4683,64.82,8.41,0.1,7973.9724,2005-07-31 19:00:00+00:00,"trailing_stop(7.8% from peak, still +2.7% from entry)",40.1334,35.9611,39088.1,197.0800140000011,0.026742154261783117,23,0.11343605854467229,-0.042846799921203584,0.011967057705613238,0.07367809060480646,0.026738649300378947,
2005-07-10 18:00:00+00:00,MGM,optimised_new,daily-rescreened,BUY,8.0,BUY,40.6739,0.8004,63.04,1.26,0.1,7972.084400000001,2005-07-26 22:00:00+00:00,"trailing_stop(5.5% from peak, still +0.3% from entry)",40.7915,37.42,40673.8925,7.0823815999986826,0.0028912890084303675,16,0.06088179397598938,-0.030503590754759287,0.0032013132453641013,0.06284043258183614,0.0028918611341708367,
2005-07-10 18:00:00+00:00,NDAQ,optimised_new,daily-rescreened,BUY,8.0,BUY,5.5558,0.7113,56.07,2.81,0.1,7189.205199999999,2005-07-18 18:00:00+00:00,"trailing_stop(10.2% from peak, still +0.7% from entry)",5.5928,5.1113,5555.8119,33.45171160000092,0.006659706972893339,8,0.12158465027538796,-0.0135714028582741,0.0037321327376123037,0.05836486130660368,0.006668932977735853,
2005-07-10 19:00:00+00:00,BLK,optimised_new,daily-rescreened,BUY,8.0,BUY,57.5664,0.9212,60.17,2.59,0.1,6447.4368,2005-09-16 00:00:00+00:00,"trailing_stop(3.5% from peak, still +0.4% from entry)",57.7696,52.9611,57566.3697,9.84076800000013,0.003529836849273107,67,0.03944488451596761,-0.030936449039717658,0.0028008761884934508,0.039727854106836435,0.00352323414430189,
2005-07-10 20:00:00+00:00,UDR,optimised_new,daily-rescreened,BUY,8.0,BUY,15.1689,1.0,52.01,1.38,0.1,5824.8576,2005-08-05 00:00:00+00:00,"trailing_stop(6.3% from peak, still +0.1% from entry)",15.177,13.9554,15168.8706,-8.54242559999912,0.0005339873029685004,25,0.06724943799484467,-0.03797902286915994,0.00353206745608059,0.006753972385280749,0.0005413354422678651,
2005-07-10 23:00:00+00:00,PWR,optimised_new,daily-rescreened,BUY,6.0,BUY,9.129,0.1532,63.06,2.04,0.1,5240.045999999999,2005-07-24 23:00:00+00:00,"trailing_stop(5.6% from peak, still +7.1% from entry)",9.7803,8.3987,9129.0107,362.99226180000085,0.07134406835359852,14,0.13445065176908766,-0.06692956512213812,0.011171017595696275,0.13298195206197594,0.07134281173389456,
2005-07-11 20:00:00+00:00,CME,optimised_new,daily-rescreened,BUY,8.0,BUY,38.3309,0.8267,55.51,1.27,0.1,4714.7007,2005-07-26 20:00:00+00:00,"rr_stop_loss(8.1% loss, risk=8%)",35.2295,35.2645,38330.9393,-390.5201291999989,-0.08091122306024638,15,0.07288375696892067,-0.08091122306024638,0.010855598192645699,-0.06540136522426776,-0.08091378134469951,
2005-07-12 18:00:00+00:00,CRL,optimised_new,daily-rescreened,BUY,7.0,BUY,51.103,0.9891,53.03,1.17,0.1,5110.3,2005-07-21 20:00:00+00:00,"trailing_stop(5.4% from peak, still +2.0% from entry)",52.1028,47.0147,51102.9791,89.65942000000024,0.01956440913449309,9,0.07749447194880928,-0.024910474923194394,0.005578458291924271,0.042178142949253594,0.01956534778490715,
2005-07-12 23:00:00+00:00,FRT,optimised_new,daily-rescreened,BUY,7.0,BUY,42.285,1.0,50.89,1.23,0.1,4609.065,2005-08-01 18:00:00+00:00,"trailing_stop(3.7% from peak, still +2.7% from entry)",43.4427,38.9022,42284.9738,116.84498070000119,0.02737850301525377,19,0.06679910133617131,-0.03783611209648807,0.005796567428350441,0.04628213014297988,0.02737849432783146,
2005-07-12 22:00:00+00:00,TPR,optimised_new,daily-rescreened,BUY,6.0,BUY,25.3544,0.1195,53.17,1.89,0.1,4158.1215999999995,2005-07-28 00:00:00+00:00,"trailing_stop(6.2% from peak, still +0.5% from entry)",25.4836,23.326,25354.3518,12.851368000000962,0.005095762471208188,15,0.071798188874515,-0.043617675827469726,0.0034911318636028366,0.01601905413919802,0.005094872007696871,
2005-07-13 20:00:00+00:00,NDSN,optimised_new,daily-rescreened,BUY,6.0,BUY,15.2703,0.1736,52.94,1.22,0.1,3741.2235,2005-07-25 22:00:00+00:00,"rr_stop_loss(8.2% loss, risk=8%)",14.0159,14.0487,15270.324,-314.50311900000025,-0.08214638874154406,12,0.0,-0.08214638874154406,-0.004211400014911493,-0.08647527854001924,-0.08214451108817944,
2005-07-17 23:00:00+00:00,MOS,optimised_new,daily-rescreened,BUY,8.0,BUY,13.4972,0.4973,54.85,2.13,0.1,3360.8028,2005-08-04 21:00:00+00:00,"trailing_stop(3.1% from peak, still +1.2% from entry)",13.6634,12.4175,13497.2289,34.62081060000024,0.012313665056456147,17,0.044705568562368535,-0.01448448567110209,0.005595725058525236,0.033551327569718126,0.012313842856442658,
2005-07-21 22:00:00+00:00,CRL,optimised_new,daily-rescreened,BUY,7.0,BUY,52.8942,0.9752,51.64,1.14,0.1,5342.3142,2005-07-27 19:00:00+00:00,"rr_stop_loss(9.0% loss, risk=8%)",48.1501,48.6627,52894.2307,-489.35957429999945,-0.08969036302656995,5,0.006787133560957568,-0.08969036302656995,0.0005410116906823248,-0.03688379401826347,-0.0896902363127291,
2005-07-21 00:00:00+00:00,NFLX,optimised_new,daily-rescreened,BUY,6.0,BUY,0.2379,0.398,52.06,1.31,0.1,4841.265,2005-08-03 22:00:00+00:00,"trailing_stop(17.7% from peak, still +13.6% from entry)",0.2702,0.2188,237.86,646.9651650000005,0.13577133249264395,13,0.37957124842370743,-0.031105506515342538,0.023849749657342656,0.12895993698315378,0.13600830498557515,
2005-07-25 18:00:00+00:00,NDAQ,optimised_new,daily-rescreened,BUY,6.0,BUY,5.692,0.2066,58.47,1.53,0.1,5259.408,2005-08-01 18:00:00+00:00,"trailing_stop(10.6% from peak, still +7.5% from entry)",6.1185,5.2367,5692.0207,383.1730980000001,0.07492972593113138,7,0.20191496837666903,-0.03778988053408301,0.018483998710099314,0.1578331428188653,0.07492176268384032,
2005-07-27 22:00:00+00:00,CRL,optimised_new,daily-rescreened,BUY,7.0,BUY,50.8803,0.7134,52.73,4.63,0.1,6410.9178,2005-07-31 19:00:00+00:00,"rr_stop_loss(8.1% loss, risk=8%)",46.7731,46.8099,50880.3415,-529.8115283999997,-0.08072279448037843,3,0.0,-0.08072279448037843,-0.0005353007580419789,-0.06442873801191662,-0.08072446220259522,
2005-07-27 18:00:00+00:00,MGM,optimised_new,daily-rescreened,BUY,6.0,BUY,41.9182,0.4773,55.69,3.13,0.1,5784.7116,2005-08-08 18:00:00+00:00,signal,39.3646,38.5647,41918.1793,-363.6138263999998,-0.06091864631591996,12,0.037441970313610747,-0.066131179296821,-0.0008698970861186206,0.025664776192578787,-0.060916186314836196,
2005-07-27 18:00:00+00:00,NDSN,optimised_new,daily-rescreened,BUY,6.0,BUY,14.83,0.0159,58.64,1.23,0.1,5220.16,2005-08-04 00:00:00+00:00,"trailing_stop(4.4% from peak, still +0.2% from entry)",14.8572,13.6436,14830.0305,-0.8754943999994467,0.001834120026972391,7,0.047680377612946766,-0.028037761294673016,-0.0018418993198612288,-0.03164224822880546,0.0018316091936105838,
2005-07-31 18:00:00+00:00,CME,optimised_new,daily-rescreened,BUY,6.0,BUY,38.7703,0.4971,54.49,1.72,0.1,6513.4104,2005-08-11 19:00:00+00:00,"rr_stop_loss(8.2% loss, risk=8%)",35.5888,35.6687,38770.3407,-546.9843287999994,-0.08206023683076995,11,0.011279252417443262,-0.08206023683076995,0.006591477291809866,-0.05587320691703035,-0.0820640159657755,
2005-08-01 21:00:00+00:00,FRT,optimised_new,daily-rescreened,BUY,6.0,BUY,43.8303,1.0,47.74,1.58,0.1,6881.3571,2005-08-07 22:00:00+00:00,"rr_stop_loss(9.6% loss, risk=8%)",39.607,40.3239,43830.3253,-676.1577561000003,-0.09635571739184996,6,0.021517078368160865,-0.09635571739184996,-0.0007535875678378323,-0.04609787243511232,-0.09635634646533864,
2005-08-02 21:00:00+00:00,CRL,optimised_new,daily-rescreened,BUY,8.0,BUY,50.8596,0.9466,59.28,2.01,0.1,6204.8712,2005-08-24 00:00:00+00:00,"trailing_stop(6.7% from peak, still +0.6% from entry)",51.15,46.7908,50859.5619,22.983628799999295,0.005709836491045903,21,0.07735412783427312,-0.07129824064680015,-0.00016088666643288008,0.0231119860481801,0.005702921422672258,
2005-08-02 18:00:00+00:00,NDAQ,optimised_new,daily-rescreened,BUY,6.0,BUY,6.6577,0.0414,60.35,1.41,0.1,5612.4411,2005-08-03 21:00:00+00:00,"rr_stop_loss(9.3% loss, risk=8%)",6.0401,6.1251,6657.7089,-531.3410454000003,-0.09276476861378559,1,0.006008080868768499,-0.09276476861378559,0.017619299940926814,0.14299818268471443,-0.09276613047413207,
2005-08-03 20:00:00+00:00,ROP,optimised_new,daily-rescreened,BUY,6.0,BUY,36.5702,0.3255,54.06,1.35,0.1,6107.2234,2005-08-08 21:00:00+00:00,"rr_stop_loss(8.2% loss, risk=8%)",33.5791,33.6446,36570.2245,-511.2286331000002,-0.08179063827925477,5,0.0,-0.08179063827925477,-0.004401349894685658,0.0001678327837677518,-0.08179147262975983,
2005-08-05 00:00:00+00:00,MOS,optimised_new,daily-rescreened,BUY,7.0,BUY,13.9682,0.6995,54.99,1.01,0.1,6942.1954,2005-08-11 19:00:00+00:00,"trailing_stop(3.2% from peak, still +1.1% from entry)",14.1186,12.8507,13968.2,60.78966040000154,0.01076731432825999,6,0.04424335275840841,-0.00902048939734536,0.009094841999223391,0.0679859076568794,0.010770323875074927,
2005-08-08 18:00:00+00:00,NFLX,optimised_new,daily-rescreened,BUY,6.0,BUY,0.2941,0.3534,50.38,4.07,0.1,7978.638899999999,2005-08-19 00:00:00+00:00,"trailing_stop(12.1% from peak, still +3.8% from entry)",0.3054,0.2706,294.1358,290.29386450000044,0.03842230533832041,10,0.18191091465487946,-0.020061203672220203,0.027310055223068286,0.27610690491367973,0.03839743102785276,
2005-08-09 18:00:00+00:00,NDAQ,optimised_new,daily-rescreened,BUY,6.0,BUY,6.3804,0.2392,58.16,2.49,0.1,7177.95,2005-08-18 22:00:00+00:00,"trailing_stop(8.7% from peak, still +0.2% from entry)",6.3931,5.87,6380.3838,-0.08268750000182923,0.0019904708168766395,9,0.09747037803272524,-0.06965080559212587,0.021320723873389902,0.20979990664684656,0.001992766223388731,
2005-08-09 20:00:00+00:00,NDSN,optimised_new,daily-rescreened,BUY,6.0,BUY,15.0457,0.0403,57.47,3.17,0.1,6454.6053,2005-08-31 22:00:00+00:00,"trailing_stop(6.6% from peak, still +2.0% from entry)",15.3527,13.8421,15045.74,118.66208640000005,0.0204045009537609,22,0.09206617173012895,-0.055125384661398255,0.005834537507901416,0.0006565056340031017,0.02040331992811306,
2005-08-10 19:00:00+00:00,UDR,optimised_new,daily-rescreened,BUY,7.0,BUY,15.3868,1.0,56.56,2.69,0.1,5816.2104,2005-08-22 20:00:00+00:00,"rr_stop_loss(8.5% loss, risk=8%)",14.0813,14.1558,15386.7698,-504.61794179999896,-0.0848454519458236,12,0.019198273845114047,-0.0848454519458236,-0.00034656544407984935,-0.0659256508264554,-0.08483958447004536,
2005-08-11 00:00:00+00:00,ROP,optimised_new,daily-rescreened,BUY,6.0,BUY,35.3329,0.1649,51.97,2.71,0.1,6501.2536,2005-08-23 00:00:00+00:00,signal,35.3898,32.5063,35332.9,-2.543376799999878,0.0016103971086437524,12,0.06374795162582167,-0.03625516161990662,0.0038660619167409926,0.0540982302908557,0.0016076714834099004,
2005-08-11 18:00:00+00:00,MGM,optimised_new,daily-rescreened,BUY,6.0,BUY,41.3363,0.4928,54.42,2.29,0.1,5869.7546,2005-08-18 21:00:00+00:00,"rr_stop_loss(10.4% loss, risk=8%)",37.0301,38.0294,41336.3077,-622.6084288000017,-0.10417478100362161,7,0.0007983297972968371,-0.10417478100362161,-0.005259919852851014,-0.03515564136700777,-0.10417087072959885,
2005-08-14 21:00:00+00:00,FRT,optimised_new,daily-rescreened,BUY,8.0,BUY,42.469,1.0,58.59,1.37,0.1,5266.156,2005-09-25 19:00:00+00:00,"rr_stop_loss(9.8% loss, risk=8%)",38.3025,39.0715,42468.9829,-526.6616659999994,-0.09810685441145303,41,0.024665049801031326,-0.09810685441145303,-0.005374616539017718,-0.07751874332714159,-0.09810992023475351,
2005-08-21 22:00:00+00:00,MGM,optimised_new,daily-rescreened,BUY,6.0,BUY,40.9342,0.4949,58.92,3.51,0.1,6836.011399999999,2005-08-31 20:00:00+00:00,signal,37.7705,37.6594,40934.1836,-541.4815848999999,-0.07728745156861497,9,0.07070615768721512,-0.07728745156861497,-0.007304446130877218,-0.01586509149169757,-0.07728689316791826,
2005-08-22 18:00:00+00:00,NDAQ,optimised_new,daily-rescreened,BUY,6.0,BUY,6.5137,0.2819,54.55,1.21,0.1,6689.5699,2005-09-11 21:00:00+00:00,"trailing_stop(6.7% from peak, still +5.8% from entry)",6.8895,5.9926,6513.6734,372.1815135999993,0.057693783870918204,20,0.13382562905875303,-0.06930009057831961,0.03219188010657481,0.3037228040161646,0.05769202361607584,
2005-08-25 18:00:00+00:00,UDR,optimised_new,daily-rescreened,BUY,8.0,BUY,15.2303,1.0,63.88,2.05,0.1,7295.3137,2005-08-25 23:00:00+00:00,"rr_stop_loss(8.1% loss, risk=8%)",13.9996,14.0119,15230.3178,-603.5064221000007,-0.0808060248320782,0,0.0,-0.0808060248320782,-0.0016107277495180927,-0.07134378646710726,-0.08080642368112623,
2005-08-29 21:00:00+00:00,CRL,optimised_new,daily-rescreened,BUY,7.0,BUY,50.942,0.9826,49.07,1.21,0.1,7233.764,2005-09-07 20:00:00+00:00,"rr_stop_loss(8.8% loss, risk=8%)",46.4767,46.8666,50941.9508,-647.9060554000001,-0.08765458757017783,8,0.007172863256252229,-0.08765458757017783,-0.006359153666796291,-0.0703650061189548,-0.08765361195237831,
2005-08-31 19:00:00+00:00,CME,optimised_new,daily-rescreened,BUY,6.0,BUY,36.5796,0.515,64.89,3.7,0.1,7791.4547999999995,2005-09-13 19:00:00+00:00,"trailing_stop(8.8% from peak, still +2.0% from entry)",37.3244,33.6532,36579.5626,142.9008480000001,0.020361075572176784,13,0.11911557261424398,-0.04461229756476292,0.01657571501255717,-0.009829407263631795,0.020362691444253622,
2005-08-31 21:00:00+00:00,NFLX,optimised_new,daily-rescreened,BUY,6.0,BUY,0.3097,0.4035,53.74,1.47,0.1,7030.19,2005-09-13 18:00:00+00:00,"trailing_stop(8.7% from peak, still +7.9% from entry)",0.3342,0.2849,309.7206,541.5334700000008,0.07910881498224095,12,0.18114304165321293,-0.061349693251533624,0.04211361163147975,0.3961372867285713,0.07890573298598325,
2005-09-01 20:00:00+00:00,NDSN,optimised_new,daily-rescreened,BUY,6.0,BUY,15.9653,0.0973,52.8,1.48,0.1,6322.2588,2005-09-13 18:00:00+00:00,"trailing_stop(4.9% from peak, still +2.4% from entry)",16.3459,14.6881,15965.2724,137.92236480000054,0.023839201267749504,11,0.07641572660707925,-0.018108021772218468,0.00970436456061785,0.06539278834260243,0.023841430535031183,
2005-09-01 22:00:00+00:00,MGM,optimised_new,daily-rescreened,BUY,6.0,BUY,40.5723,0.4955,55.19,1.66,0.1,5680.121999999999,2005-09-16 00:00:00+00:00,"trailing_stop(6.8% from peak, still +4.3% from entry)",42.3078,37.3265,40572.3155,231.36678600000025,0.04277548968138365,14,0.11939426653159926,-0.03819108110706078,0.003945548097969764,0.10235876487144147,0.04277536340355215,
2005-09-05 20:00:00+00:00,UDR,optimised_new,daily-rescreened,BUY,8.0,BUY,15.3232,1.0,61.6,1.62,0.1,5117.9488,2005-09-26 21:00:00+00:00,"rr_stop_loss(9.3% loss, risk=8%)",13.9036,14.0974,15323.2081,-483.90815119999957,-0.09264383418607074,21,0.0053709407956562625,-0.09264383418607074,-0.0071119589412189654,-0.07771632038228937,-0.09264798688906939,
2005-09-13 22:00:00+00:00,NDAQ,optimised_new,daily-rescreened,BUY,6.0,BUY,7.0212,0.0581,54.02,1.54,0.1,8179.698,2005-10-10 21:00:00+00:00,"trailing_stop(3.6% from peak, still +17.7% from entry)",8.2645,6.4595,7021.2115,1430.6366595,0.17707799236597727,26,0.22068877115023072,-0.0769241725061244,0.05680743983407743,0.5639302826979953,0.17708083273224817,
2005-09-14 19:00:00+00:00,NDSN,optimised_new,daily-rescreened,BUY,6.0,BUY,17.0157,0.1373,60.57,1.91,0.1,7367.7981,2005-09-26 19:00:00+00:00,"rr_stop_loss(8.2% loss, risk=8%)",15.6271,15.6544,17015.6795,-615.3981323999996,-0.08160698648894836,12,0.024353978972360853,-0.08160698648894836,0.01054281315814043,0.018539429005399066,-0.08160623163352176,
2005-09-14 20:00:00+00:00,CME,optimised_new,daily-rescreened,BUY,6.0,BUY,38.9109,0.5146,53.86,1.2,0.1,6614.853,2005-09-27 22:00:00+00:00,"trailing_stop(5.3% from peak, still +4.7% from entry)",40.7466,35.798,38910.8817,298.5272250000008,0.04717701209686753,13,0.10527898352389688,-0.034106124504958805,0.02646058501198212,0.08095510469285583,0.04717712000405161,
2005-09-16 00:00:00+00:00,NFLX,optimised_new,daily-rescreened,BUY,6.0,BUY,0.3457,0.4281,57.87,1.4,0.1,7208.1907,2005-09-20 22:00:00+00:00,"rr_stop_loss(11.1% loss, risk=8%)",0.3072,0.3181,345.71,-816.3771179000013,-0.111368238356957,4,0.015620480185131663,-0.111368238356957,0.04012385840310606,0.28348300457462683,-0.1114064254378696,
2005-09-18 19:00:00+00:00,MGM,optimised_new,daily-rescreened,BUY,6.0,BUY,43.6987,0.4906,55.91,1.21,0.1,6467.4076000000005,2005-09-19 22:00:00+00:00,"rr_stop_loss(8.5% loss, risk=8%)",39.9691,40.2028,43698.7294,-564.3636344000014,-0.08534807671624109,1,0.01222690835196458,-0.08534807671624109,-0.0019284409020411397,0.041421620994605446,-0.0853487114954482,
2005-09-20 22:00:00+00:00,BLK,optimised_new,daily-rescreened,BUY,8.0,BUY,58.9126,0.8526,53.95,2.95,0.1,7069.512,2005-10-05 18:00:00+00:00,"trailing_stop(3.3% from peak, still +2.2% from entry)",60.1921,54.1996,58912.5568,139.2474360000015,0.021718613675173155,14,0.05679430206780893,-0.017273045155026166,0.008767284043839307,0.08332945347018939,0.021720002030706453,
2005-09-22 22:00:00+00:00,NFLX,optimised_new,daily-rescreened,BUY,6.0,BUY,0.3498,0.3912,57.65,2.04,0.1,6367.0596,2005-10-18 00:00:00+00:00,"trailing_stop(7.7% from peak, still +12.1% from entry)",0.3921,0.3218,349.811,756.4405362,0.12092624356775301,25,0.2138364779874213,-0.06889651229273874,0.060637283410945875,0.6383905750315282,0.12100542215665033,
2005-09-25 18:00:00+00:00,MGM,optimised_new,daily-rescreened,BUY,6.0,BUY,43.4897,0.5014,63.6,3.24,0.1,6175.5374,2005-09-26 18:00:00+00:00,"rr_stop_loss(9.1% loss, risk=8%)",39.5317,40.0105,43489.6937,-573.8250388000002,-0.09101005525446251,1,0.0,-0.09101005525446251,-0.0032485692075733263,0.030026135780775398,-0.09100805352092822,
2005-09-27 19:00:00+00:00,NDSN,optimised_new,daily-rescreened,BUY,6.0,BUY,17.1022,0.1674,61.05,1.23,0.1,7969.6251999999995,2005-10-05 18:00:00+00:00,"rr_stop_loss(8.2% loss, risk=8%)",15.7061,15.734,17102.2149,-665.8712678000007,-0.08163277239185605,7,0.06122604109412826,-0.08163277239185605,0.009288834321359296,0.023693098923633693,-0.08163140101841482,
2005-09-29 22:00:00+00:00,UDR,optimised_new,daily-rescreened,BUY,8.0,BUY,14.8088,1.0,61.9,3.18,0.1,7182.268,2005-10-05 21:00:00+00:00,"rr_stop_loss(8.0% loss, risk=8%)",13.6179,13.6241,14808.8211,-591.3734494999994,-0.08041839987034731,5,0.021608773161903752,-0.08041839987034731,-0.012989620959786952,-0.09666439253271208,-0.08041588545925649,
2005-09-29 19:00:00+00:00,MGM,optimised_new,daily-rescreened,BUY,6.0,BUY,41.2978,0.4982,52.36,1.33,0.1,6442.4568,2005-10-10 00:00:00+00:00,"rr_stop_loss(8.5% loss, risk=8%)",37.7885,37.9939,41297.7534,-559.7882628000002,-0.08497547084832613,10,0.027304117894899994,-0.08497547084832613,-0.004803625747487383,-0.015390772329984759,-0.08497174076266212,
2005-10-02 20:00:00+00:00,CME,optimised_new,daily-rescreened,BUY,6.0,BUY,42.7203,0.517,58.33,1.97,0.1,5809.9608,2005-10-13 00:00:00+00:00,"rr_stop_loss(8.7% loss, risk=8%)",38.9861,39.3026,42720.2552,-518.9632704000003,-0.08741043485181521,10,0.029985744482131416,-0.08741043485181521,0.020794951546623475,0.03425341356634304,-0.08740799251454434,
2005-10-03 00:00:00+00:00,FRT,optimised_new,daily-rescreened,BUY,8.0,BUY,41.2914,1.0,58.01,1.22,0.1,5202.7164,2005-10-16 19:00:00+00:00,"rr_stop_loss(8.5% loss, risk=8%)",37.7777,37.9881,41291.4,-452.6889066000002,-0.08509520142208789,13,0.010774640724218527,-0.08509520142208789,-0.010099123091792728,-0.09016319349669188,-0.08509640725085588,
2005-10-05 21:00:00+00:00,BLK,optimised_new,daily-rescreened,BUY,8.0,BUY,61.8614,0.9582,57.56,1.41,0.1,6804.754000000001,2005-10-17 20:00:00+00:00,"rr_stop_loss(9.3% loss, risk=8%)",56.121,56.9125,61861.4241,-644.4220640000005,-0.09279453746601274,11,0.0012689657848027726,-0.09279453746601274,0.0030949880586581546,0.010058956160150512,-0.09279466962946437,
2005-10-11 00:00:00+00:00,NDAQ,optimised_new,daily-rescreened,BUY,6.0,BUY,8.4637,0.3257,67.43,3.15,0.1,7710.430699999999,2005-10-11 20:00:00+00:00,"rr_stop_loss(9.7% loss, risk=8%)",7.6395,7.7866,8463.74,-765.5162152000003,-0.09738057823410559,0,0.01035008329690326,-0.09738057823410559,0.05554827373626914,0.44566490128594927,-0.09738017171711189,
2005-10-17 19:00:00+00:00,CME,optimised_new,daily-rescreened,BUY,6.0,BUY,41.5619,0.5191,58.57,2.43,0.1,9226.7418,2005-10-27 22:00:00+00:00,"trailing_stop(6.9% from peak, still +3.4% from entry)",42.9837,38.2369,41561.8794,296.8704767999999,0.034209215651834914,10,0.11098626386185424,-0.029406740307830026,0.028248568428513865,0.14030268694408687,0.03420743446422381,
2005-10-18 18:00:00+00:00,BLK,optimised_new,daily-rescreened,BUY,8.0,BUY,59.0457,0.702,57.21,8.62,0.1,9033.9921,2005-10-20 22:00:00+00:00,"trailing_stop(9.7% from peak, still +1.9% from entry)",60.155,54.322,59045.6673,151.485192900001,0.018787142840206904,2,0.1277569746823225,0.0,0.00931111363603443,0.0826603394564307,0.018785002861500866,
2005-10-18 21:00:00+00:00,NFLX,optimised_new,daily-rescreened,BUY,6.0,BUY,0.4204,0.1836,58.95,1.59,0.1,8148.1928,2005-10-19 18:00:00+00:00,"rr_stop_loss(13.8% loss, risk=8%)",0.3625,0.3867,420.367,-1137.391967799999,-0.1377259752616556,0,0.0,-0.1377259752616556,0.06114639441683245,0.5144734352503544,-0.13770369000835936,
2005-10-20 21:00:00+00:00,CPT,optimised_new,daily-rescreened,BUY,6.0,BUY,35.437,0.5523,61.72,1.47,0.1,8930.124,2005-11-21 00:00:00+00:00,"trailing_stop(4.1% from peak, still +7.0% from entry)",37.9111,32.602,35437.0052,604.9894788000006,0.06981685808618111,31,0.11570956909444932,-0.05977650478313622,0.010705542101152377,0.08515275046938009,0.06982467965536743,
2005-10-20 22:00:00+00:00,FIX,optimised_new,daily-rescreened,BUY,6.0,BUY,7.6689,0.3576,54.47,3.02,0.1,8060.0139,2005-11-10 20:00:00+00:00,"trailing_stop(9.7% from peak, still +2.4% from entry)",7.8531,7.0554,7668.8878,177.28057800000153,0.024019090091147437,20,0.13413918554160306,-0.07389586511755271,0.01368799844916424,0.3575874526215228,0.024010470290024566,
2005-10-23 18:00:00+00:00,MGM,optimised_new,daily-rescreened,BUY,6.0,BUY,41.2189,0.0514,60.08,1.92,0.1,7254.5264,2005-10-25 21:00:00+00:00,"rr_stop_loss(10.3% loss, risk=8%)",36.9609,37.9214,41218.8687,-763.1676447999998,-0.10330212596648615,2,0.04290507509904445,-0.10330212596648615,-0.007158973535052793,-0.03695831257519255,-0.1033008145903912,
2005-10-24 00:00:00+00:00,MTD,optimised_new,daily-rescreened,BUY,6.0,BUY,51.62,0.9793,50.75,1.8,0.1,6504.12,2005-11-13 18:00:00+00:00,"trailing_stop(4.3% from peak, still +7.1% from entry)",55.304,47.4904,51620.0,450.7115760000011,0.07136768694304542,20,0.11968229368461845,-0.027152266563347443,0.010025178557829362,0.1663690253040111,0.07136516614475652,
2005-10-25 19:00:00+00:00,NDAQ,optimised_new,daily-rescreened,BUY,6.0,BUY,8.2147,0.2926,51.37,1.62,0.1,6530.686500000001,2005-11-06 18:00:00+00:00,"trailing_stop(11.1% from peak, still +12.2% from entry)",9.2181,7.5575,8214.6569,783.8439239999982,0.12214688302676897,11,0.2624928481867871,-0.029386343993085626,0.07482070047951739,0.7443793453296144,0.12215561377378137,
2005-10-28 00:00:00+00:00,CME,optimised_new,daily-rescreened,BUY,6.0,BUY,45.5274,0.4876,56.93,1.37,0.1,6829.11,2005-11-08 22:00:00+00:00,"trailing_stop(7.5% from peak, still +3.3% from entry)",47.0412,41.8852,45527.4,213.1847100000001,0.03325030640888791,11,0.11728102197797373,-0.02891225943058462,0.03665789968570676,0.24794444296723306,0.03325080941022551,
2005-10-30 23:00:00+00:00,VLO,optimised_new,daily-rescreened,BUY,8.0,BUY,35.8559,0.599,62.97,1.47,0.1,6131.358899999999,2005-11-06 22:00:00+00:00,"rr_stop_loss(8.1% loss, risk=8%)",32.9553,32.9874,35855.8831,-507.76931519999914,-0.08089603105765013,6,0.04462863852253049,-0.08089603105765013,0.001564352466771446,0.1571553992049768,-0.08088978816858938,
2005-10-30 21:00:00+00:00,TTWO,optimised_new,daily-rescreened,BUY,6.0,BUY,21.076,0.0967,59.82,2.42,0.1,5521.912,2005-10-31 21:00:00+00:00,"rr_stop_loss(11.6% loss, risk=8%)",18.6343,19.3899,21075.9839,-650.1294986000001,-0.11585215410893912,1,0.041127348643006156,-0.11585215410893912,-0.0010835608776753602,-0.25782963434038164,-0.11585045735732258,
2005-10-31 23:00:00+00:00,TAP,optimised_new,daily-rescreened,BUY,8.0,BUY,22.2039,0.9997,64.04,2.77,0.1,5462.1594000000005,2005-11-17 21:00:00+00:00,"trailing_stop(3.2% from peak, still +5.5% from entry)",23.423,20.4276,22203.8853,288.6743826000002,0.054904768982025565,16,0.08937168695589517,-0.006922207359968321,0.007388271862739382,0.060335712455956925,0.05490367506896576,
2005-11-02 00:00:00+00:00,ROP,optimised_new,daily-rescreened,BUY,6.0,BUY,34.8994,0.4335,56.9,2.33,0.1,4920.8154,2005-11-27 23:00:00+00:00,"trailing_stop(8.4% from peak, still +1.9% from entry)",35.5605,32.1074,34899.4,83.280254099999,0.01894301907769181,25,0.11230279030585053,-0.05104672286629573,0.017281990753314824,0.059194323470020516,0.01894588786656315,
2005-11-03 19:00:00+00:00,MGM,optimised_new,daily-rescreened,BUY,6.0,BUY,38.7489,0.3911,60.62,2.14,0.1,4417.3746,2005-11-06 18:00:00+00:00,"rr_stop_loss(9.4% loss, risk=8%)",35.1248,35.649,38748.9334,-421.5690017999999,-0.09352781627349419,2,0.032313175341751606,-0.09352781627349419,-0.003538756281690536,-0.08479944726297295,-0.0935280638168211,
2005-11-08 18:00:00+00:00,MGM,optimised_new,daily-rescreened,BUY,6.0,BUY,38.245,0.4064,55.46,1.83,0.1,6386.915,2005-11-14 21:00:00+00:00,"rr_stop_loss(10.1% loss, risk=8%)",34.3731,35.1854,38244.9591,-658.7345226999996,-0.10123937769643082,6,0.049548960648450865,-0.10123937769643082,0.0009614840315503859,-0.10438641132612958,-0.1012387852887705,
2005-11-09 20:00:00+00:00,CME,optimised_new,daily-rescreened,BUY,6.0,BUY,49.3717,0.4772,56.25,1.53,0.1,5727.1172,2005-11-13 21:00:00+00:00,"rr_stop_loss(8.1% loss, risk=8%)",45.3827,45.4219,49371.6716,-473.71551039999935,-0.0807952734056149,4,0.01646489790710075,-0.0807952734056149,0.03299245745682189,0.2039456144468912,-0.08079426030878456,
2005-11-10 19:00:00+00:00,UDR,optimised_new,daily-rescreened,BUY,8.0,BUY,13.7813,0.8414,57.62,2.47,0.1,6008.6467999999995,2005-11-28 21:00:00+00:00,"trailing_stop(4.3% from peak, still +1.4% from entry)",13.9803,12.6788,13781.293,74.6599423999996,0.014439856907548624,18,0.06010318329910825,-0.03162981721608268,-0.008482095883817764,-0.07262805270092754,0.014444021242123517,
2005-11-10 23:00:00+00:00,FIX,optimised_new,daily-rescreened,BUY,6.0,BUY,8.5744,0.4225,57.15,2.99,0.1,5401.872,2005-11-15 23:00:00+00:00,"rr_stop_loss(8.5% loss, risk=8%)",7.8427,7.8884,8574.3847,-471.3137730000004,-0.08533541705542089,5,0.03197891397648799,-0.08533541705542089,0.01774765819885249,0.3558069621702018,-0.0853279224402741,
2005-11-13 20:00:00+00:00,MTD,optimised_new,daily-rescreened,BUY,8.0,BUY,57.2981,0.3448,56.81,5.04,0.1,6073.598599999999,2005-12-07 18:00:00+00:00,"trailing_stop(4.1% from peak, still +0.1% from entry)",57.377,52.7142,57298.0638,-3.7921606000000194,0.0013770090107700676,23,0.0444377736783593,-0.04348486249980363,0.014874391973426215,0.21008453804031557,0.0013741473797077575,
2005-11-13 19:00:00+00:00,NDAQ,optimised_new,daily-rescreened,BUY,6.0,BUY,10.2848,0.1241,56.18,1.74,0.1,5481.798400000001,2005-11-27 18:00:00+00:00,"trailing_stop(7.1% from peak, still +17.5% from entry)",12.0888,9.4621,10284.8443,949.6068712000007,0.17540448039825765,13,0.2655958307405103,-0.06979231487243315,0.1002201949308239,1.2876212488080974,0.1754030556553534,
2005-11-14 18:00:00+00:00,VLO,optimised_new,daily-rescreened,BUY,8.0,BUY,34.0848,0.5589,60.22,1.4,0.1,5487.6528,2005-11-21 19:00:00+00:00,"rr_stop_loss(8.1% loss, risk=8%)",31.3355,31.358,34084.7917,-453.16996830000016,-0.08066058771065113,7,0.029535159367225335,-0.08066058771065113,0.0009321312334027443,0.10027714269327803,-0.0806613612165823,
2005-11-16 18:00:00+00:00,CME,optimised_new,daily-rescreened,BUY,6.0,BUY,49.0661,0.483,54.93,2.17,0.1,5446.3371,2005-11-29 18:00:00+00:00,"rr_stop_loss(8.7% loss, risk=8%)",44.8051,45.1408,49066.1067,-483.39070319999956,-0.08684203553981254,13,0.025247574190734638,-0.08684203553981254,0.031792532073479984,0.18862281606345577,-0.08684194671937928,
2005-11-18 00:00:00+00:00,FIX,optimised_new,daily-rescreened,BUY,6.0,BUY,8.4033,0.3142,56.32,2.28,0.1,5478.951599999999,2005-12-11 21:00:00+00:00,signal,8.078,7.7311,8403.32,-222.84140759999983,-0.03871098259017295,23,0.03791367676984042,-0.057929622886247034,0.018360795320552237,0.39648492322152706,-0.038710218998225576,
2005-11-21 19:00:00+00:00,CPT,optimised_new,daily-rescreened,BUY,8.0,BUY,38.5116,0.8921,55.03,2.37,0.1,6392.9256000000005,2006-01-16 18:00:00+00:00,"trailing_stop(3.8% from peak, still +0.8% from entry)",38.8081,35.4306,38511.5544,36.3839298000013,0.007698979008922032,55,0.047061145213390165,-0.0682313900227465,0.014252907780364366,0.11082227526714439,0.00769503966684737,
2005-11-21 00:00:00+00:00,TAP,optimised_new,daily-rescreened,BUY,7.0,BUY,23.8172,0.9995,54.02,1.44,0.1,5739.9452,2006-01-16 22:00:00+00:00,"trailing_stop(3.6% from peak, still +0.9% from entry)",24.0347,21.9118,23817.2,40.88519209999955,0.009132055825202002,56,0.046907277093864955,-0.034706010782123806,0.010488583711121269,0.08803007227963078,0.009134989849542308,
2005-11-22 19:00:00+00:00,VLO,optimised_new,daily-rescreened,BUY,7.0,BUY,34.8002,0.5507,59.35,1.16,0.1,5150.4295999999995,2005-11-27 20:00:00+00:00,"rr_stop_loss(10.3% loss, risk=8%)",31.2213,32.0162,34800.2132,-539.4483820000003,-0.10284136298067245,5,0.0,-0.10284136298067245,-0.0028137808994933566,0.0962687556354982,-0.10284060405238948,
2005-11-22 00:00:00+00:00,TTWO,optimised_new,daily-rescreened,BUY,6.0,BUY,19.08,0.3992,58.4,2.06,0.1,4655.5199999999995,2005-12-05 18:00:00+00:00,"trailing_stop(14.6% from peak, still +0.0% from entry)",19.0882,17.5536,19080.0,-7.312240799999675,0.0004297693920336586,13,0.17091194968553475,-0.07148322851153027,0.002964068419544219,-0.23974964609680305,0.0004292048312299901,
2005-11-23 00:00:00+00:00,MGM,optimised_new,daily-rescreened,BUY,6.0,BUY,38.9144,0.1326,54.2,1.34,0.1,4202.7552,2005-11-28 22:00:00+00:00,"rr_stop_loss(8.3% loss, risk=8%)",35.7039,35.8012,38914.4,-354.7927764000006,-0.08250159324054857,5,0.030292128363793417,-0.08250159324054857,-0.0016487319893870866,-0.06971067163474176,-0.08250253602688384,
2005-11-28 20:00:00+00:00,ROP,optimised_new,daily-rescreened,BUY,6.0,BUY,37.7147,0.4041,52.46,1.69,0.1,6373.7843,2005-12-11 18:00:00+00:00,signal,36.2682,34.6975,37714.6708,-256.96161009999935,-0.0383537453565851,12,0.022267179640829617,-0.0383537453565851,0.017450600316390563,0.08027270950569698,-0.03835287091478978,
2005-11-30 19:00:00+00:00,UDR,optimised_new,daily-rescreened,BUY,8.0,BUY,14.1952,0.8911,55.63,3.35,0.1,6245.888,2005-12-18 22:00:00+00:00,"trailing_stop(4.6% from peak, still +0.1% from entry)",14.206,13.0596,14195.246,-7.744528000000705,0.000760820559062197,18,0.048664337240757395,-0.017097328674481462,-0.005282744532707828,-0.05766017273610036,0.0007572565628379824,
2005-11-30 22:00:00+00:00,VLO,optimised_new,daily-rescreened,BUY,8.0,BUY,33.2929,0.5547,57.22,1.3,0.1,5593.207200000001,2005-12-13 18:00:00+00:00,"trailing_stop(8.8% from peak, still +6.4% from entry)",35.4381,30.6295,33292.9408,348.8467919999999,0.06443415863442342,12,0.1677805177680525,-0.048466790216532704,0.010896694108670113,0.2443271808123808,0.0644309979383233,
2005-12-01 20:00:00+00:00,MGM,optimised_new,daily-rescreened,BUY,6.0,BUY,38.6361,0.1887,57.76,2.41,0.1,5061.3291,2005-12-04 21:00:00+00:00,"rr_stop_loss(9.4% loss, risk=8%)",35.0177,35.5452,38636.1318,-483.6590477999999,-0.09365334492870661,3,0.0037477902790396442,-0.09365334492870661,-0.00403598947164896,-0.08758884323234684,-0.0936547577857908,
2005-12-05 21:00:00+00:00,CME,optimised_new,daily-rescreened,BUY,6.0,BUY,47.0083,0.4952,57.45,2.53,0.1,5452.9628,2005-12-06 22:00:00+00:00,"rr_stop_loss(8.0% loss, risk=8%)",43.233,43.2476,47008.3064,-448.4027907999998,-0.08031134927236257,1,0.0,-0.08031134927236257,0.030029529597951354,0.14691642328203325,-0.08031033923151254,
2005-12-05 21:00:00+00:00,TTWO,optimised_new,daily-rescreened,BUY,6.0,BUY,19.0975,0.4519,53.42,1.69,0.1,4927.155,2005-12-15 20:00:00+00:00,signal,17.7918,17.5697,19097.5055,-346.3880394000004,-0.06837020552428337,9,0.06090325958895144,-0.07018196098965829,-0.0007871970816993867,-0.291385298851244,-0.0683731410129762,
2005-12-08 20:00:00+00:00,MTD,optimised_new,daily-rescreened,BUY,7.0,BUY,58.0069,0.9519,54.3,1.17,0.1,5510.6555,2006-02-16 21:00:00+00:00,"trailing_stop(5.7% from peak, still +3.4% from entry)",59.975,53.3663,58006.8622,175.76121950000035,0.03392872227269514,70,0.09683158382882039,-0.07345677841774001,0.021864517545766793,0.26487403900656803,0.03392720513574354,
2005-12-08 19:00:00+00:00,CME,optimised_new,daily-rescreened,BUY,6.0,BUY,47.6803,0.443,63.42,1.78,0.1,4958.751200000001,2005-12-21 21:00:00+00:00,signal,46.2475,43.8659,47680.2727,-158.7796911999996,-0.03005014649656148,13,0.03670698380672939,-0.07127471932852776,0.029481373290736856,0.22688565096587365,-0.030049912619628305,
2005-12-15 00:00:00+00:00,VLO,optimised_new,daily-rescreened,BUY,6.0,BUY,35.4069,0.5708,49.35,1.93,0.1,6691.9041,2006-01-17 21:00:00+00:00,"trailing_stop(3.6% from peak, still +11.4% from entry)",39.4376,32.5743,35406.9,747.6566895000016,0.11383939288669731,33,0.15539344026164398,-0.07869370094529589,0.0294814455919572,0.3847566849328843,0.11383693691505825,
2005-12-15 19:00:00+00:00,FIX,optimised_new,daily-rescreened,BUY,6.0,BUY,8.4022,0.2759,58.36,4.17,0.1,6024.3774,2005-12-28 21:00:00+00:00,signal,8.1367,7.73,8402.1575,-202.22189130000146,-0.03159886696341448,13,0.03687129561305363,-0.05575920592225852,0.017875506367099225,0.40662599892970075,-0.03159299180836228,
2005-12-19 21:00:00+00:00,UDR,optimised_new,daily-rescreened,BUY,7.0,BUY,14.4861,0.9407,52.02,1.29,0.1,6040.7037,2006-01-17 19:00:00+00:00,"trailing_stop(3.5% from peak, still +4.1% from entry)",15.086,13.3272,14486.0946,237.82673430000114,0.04141211230075727,28,0.07934502730203435,-0.022021109891551267,0.0003506288965411386,0.000715620034657416,0.04141388315628647,
2005-12-29 20:00:00+00:00,NDSN,optimised_new,daily-rescreened,BUY,6.0,BUY,18.8045,0.0263,53.43,1.3,0.1,6506.357,2006-01-02 19:00:00+00:00,"rr_stop_loss(10.0% loss, risk=8%)",16.9236,17.3001,18804.5083,-663.1533225999999,-0.10002393044218141,3,0.0,-0.10002393044218141,0.0071388015983593345,0.10303944791778408,-0.10002474353350477,
2006-01-02 18:00:00+00:00,FIX,optimised_new,daily-rescreened,BUY,6.0,BUY,8.4093,0.3993,55.75,4.21,0.1,6449.9331,2006-01-17 23:00:00+00:00,"trailing_stop(5.9% from peak, still +3.7% from entry)",8.7239,7.7366,8409.3116,228.15703560000082,0.03741096167338547,15,0.10282663241886948,-0.046246417656642,0.02656519469128682,0.5081481743027727,0.03741589435261061,
2006-01-02 19:00:00+00:00,MGM,optimised_new,daily-rescreened,BUY,6.0,BUY,35.7426,0.0812,59.81,1.23,0.1,5790.301200000001,2006-01-05 18:00:00+00:00,"rr_stop_loss(8.0% loss, risk=8%)",32.8714,32.8832,35742.6126,-476.24986800000016,-0.08032991444382898,2,0.006404122811434978,-0.08032991444382898,-0.008002217219036045,-0.14351321230726277,-0.080329714288781,
2006-01-02 22:00:00+00:00,CME,optimised_new,daily-rescreened,BUY,6.0,BUY,46.829,0.4841,53.43,2.6,0.1,5198.019,2006-01-11 22:00:00+00:00,"trailing_stop(6.2% from peak, still +0.8% from entry)",47.1991,43.0827,46828.9722,30.6439809000007,0.007903222362211467,9,0.0741762583014798,-0.053550150547737506,0.036587009394363657,0.2521271839381425,0.007901741913380667,
2006-01-04 00:00:00+00:00,COO,optimised_new,daily-rescreened,BUY,6.0,BUY,13.1481,0.3524,56.04,2.19,0.1,4707.0198,2006-01-19 19:00:00+00:00,"trailing_stop(4.3% from peak, still +0.7% from entry)",13.2462,12.0963,13148.1,25.67064060000042,0.007461154083099499,15,0.052988644747149774,-0.04467565655874224,0.00812839737412352,-0.1601344941614009,0.007464998351366381,
2006-01-04 18:00:00+00:00,NDSN,optimised_new,daily-rescreened,BUY,6.0,BUY,19.1324,0.0026,60.87,1.53,0.1,4228.2604,2006-01-17 22:00:00+00:00,"trailing_stop(9.5% from peak, still +0.0% from entry)",19.1394,17.6018,19132.4003,-6.911067800000456,0.00036587150592700844,13,0.10487445380610896,-0.04713993017080979,0.007665311098115524,0.24746234223703611,0.0003670435661407012,
2006-01-04 19:00:00+00:00,TTWO,optimised_new,daily-rescreened,BUY,6.0,BUY,18.4879,0.397,62.35,3.81,0.1,3808.5074,2006-01-16 20:00:00+00:00,signal,18.2269,17.0089,18487.888,-61.329248799999675,-0.01411734161262227,12,0.05570670546681891,-0.01411734161262227,0.0024531441373265572,-0.274055634724815,-0.014116520363167684,
2006-01-08 18:00:00+00:00,NDAQ,optimised_new,daily-rescreened,BUY,6.0,BUY,10.8941,0.3769,56.37,1.47,0.1,3965.4524,2006-01-10 20:00:00+00:00,"rr_stop_loss(9.6% loss, risk=8%)",9.8523,10.0226,10894.0932,-386.76688960000024,-0.09562974454062294,2,0.06128087680487605,-0.09562974454062294,0.09168569396155957,0.8644120322917705,-0.09562535247774706,
2006-01-08 19:00:00+00:00,MGM,optimised_new,daily-rescreened,BUY,6.0,BUY,35.5137,0.04,58.55,2.7,0.1,3551.37,2006-01-18 22:00:00+00:00,signal,33.4209,32.6726,35513.6935,-216.17345999999984,-0.05892937091882842,10,0.03349411635509683,-0.07088813612774783,-0.013785300827291791,-0.12919426986898075,-0.05892724325913634,
2006-01-16 23:00:00+00:00,NDAQ,optimised_new,daily-rescreened,BUY,6.0,BUY,10.6898,0.097,52.66,2.49,0.1,5697.6634,2006-01-30 19:00:00+00:00,"trailing_stop(15.9% from peak, still +11.4% from entry)",11.9037,9.8346,10689.824,634.9663645000003,0.11355684858463214,13,0.32344852102003774,-0.049318041497502345,0.12122057144878418,1.2525869110180472,0.11354919759805115,
2006-01-17 00:00:00+00:00,CPT,optimised_new,daily-rescreened,BUY,8.0,BUY,39.5538,0.9513,53.91,2.17,0.1,7594.329600000001,2006-02-05 19:00:00+00:00,"trailing_stop(3.2% from peak, still +4.6% from entry)",41.3547,36.3895,39553.8,330.2383680000008,0.0455303915173763,19,0.07963583777032789,-0.016531913495037142,0.020294409718904838,0.1837061206297117,0.04552210157503089,
2006-01-17 19:00:00+00:00,CME,optimised_new,daily-rescreened,BUY,6.0,BUY,48.3682,0.4903,53.71,1.21,0.1,6819.916200000001,2006-02-06 20:00:00+00:00,"trailing_stop(7.8% from peak, still +3.3% from entry)",49.953,44.4987,48368.1978,209.59351080000042,0.032765329286597415,20,0.12011197439640085,-0.0444258831215551,0.0436662865885411,0.3251864233449564,0.032765758049236204,
2006-01-18 18:00:00+00:00,VLO,optimised_new,daily-rescreened,BUY,8.0,BUY,39.8105,0.8097,55.38,1.54,0.1,6449.3009999999995,2006-02-05 19:00:00+00:00,signal,37.3731,36.6257,39810.4906,-407.36254320000023,-0.06122505369186513,18,0.06319438339131651,-0.0624282538526267,0.02851549784039431,0.31226881347919755,-0.06122259911601757,
2006-01-18 22:00:00+00:00,ALGN,optimised_new,daily-rescreened,BUY,7.0,BUY,7.8207,0.6946,51.9,2.23,0.1,5834.242200000001,2006-01-23 18:00:00+00:00,"rr_stop_loss(11.2% loss, risk=8%)",6.9448,7.195,7820.6516,-664.4364630000003,-0.11199764726942607,4,0.07211630672446201,-0.11199764726942607,0.004620100420354767,-0.09531482595731056,-0.11199517437414519,
2006-01-18 00:00:00+00:00,UDR,optimised_new,daily-rescreened,BUY,6.0,BUY,15.344,0.9509,51.77,1.02,0.1,5247.648,2006-02-05 18:00:00+00:00,"trailing_stop(4.0% from peak, still +1.5% from entry)",15.5812,14.1165,15344.0,70.54598160000072,0.015458811261731062,18,0.05754040667361843,-0.00571558915537017,0.003796449381882283,0.033566822971127896,0.015462267439500188,
2006-01-18 18:00:00+00:00,ALGN,optimised_new,daily-rescreened,BUY,6.0,BUY,8.0295,0.5284,54.79,1.45,0.1,4729.3755,2006-01-18 20:00:00+00:00,"rr_stop_loss(9.0% loss, risk=8%)",7.3092,7.3872,8029.5143,-433.29119430000077,-0.08970670651970868,0,0.0,-0.08970670651970868,0.0033620173304320655,-0.047845957256595795,-0.0897118405420001,
2006-01-18 22:00:00+00:00,TTWO,optimised_new,daily-rescreened,BUY,6.0,BUY,18.7041,0.4425,55.62,1.77,0.1,4245.8307,2006-01-25 23:00:00+00:00,"rr_stop_loss(8.5% loss, risk=8%)",17.1213,17.2078,18704.1219,-367.42796579999987,-0.08462315748953432,7,0.0158200608422752,-0.08462315748953432,-0.0015293799265226893,-0.3180903142930498,-0.08462342666395439,
2006-01-22 18:00:00+00:00,FIX,optimised_new,daily-rescreened,BUY,6.0,BUY,9.1854,0.3171,55.24,1.38,0.1,4739.6664,2006-01-27 00:00:00+00:00,"trailing_stop(5.2% from peak, still +3.3% from entry)",9.4897,8.4506,9185.4221,147.3824483999995,0.03312866070067712,4,0.0894789557340999,-0.017691118514163745,0.03610362067664208,0.6405255325327703,0.03312721278712427,
2006-01-24 00:00:00+00:00,ALGN,optimised_new,daily-rescreened,BUY,7.0,BUY,7.53,0.69,51.0,1.45,0.1,4781.55,2006-02-15 22:00:00+00:00,"trailing_stop(12.8% from peak, still +7.5% from entry)",8.0931,6.9276,7530.0,347.6478315000001,0.07478087649402383,22,0.2325099601593624,-0.07487383798140777,0.0312750517598781,0.05427689653892109,0.07478066574598152,
2006-01-24 18:00:00+00:00,MGM,optimised_new,daily-rescreened,BUY,6.0,BUY,35.2526,0.2357,59.83,1.64,0.1,4300.8172,2006-02-06 21:00:00+00:00,signal,33.1438,32.4324,35252.6497,-265.6179608000002,-0.05981970124189428,13,0.06659934302718096,-0.05981970124189428,-0.015300585922983667,-0.13641170399342994,-0.05982018027997693,
2006-01-30 21:00:00+00:00,NDAQ,optimised_new,daily-rescreened,BUY,6.0,BUY,13.2792,0.406,57.85,3.88,0.1,5378.076,2006-01-31 00:00:00+00:00,"rr_stop_loss(12.3% loss, risk=8%)",11.6442,12.2169,13279.2233,-672.2689769999997,-0.12312488704138802,0,0.0,-0.12312488704138802,0.1195115717356301,1.2034884800877848,-0.1231268622068925,
2006-02-01 20:00:00+00:00,FIX,optimised_new,daily-rescreened,BUY,6.0,BUY,9.4411,0.2307,55.88,1.66,0.1,5315.339300000001,2006-02-14 21:00:00+00:00,signal,8.8947,8.6858,9441.0848,-317.9462553999999,-0.05787461206850899,13,0.007986357521898945,-0.06111575981612311,0.033208433234105605,0.537665570940224,-0.0578703355756669,
2006-02-02 23:00:00+00:00,ES,optimised_new,daily-rescreened,BUY,8.0,BUY,13.6477,0.75,54.21,2.08,0.1,4790.3427,2006-05-08 18:00:00+00:00,"trailing_stop(3.4% from peak, still +0.8% from entry)",13.7623,12.5558,13647.6609,30.603689999999116,0.008397019277973532,94,0.04413197828205482,-0.043809579636129234,0.0037945745369949435,-0.0250255515835085,0.008408333076322272,
2006-02-05 20:00:00+00:00,IT,optimised_new,daily-rescreened,BUY,6.0,BUY,14.8443,0.3996,61.84,1.28,0.1,6234.606,2006-02-06 22:00:00+00:00,"rr_stop_loss(8.6% loss, risk=8%)",13.5659,13.6567,14844.2641,-548.8602840000012,-0.0861205984788775,1,0.0,-0.0861205984788775,-0.0020069137789056057,0.3106823536671497,-0.08611949376150652,
2006-02-06 21:00:00+00:00,NDSN,optimised_new,daily-rescreened,BUY,6.0,BUY,20.2161,0.144,56.1,2.04,0.1,7298.0121,2006-03-01 00:00:00+00:00,"trailing_stop(3.0% from peak, still +9.6% from entry)",22.1532,18.5988,20216.0928,683.9977827000002,0.0958196684820513,22,0.13028229975118844,-0.037252486879269485,0.020705540070239614,0.44389917583613103,0.09581721425446865,
2006-02-06 21:00:00+00:00,RMD,optimised_new,daily-rescreened,BUY,6.0,BUY,16.7947,0.0898,57.83,3.49,0.1,6566.7276999999995,2006-02-16 20:00:00+00:00,"trailing_stop(9.8% from peak, still +5.1% from entry)",17.6487,15.4512,16794.7334,320.4466306000015,0.050849375100478295,9,0.1653497829672457,0.0,0.009433914921490372,0.19706271012064658,0.0508513902278116,
2006-02-06 22:00:00+00:00,CRL,optimised_new,daily-rescreened,BUY,6.0,BUY,46.4032,0.1838,57.64,1.23,0.1,5893.2064,2006-02-20 20:00:00+00:00,"trailing_stop(8.3% from peak, still +1.0% from entry)",46.8839,42.6909,46403.1528,49.201438299999666,0.01035919936556097,13,0.10151886076822286,-0.03347182952899793,0.0010110015602806666,-0.062215949015878014,0.010357993941056298,
2006-02-06 23:00:00+00:00,CME,optimised_new,daily-rescreened,BUY,6.0,BUY,52.7114,0.3448,54.81,3.01,0.1,5271.139999999999,2006-02-07 18:00:00+00:00,"rr_stop_loss(8.5% loss, risk=8%)",48.2374,48.4945,52711.3998,-457.49487999999945,-0.08487727512454606,0,0.0,-0.08487727512454606,0.04504152762168978,0.2796704820166567,-0.084878112304,
2006-02-08 18:00:00+00:00,IT,optimised_new,daily-rescreened,BUY,6.0,BUY,13.9551,0.4003,53.47,3.23,0.1,5275.0278,2006-02-09 20:00:00+00:00,"rr_stop_loss(9.3% loss, risk=8%)",12.6638,12.8387,13955.0636,-498.1733442000001,-0.09253247916532305,1,0.02011451010741589,-0.09253247916532305,-0.004034816794937113,0.22353332461542785,-0.09252540533599651,
2006-02-08 20:00:00+00:00,BLK,optimised_new,daily-rescreened,BUY,6.0,BUY,92.7663,0.1341,56.39,1.57,0.1,4731.0813,2006-02-16 20:00:00+00:00,"trailing_stop(12.5% from peak, still +3.9% from entry)",96.4002,85.345,92766.2968,175.6814084999991,0.03917263057813017,8,0.18793354914446295,-0.06255073232413062,0.022108879998765874,0.7350149112958675,0.03917572547213233,
2006-02-08 20:00:00+00:00,MGM,optimised_new,daily-rescreened,BUY,6.0,BUY,37.03,0.0986,61.2,1.86,0.1,4258.45,2006-02-28 21:00:00+00:00,signal,34.7162,34.0676,37029.9677,-274.3378129999998,-0.06248447204968945,20,0.04467458817175261,-0.0724034566567648,-0.01782521352155797,-0.09544311109587444,-0.062486266530898615,
2006-02-13 00:00:00+00:00,CME,optimised_new,daily-rescreened,BUY,6.0,BUY,50.6019,0.2105,52.44,1.95,0.1,4301.1615,2006-02-28 19:00:00+00:00,"trailing_stop(6.0% from peak, still +2.2% from entry)",51.734,46.5537,50601.9,87.52994849999916,0.02237267770577787,15,0.0872872362500222,-0.03422203514097304,0.05539848875758491,0.3724342306615407,0.022375346504493354,
2006-02-13 19:00:00+00:00,NFLX,optimised_new,daily-rescreened,BUY,6.0,BUY,0.3694,0.2887,51.07,1.27,0.1,3898.2782,2006-03-07 22:00:00+00:00,signal,0.3513,0.3399,369.4354,-198.61484709999985,-0.04899837574445047,22,0.10314022739577684,-0.06821873308067136,0.06362550355749419,0.4677761793017077,-0.04907820883718883,
2006-02-13 23:00:00+00:00,MOS,optimised_new,daily-rescreened,BUY,6.0,BUY,13.8483,0.0095,56.51,3.25,0.1,3503.6199,2006-02-16 18:00:00+00:00,"rr_stop_loss(8.0% loss, risk=8%)",12.7355,12.7404,13848.269,-288.26410139999996,-0.08035643364167443,2,0.008903619938909499,-0.08035643364167443,0.008157701946036822,-0.0366473314665432,-0.08035047837312925,
2006-02-14 19:00:00+00:00,PWR,optimised_new,daily-rescreened,BUY,6.0,BUY,13.4894,0.4949,64.14,1.28,0.1,3655.6274,2006-02-15 20:00:00+00:00,"rr_stop_loss(8.6% loss, risk=8%)",12.3306,12.4102,13489.3805,-321.0320199999997,-0.08590448796833064,1,0.0,-0.08590448796833064,0.009802540583674357,0.42840026852279567,-0.085906695198252,
2006-02-14 21:00:00+00:00,IT,optimised_new,daily-rescreened,BUY,6.0,BUY,13.8507,0.449,56.6,4.5,0.1,3282.6159,2006-02-28 22:00:00+00:00,"trailing_stop(8.8% from peak, still +1.5% from entry)",14.056,12.7427,13850.7289,42.0422120999998,0.014822355548816982,14,0.11244197044192708,-0.02586150880460916,0.0002163692257897143,0.35803475767106097,0.014818324098807345,
2006-02-15 00:00:00+00:00,FIX,optimised_new,daily-rescreened,BUY,6.0,BUY,9.2108,0.1255,54.46,2.07,0.1,3804.0604000000003,2006-03-05 18:00:00+00:00,"trailing_stop(5.4% from peak, still +10.6% from entry)",10.185,8.4739,9210.8,394.3341345999995,0.1057671429191818,18,0.16857384809137096,-0.03998566899726423,0.04880078926181253,0.76071105330515,0.10575987788358421,
2006-02-16 23:00:00+00:00,MTD,optimised_new,daily-rescreened,BUY,6.0,BUY,62.6019,0.2382,55.63,2.75,0.1,5446.3653,2006-03-02 19:00:00+00:00,signal,59.77,57.5937,62601.8854,-257.0216552999998,-0.045236646172081,13,0.0,-0.05556700355740002,0.020167914667480247,0.26055250180079836,-0.045234420551540255,
2006-02-21 21:00:00+00:00,REG,optimised_new,daily-rescreened,BUY,6.0,BUY,42.0899,0.0362,60.7,1.53,0.1,5513.7769,2006-03-07 18:00:00+00:00,signal,41.0495,38.7227,42089.8641,-147.1836614000001,-0.024718519169681995,13,0.028781251559162592,-0.024718519169681995,0.0007457589736750148,0.03921025138271861,-0.02471624764268321,
2006-02-22 19:00:00+00:00,BLK,optimised_new,daily-rescreened,BUY,6.0,BUY,103.6123,0.1694,59.35,1.41,0.1,4973.3904,2006-02-23 21:00:00+00:00,"rr_stop_loss(9.7% loss, risk=8%)",93.5182,95.3233,103612.2786,-493.9790640000006,-0.09742183119185667,1,0.0,-0.09742183119185667,0.01757519033849797,0.6831411839155028,-0.09742307420835361,
2006-02-23 18:00:00+00:00,PWR,optimised_new,daily-rescreened,BUY,6.0,BUY,12.9058,0.4877,56.29,3.81,0.1,4942.921399999999,2006-02-27 23:00:00+00:00,"trailing_stop(7.6% from peak, still +5.6% from entry)",13.6257,11.8734,12905.8324,265.56013550000006,0.05578112166622766,4,0.14321467867160503,-0.01855754776922001,0.019981659780915262,0.5784275321042494,0.055777696957688194,
2006-02-23 21:00:00+00:00,APH,optimised_new,daily-rescreened,BUY,6.0,BUY,2.7502,0.0332,51.61,2.38,0.1,4458.0742,2006-03-08 00:00:00+00:00,"trailing_stop(4.8% from peak, still +0.1% from entry)",2.7538,2.5302,2750.2423,-3.086383999999443,0.0013089957094029698,12,0.05181441349720023,-0.014471674787288218,0.0014895818774500746,0.08528630506515555,0.0013029030357654126,
2006-02-28 18:00:00+00:00,PWR,optimised_new,daily-rescreened,BUY,6.0,BUY,13.7059,0.4969,54.29,1.44,0.1,5701.654399999999,2006-03-23 21:00:00+00:00,"trailing_stop(6.1% from peak, still +6.7% from entry)",14.618,12.6094,13705.8726,367.6508576000004,0.06654798298542967,23,0.1357225720310232,-0.07764539358962196,0.03228851822992285,0.693382543201132,0.06655263491281938,
2006-02-28 22:00:00+00:00,CME,optimised_new,daily-rescreened,BUY,6.0,BUY,54.1664,0.0028,54.89,2.44,0.1,5091.6416,2006-04-02 20:00:00+00:00,"trailing_stop(4.6% from peak, still +0.8% from entry)",54.6115,49.833,54166.3504,31.614277399999995,0.008217271223489035,32,0.056464893365628786,-0.05378795710994281,0.06212561590722876,0.4487691408471075,0.008216132893244632,
2006-03-01 20:00:00+00:00,TAP,optimised_new,daily-rescreened,BUY,8.0,BUY,22.7955,0.9553,65.46,2.9,0.1,5425.329,2006-03-14 20:00:00+00:00,"trailing_stop(5.2% from peak, still +2.5% from entry)",23.3559,20.9718,22795.4871,122.39116679999975,0.024583799434098736,13,0.08135377596455431,-0.012326994362922453,0.01786828237639626,0.05730055695967584,0.02458442500107494,
2006-03-01 21:00:00+00:00,NDSN,optimised_new,daily-rescreened,BUY,6.0,BUY,22.4976,0.0692,60.06,1.53,0.1,4881.9792,2006-03-07 22:00:00+00:00,"rr_stop_loss(8.4% loss, risk=8%)",20.6005,20.6978,22497.6018,-421.02298769999976,-0.08432455017424073,6,0.0391597325936989,-0.08432455017424073,0.015847085585366072,0.3426977542416725,-0.0843236752910479,
2006-03-02 22:00:00+00:00,MGM,optimised_new,daily-rescreened,BUY,6.0,BUY,36.3997,0.1758,55.64,1.76,0.1,4913.9595,2006-03-23 21:00:00+00:00,"trailing_stop(6.2% from peak, still +5.3% from entry)",38.3435,33.4877,36399.7101,252.32266799999857,0.05340153902367316,20,0.12320431212345156,-0.04313771816800687,-0.009185490317351275,-0.0009293553835999502,0.053404425850119175,
2006-03-03 00:00:00+00:00,ROP,optimised_new,daily-rescreened,BUY,6.0,BUY,42.3009,0.2303,52.15,2.24,0.1,4399.2936,2006-03-20 21:00:00+00:00,signal,40.2449,38.9168,42300.9,-222.40876319999964,-0.0486041668144176,17,0.06642648265166932,-0.0486041668144176,0.016305833905200462,0.19872548874433948,-0.048603604685119706,
2006-03-05 19:00:00+00:00,MOS,optimised_new,daily-rescreened,BUY,6.0,BUY,12.9346,0.4584,53.01,1.25,0.1,4397.764,2006-03-14 21:00:00+00:00,"rr_stop_loss(8.3% loss, risk=8%)",11.8633,11.8998,12934.5513,-372.6732859999999,-0.08282436256242938,9,0.007785319994433519,-0.08282436256242938,0.0014226326032045211,-0.10262756366903936,-0.0828241803829104,
2006-03-06 23:00:00+00:00,FIX,optimised_new,daily-rescreened,BUY,6.0,BUY,10.2165,0.1524,56.76,1.47,0.1,3964.002,2006-03-21 18:00:00+00:00,"trailing_stop(15.4% from peak, still +1.8% from entry)",10.3982,9.3992,10216.5124,62.50109639999999,0.0177849557089022,14,0.2036215925219008,-0.04686536485097633,0.06063515184035273,0.7975768289151344,0.01778373519128751,
2006-03-08 20:00:00+00:00,IT,optimised_new,daily-rescreened,BUY,6.0,BUY,14.3225,0.4673,58.49,3.51,0.1,5356.615,2006-03-22 19:00:00+00:00,signal,13.6419,13.1767,14322.5447,-265.0030855999997,-0.04751963693489266,13,0.037458544248559975,-0.04751963693489266,-0.0018942621277049376,0.31802454659593327,-0.04752144162941374,
2006-03-09 00:00:00+00:00,TTWO,optimised_new,daily-rescreened,BUY,6.0,BUY,16.1,0.0957,54.54,1.58,0.1,4830.0,2006-03-20 20:00:00+00:00,signal,15.6028,14.812,16100.0,-158.67084000000077,-0.030881987577639824,11,0.11060248447204965,-0.05584472049689445,0.0030900254128103377,-0.3785681978070614,-0.03088510688377144,
2006-03-09 18:00:00+00:00,NDAQ,optimised_new,daily-rescreened,BUY,6.0,BUY,11.5611,0.1903,62.15,8.71,0.1,4346.9736,2006-03-14 18:00:00+00:00,"trailing_stop(10.5% from peak, still +0.4% from entry)",11.6073,10.6362,11561.1072,8.659881600000245,0.0039961595349924045,5,0.12239319787909464,-0.006781361635138546,0.13028850626228183,1.196512707855741,0.0039946510772155275,
2006-03-09 21:00:00+00:00,NFLX,optimised_new,daily-rescreened,BUY,6.0,BUY,0.3737,0.1395,58.01,2.94,0.1,3916.0022999999997,2006-03-13 22:00:00+00:00,"rr_stop_loss(8.5% loss, risk=8%)",0.342,0.3438,373.7106,-339.6841202999995,-0.0848274016590847,4,0.0,-0.0848274016590847,0.061255332763846315,0.42899686200355247,-0.08479421751532645,
2006-03-12 22:00:00+00:00,APH,optimised_new,daily-rescreened,BUY,6.0,BUY,2.7901,0.1001,51.69,2.98,0.1,3523.8963,2006-03-26 20:00:00+00:00,"trailing_stop(4.5% from peak, still +0.1% from entry)",2.7917,2.5669,2790.0732,-5.029013399999098,0.0005734561485252385,13,0.047776065374001,-0.03261531844736739,-0.0015732079305886826,0.10022958461249787,0.0005985028152186711,
2006-03-13 20:00:00+00:00,BLK,optimised_new,daily-rescreened,BUY,6.0,BUY,94.6396,0.2091,59.31,2.25,0.1,3501.6652,2006-03-22 19:00:00+00:00,signal,95.2399,87.0684,94639.5656,15.185558499999777,0.0063430107481435285,8,0.042253982476679865,-0.02147515416379608,0.022294199899940637,0.7141260477202807,0.0063391573705913196,
2006-03-14 00:00:00+00:00,NDSN,optimised_new,daily-rescreened,BUY,6.0,BUY,21.3953,0.0423,53.46,1.66,0.1,4557.198899999999,2006-04-09 23:00:00+00:00,"trailing_stop(5.4% from peak, still +0.9% from entry)",21.5965,19.6837,21395.3,33.69834660000015,0.009403934508980947,26,0.06744471916729382,-0.02935224091272383,0.018222678627327182,0.40760079277033245,0.009394950476672381,
2006-03-14 19:00:00+00:00,REG,optimised_new,daily-rescreened,BUY,6.0,BUY,42.7525,0.0039,53.72,1.79,0.1,4104.24,2006-04-06 21:00:00+00:00,signal,42.2013,39.3323,42752.5221,-61.07076479999966,-0.01289281328577263,23,0.04242792819133393,-0.01830302321501664,0.0012361805328044984,0.06836477675350316,-0.012894470507998634,
2006-03-14 21:00:00+00:00,RMD,optimised_new,daily-rescreened,BUY,6.0,BUY,17.5961,0.0241,61.38,5.15,0.1,3695.181,2006-03-26 18:00:00+00:00,"trailing_stop(5.0% from peak, still +3.8% from entry)",18.2685,16.1884,17596.1055,133.67243400000012,0.03821301311085978,11,0.09311722483959517,-0.05096015594364656,0.018321153919674593,0.23909743895407498,0.0382132652853755,
2006-03-14 22:00:00+00:00,NDAQ,optimised_new,daily-rescreened,BUY,6.0,BUY,12.7802,0.0167,61.06,2.6,0.1,3335.6322,2006-03-19 18:00:00+00:00,"rr_stop_loss(12.9% loss, risk=8%)",11.1358,11.7578,12780.1827,-435.43047600000006,-0.1286677829767923,4,0.014718079529271733,-0.1286677829767923,0.12948301124811024,1.1072882979224485,-0.12866487472526855,
2006-03-16 18:00:00+00:00,NFLX,optimised_new,daily-rescreened,BUY,6.0,BUY,0.3693,0.1122,55.22,1.91,0.1,3004.9941000000003,2006-03-24 00:00:00+00:00,"trailing_stop(5.4% from peak, still +10.9% from entry)",0.4096,0.3398,369.3051,321.58319069999993,0.10912537232602221,7,0.17248849174113182,-0.012997562956945643,0.07665041115146187,0.7112150460026667,0.10903097612824486,
2006-03-16 19:00:00+00:00,CRL,optimised_new,daily-rescreened,BUY,6.0,BUY,50.4548,0.0956,53.0,2.84,0.1,2674.1043999999997,2006-04-11 00:00:00+00:00,signal,47.36,46.4184,50454.7703,-169.30249219999965,-0.061338068925057665,25,0.02141322530264721,-0.06573011883904012,-0.0032164655610517068,-0.05268989901272314,-0.061334162568439266,
2006-03-21 19:00:00+00:00,ROP,optimised_new,daily-rescreened,BUY,6.0,BUY,45.1629,0.458,63.31,1.46,0.1,3974.3352,2006-03-22 21:00:00+00:00,"rr_stop_loss(9.5% loss, risk=8%)",40.8564,41.5499,45162.9272,-386.54169840000026,-0.09535481556764512,1,0.0,-0.09535481556764512,0.013228925115340573,0.21694163555534085,-0.09535430586353111,
2006-03-21 21:00:00+00:00,TAP,optimised_new,daily-rescreened,BUY,6.0,BUY,24.9048,0.9342,48.85,1.23,0.1,3611.1960000000004,2006-04-27 19:00:00+00:00,"trailing_stop(5.8% from peak, still +1.0% from entry)",25.1648,22.9124,24904.8123,30.439907999999214,0.010439754585461357,36,0.07296585397192508,-0.050078699688413594,0.022705174853838717,0.13918016168949965,0.010431818456164477,
2006-03-22 19:00:00+00:00,FIX,optimised_new,daily-rescreened,BUY,6.0,BUY,11.3503,0.3445,52.54,8.58,0.1,4472.0182,2006-04-03 21:00:00+00:00,"trailing_stop(9.3% from peak, still +0.9% from entry)",11.4559,10.4423,11350.304,32.62075719999948,0.009303718844435744,12,0.11269305657119191,-0.04464199184162536,0.07079248703487862,0.9804117635436724,0.009298235632082319,
2006-03-26 20:00:00+00:00,ROP,optimised_new,daily-rescreened,BUY,6.0,BUY,43.5309,0.4449,53.8,1.22,0.1,6224.9187,2006-04-10 20:00:00+00:00,signal,43.3757,40.0485,43530.9378,-34.62124380000047,-0.0035652835112529413,15,0.08423901182837924,-0.040396591846251856,0.018293038653011573,0.2919799695461811,-0.0035662298558163386,
2006-03-26 22:00:00+00:00,PWR,optimised_new,daily-rescreened,BUY,6.0,BUY,15.4556,0.4992,57.89,1.22,0.1,5594.9272,2006-04-20 23:00:00+00:00,"trailing_stop(5.4% from peak, still +7.3% from entry)",16.5806,14.2192,15455.6117,395.6528956,0.07278915085794145,25,0.13395144801884104,-0.033405367633738005,0.04746475534691008,0.9207361183719609,0.07278945434038286,
2006-03-27 00:00:00+00:00,NFLX,optimised_new,daily-rescreened,BUY,6.0,BUY,0.4127,0.0527,56.34,2.31,0.1,5044.8448,2006-04-10 21:00:00+00:00,"rr_stop_loss(8.7% loss, risk=8%)",0.3768,0.3797,412.71,-448.49244799999934,-0.08698812696874239,14,0.043372910104191836,-0.08698812696874239,0.07394424271774391,0.574477083221621,-0.08690639557767754,
2006-03-27 18:00:00+00:00,MGM,optimised_new,daily-rescreened,BUY,6.0,BUY,40.3384,0.1907,55.42,3.59,0.1,4517.9008,2006-04-23 18:00:00+00:00,"trailing_stop(3.9% from peak, still +1.9% from entry)",41.0876,37.1113,40338.4035,74.7906880000005,0.018572873490272344,27,0.05979414156238222,-0.021366737401582576,-0.003169254520077991,0.07056720812910866,0.018571260806008016,
2006-03-27 19:00:00+00:00,APH,optimised_new,daily-rescreened,BUY,6.0,BUY,2.8027,0.1149,53.54,2.86,0.1,4086.3366,2006-04-10 19:00:00+00:00,"trailing_stop(5.6% from peak, still +0.8% from entry)",2.8241,2.5784,2802.6521,22.997325600000163,0.007635494344738952,14,0.06700681485710198,-0.021336568309130506,0.0026829307895466226,0.11298638792663107,0.0076539060777114365,
2006-03-27 19:00:00+00:00,RMD,optimised_new,daily-rescreened,BUY,6.0,BUY,18.697,0.0207,53.87,2.07,0.1,3664.6119999999996,2006-04-16 20:00:00+00:00,signal,17.21,17.2013,18697.0462,-298.4897719999994,-0.07953147563780277,20,0.04902925603037933,-0.07953147563780277,0.016445101619738667,0.16730636736849225,-0.0795297000664601,
2006-03-30 22:00:00+00:00,IT,optimised_new,daily-rescreened,BUY,6.0,BUY,14.2372,0.4703,59.02,1.57,0.1,3303.0304,2006-04-09 21:00:00+00:00,"rr_stop_loss(8.7% loss, risk=8%)",12.9958,13.0983,14237.2403,-294.32285600000034,-0.0871941112016408,9,0.0,-0.0871941112016408,-0.008368044423249787,0.2556022993048175,-0.0871942918947286,
2006-04-04 21:00:00+00:00,CME,optimised_new,daily-rescreened,BUY,6.0,BUY,56.6448,0.1111,56.3,1.23,0.1,3908.4912,2006-04-12 23:00:00+00:00,"trailing_stop(6.5% from peak, still +7.8% from entry)",61.0386,52.1132,56644.7733,295.05204540000005,0.07756757901872734,8,0.15240586955907698,-0.03709784481541109,0.07652525411235889,0.6192732345420879,0.07757047950500562,
2006-04-05 18:00:00+00:00,MOS,optimised_new,daily-rescreened,BUY,6.0,BUY,12.2197,0.423,67.49,1.99,0.1,3555.9327,2006-04-06 21:00:00+00:00,"rr_stop_loss(8.1% loss, risk=8%)",11.2285,11.2421,12219.7004,-295.26262619999983,-0.08111492098824023,1,0.009083692725680718,-0.08111492098824023,-0.0025333467765301654,-0.15064891197494978,-0.08111684727173651,
2006-04-10 00:00:00+00:00,FIX,optimised_new,daily-rescreened,BUY,6.0,BUY,12.4093,0.2397,56.69,2.21,0.1,6179.8314,2006-05-01 18:00:00+00:00,"trailing_stop(5.9% from peak, still +4.5% from entry)",12.9616,11.4166,12409.3,262.41069180000045,0.044506942373864815,21,0.10975639238313202,-0.07807853787079043,0.08315809421138853,1.240710731184115,0.044508384838789494,
2006-04-11 18:00:00+00:00,MOS,optimised_new,daily-rescreened,BUY,6.0,BUY,12.0848,0.408,63.26,2.65,0.1,5812.788799999999,2006-04-24 20:00:00+00:00,"rr_stop_loss(8.0% loss, risk=8%)",11.1173,11.118,12084.7746,-476.52771009999935,-0.08005924798093468,13,0.01743512511584809,-0.08005924798093468,-0.006447803112076822,-0.15905408454654013,-0.08005124368933458,
2006-04-11 19:00:00+00:00,NDSN,optimised_new,daily-rescreened,BUY,6.0,BUY,22.0599,0.054,54.88,2.28,0.1,5228.1963,2006-04-23 22:00:00+00:00,"trailing_stop(3.6% from peak, still +4.1% from entry)",22.9705,20.2951,22059.8744,205.13999520000155,0.04127851894160909,12,0.08008195866708373,-0.037842419956572684,0.024452424960756947,0.49716026718008677,0.04128117874652415,
2006-04-11 21:00:00+00:00,NDAQ,optimised_new,daily-rescreened,BUY,6.0,BUY,11.6384,0.1149,56.77,2.95,0.1,4713.552000000001,2006-04-20 20:00:00+00:00,"trailing_stop(6.3% from peak, still +0.7% from entry)",11.7228,10.7073,11638.3933,24.720714000000207,0.0072518559252129754,8,0.07487283475391801,-0.018241339015672327,0.13693196686185627,1.218375205529715,0.007254701111026218,
2006-04-12 19:00:00+00:00,NFLX,optimised_new,daily-rescreened,BUY,6.0,BUY,0.4171,0.0901,56.44,1.44,0.1,4663.5951000000005,2006-05-02 23:00:00+00:00,"trailing_stop(8.6% from peak, still +1.6% from entry)",0.4236,0.3837,417.1068,63.276633299999794,0.015583792855430233,20,0.11172380724046985,-0.02972908175497488,0.08212809342302152,0.769971947918682,0.015649021075319958,
2006-04-13 00:00:00+00:00,APH,optimised_new,daily-rescreened,BUY,6.0,BUY,2.8929,0.0169,54.67,2.92,0.1,4197.5979,2006-04-20 19:00:00+00:00,"trailing_stop(6.5% from peak, still +12.7% from entry)",3.26,2.6615,2892.95,523.7342420999993,0.12689688547823974,7,0.2058488022399668,-0.028552663417332168,0.018022126202260624,0.2847559894922618,0.12686336199614034,
2006-04-16 20:00:00+00:00,CF,optimised_new,daily-rescreened,BUY,6.0,BUY,2.6458,0.1029,64.67,1.2,0.1,4114.219,2006-05-07 20:00:00+00:00,"trailing_stop(9.6% from peak, still +1.9% from entry)",2.6952,2.4341,2645.812,68.51174499999983,0.018671101368206173,21,0.1268047471464208,-0.06119132209539637,0.008344710876760253,0.18519089318292048,0.018649440829617614,
2006-04-17 22:00:00+00:00,CME,optimised_new,daily-rescreened,BUY,6.0,BUY,63.3541,0.0831,56.74,1.77,0.1,3674.5378,2006-04-25 22:00:00+00:00,"rr_stop_loss(9.0% loss, risk=8%)",57.6691,58.2858,63354.104,-336.7493456000006,-0.08973373467541962,8,0.013874398026331218,-0.08973373467541962,0.0717568854350299,0.5298859499784283,-0.08973303019960355,
2006-04-24 21:00:00+00:00,MGM,optimised_new,daily-rescreened,BUY,6.0,BUY,41.6877,0.0857,52.71,1.56,0.1,6419.9057999999995,2006-05-14 18:00:00+00:00,signal,41.4062,38.3526,41687.6527,-56.14746059999978,-0.00675259129191587,19,0.05187861167682556,-0.03813834776204972,-0.0018526184572831284,0.07886658211435438,-0.006753431155329115,
2006-04-24 21:00:00+00:00,PWR,optimised_new,daily-rescreened,BUY,6.0,BUY,17.5026,0.4145,61.47,2.25,0.1,5775.858,2006-04-25 20:00:00+00:00,"rr_stop_loss(13.1% loss, risk=8%)",15.204,16.1024,17502.5554,-769.3311780000004,-0.13132905968256148,0,0.0,-0.13132905968256148,0.045279199014437665,0.7612705039810259,-0.13132384026281296,
2006-04-25 18:00:00+00:00,BLK,optimised_new,daily-rescreened,BUY,6.0,BUY,102.9313,0.1922,50.67,1.65,0.1,5970.015399999999,2006-05-08 19:00:00+00:00,"rr_stop_loss(9.7% loss, risk=8%)",92.9769,94.6968,102931.3345,-588.7178755999992,-0.09670916426781741,13,0.03769115905463169,-0.09670916426781741,0.018339708883614136,0.6734004067037747,-0.09670738093392817,
2006-04-25 23:00:00+00:00,IT,optimised_new,daily-rescreened,BUY,6.0,BUY,13.8171,0.4402,64.89,4.49,0.1,5430.1203,2006-05-02 22:00:00+00:00,"trailing_stop(3.7% from peak, still +22.5% from entry)",16.931,12.7117,13817.0632,1211.6786967000003,0.22536567007548625,6,0.27264766123137263,-0.01391753696506499,0.019430784786519828,0.6358053854725589,0.22537067668732758,
2006-04-26 00:00:00+00:00,RMD,optimised_new,daily-rescreened,BUY,6.0,BUY,18.6701,0.0531,53.98,2.05,0.1,4891.5662,2006-05-10 22:00:00+00:00,"trailing_stop(6.2% from peak, still +12.1% from entry)",20.93,17.1765,18670.1,581.7185737999997,0.12104380801388305,14,0.19456778485385723,-0.07366859309805532,0.030377986151062908,0.41962066673316856,0.1210430146649617,
2006-04-26 20:00:00+00:00,NDSN,optimised_new,daily-rescreened,BUY,6.0,BUY,23.8508,0.0546,57.72,1.63,0.1,4388.5472,2006-05-10 18:00:00+00:00,"trailing_stop(3.3% from peak, still +4.9% from entry)",25.0128,21.9428,23850.8462,204.8170976000003,0.04871953980579264,13,0.08423197544736447,-0.037810052492998056,0.033790267058940504,0.6302715080512351,0.04871656987770856,
2006-04-26 23:00:00+00:00,MOS,optimised_new,daily-rescreened,BUY,6.0,BUY,11.8598,0.301,53.56,1.42,0.1,3961.1732,2006-05-04 18:00:00+00:00,"trailing_stop(10.4% from peak, still +11.9% from entry)",13.2731,10.911,11859.8047,463.6478113999995,0.11916727094891985,7,0.24916946322872222,0.0,0.010679804486333433,0.0040093317343670165,0.11916027205909319,
2006-04-27 21:00:00+00:00,TAP,optimised_new,daily-rescreened,BUY,7.0,BUY,26.4691,0.6678,56.71,1.19,0.1,3917.4268,2006-05-02 18:00:00+00:00,"rr_stop_loss(8.3% loss, risk=8%)",24.2786,24.3515,26469.0697,-331.70465959999984,-0.08275687499763876,4,0.0,-0.08275687499763876,0.0174915589806246,0.09906397947147183,-0.08275649407392627,
2006-05-01 22:00:00+00:00,FIX,optimised_new,daily-rescreened,BUY,6.0,BUY,13.6025,0.2274,59.02,1.99,0.1,4189.57,2006-05-11 18:00:00+00:00,"rr_stop_loss(9.5% loss, risk=8%)",12.3044,12.5143,13602.4764,-407.7941251999996,-0.09543098695092812,9,0.008623414813453424,-0.09543098695092812,0.0818945300775844,1.1270982883715281,-0.09542919479465695,
2006-05-01 23:00:00+00:00,PWR,optimised_new,daily-rescreened,BUY,6.0,BUY,16.3632,0.4953,54.08,1.21,0.1,3763.5359999999996,2006-05-08 23:00:00+00:00,"trailing_stop(4.4% from peak, still +10.6% from entry)",18.0944,15.0541,16363.1935,390.25075199999986,0.10579837684560485,7,0.1571025227339397,-0.026559597144812732,0.06036559007971731,1.0960922666626791,0.10579478633493755,
2006-05-02 18:00:00+00:00,CME,optimised_new,daily-rescreened,BUY,6.0,BUY,59.2914,0.1104,54.56,1.99,0.1,4861.8948,2006-05-17 19:00:00+00:00,"rr_stop_loss(8.0% loss, risk=8%)",54.5268,54.5481,59291.4242,-400.0302923999995,-0.080359040265536,15,0.04521397706918706,-0.080359040265536,0.06823885679156971,0.4465246904247575,-0.08035993651775275,
2006-05-03 00:00:00+00:00,IT,optimised_new,daily-rescreened,BUY,6.0,BUY,16.4,0.4512,64.35,1.34,0.1,4395.2,2006-05-04 22:00:00+00:00,"rr_stop_loss(8.9% loss, risk=8%)",14.9435,15.088,16400.0,-398.7420579999994,-0.08881097560975601,1,0.03914634146341482,-0.08881097560975601,0.011634996219833216,0.44378207167455064,-0.08880937860519689,
2006-05-03 23:00:00+00:00,ROP,optimised_new,daily-rescreened,BUY,6.0,BUY,47.2289,0.4301,57.94,1.46,0.1,3967.2276,2006-05-14 20:00:00+00:00,"rr_stop_loss(9.1% loss, risk=8%)",42.9157,43.4506,47228.8959,-369.8809464000004,-0.09132543844976279,10,0.030572382587779924,-0.09132543844976279,0.014486910632150574,0.2782752278355569,-0.09132681871694492,
2006-05-04 19:00:00+00:00,CRL,optimised_new,daily-rescreened,BUY,6.0,BUY,48.1942,0.0097,63.83,2.16,0.1,4385.6722,2006-05-09 19:00:00+00:00,"rr_stop_loss(10.6% loss, risk=8%)",43.0752,44.3387,48194.2466,-474.13451539999954,-0.10621610069261446,5,0.0012491129638005133,-0.10621610069261446,-0.008023325450723484,-0.1383971438068462,-0.10621750063975777,
2006-05-08 18:00:00+00:00,TAP,optimised_new,daily-rescreened,BUY,8.0,BUY,24.754,0.7886,57.27,1.22,0.1,5817.1900000000005,2006-05-17 00:00:00+00:00,signal,23.4205,22.7736,24753.9501,-324.69350749999944,-0.05387008160297328,8,0.008814737012200029,-0.07522420618889883,0.014547261916603604,0.06022247181168172,-0.05386574447265302,
2006-05-08 18:00:00+00:00,IT,optimised_new,daily-rescreened,BUY,6.0,BUY,16.2536,0.3865,55.79,2.14,0.1,5249.912799999999,2006-05-08 22:00:00+00:00,"rr_stop_loss(8.1% loss, risk=8%)",14.9436,14.9533,16253.6183,-433.20669559999993,-0.08059752916277002,0,0.0,-0.08059752916277002,0.009521004490906204,0.4437870974192104,-0.08059961708455365,
2006-05-08 19:00:00+00:00,NDAQ,optimised_new,daily-rescreened,BUY,6.0,BUY,11.1024,0.217,61.69,1.51,0.1,4718.5199999999995,2006-05-09 22:00:00+00:00,"rr_stop_loss(8.0% loss, risk=8%)",10.2136,10.2143,11102.4484,-386.79930000000024,-0.08005476293414035,1,0.0,-0.08005476293414035,0.13250716420491093,0.9327774382616516,-0.08005740265890404,
2006-05-08 19:00:00+00:00,NFLX,optimised_new,daily-rescreened,BUY,6.0,BUY,0.4285,0.1025,50.6,2.0,0.1,4253.291,2006-05-17 18:00:00+00:00,"rr_stop_loss(8.2% loss, risk=8%)",0.3934,0.3942,428.5295,-356.5607793999998,-0.08191365227537915,8,0.046907817969661626,-0.08191365227537915,0.078201203804247,0.6434627018940366,-0.08208075267988846,
2006-05-09 18:00:00+00:00,BLK,optimised_new,daily-rescreened,BUY,6.0,BUY,102.3439,0.1376,57.33,1.33,0.1,5117.195000000001,2006-05-09 20:00:00+00:00,"rr_stop_loss(9.1% loss, risk=8%)",93.029,94.1564,102343.9445,-475.5136450000011,-0.09101568339686106,0,0.0,-0.09101568339686106,0.020082703223064824,0.6743417586758069,-0.09101561492199994,
2006-05-09 18:00:00+00:00,ES,optimised_new,daily-rescreened,BUY,6.0,BUY,13.7535,1.0,42.15,1.45,0.1,4621.176,2006-05-24 22:00:00+00:00,signal,13.3715,12.6532,13753.4606,-137.4660000000007,-0.02777474824590115,15,0.01132802559348524,-0.05339731704657002,0.00021998746750617748,-0.052707538758259176,-0.027767452130456283,
2006-05-09 22:00:00+00:00,IT,optimised_new,daily-rescreened,BUY,6.0,BUY,16.2975,0.4327,57.45,1.3,0.1,4155.8625,2006-05-10 18:00:00+00:00,"rr_stop_loss(8.3% loss, risk=8%)",14.9435,14.9937,16297.516,-353.236455,-0.08308022702868534,0,0.0,-0.08308022702868534,0.00820906751277839,0.4437788752295224,-0.08308101723782868,
2006-05-10 00:00:00+00:00,MOS,optimised_new,daily-rescreened,BUY,6.0,BUY,13.8154,0.2565,55.04,1.21,0.1,5595.237,2006-05-17 19:00:00+00:00,"rr_stop_loss(8.0% loss, risk=8%)",12.709,12.7102,13815.4,-458.83438200000046,-0.0800845433356979,7,0.01722715230829361,-0.0800845433356979,0.006907715560910965,-0.03866030689239708,-0.08008708743278148,
2006-05-17 18:00:00+00:00,IT,optimised_new,daily-rescreened,BUY,6.0,BUY,14.9115,0.0082,55.86,2.05,0.1,8305.7055,2006-05-17 21:00:00+00:00,"rr_stop_loss(8.7% loss, risk=8%)",13.6217,13.7186,14911.5439,-734.3115923999995,-0.08649699896053378,0,0.0,-0.08649699896053378,0.00464772152941384,0.31607416124038656,-0.08650193592250255,
2006-05-18 21:00:00+00:00,PWR,optimised_new,daily-rescreened,BUY,6.0,BUY,17.3688,0.1376,55.1,2.19,0.1,8232.8112,2006-05-22 23:00:00+00:00,"rr_stop_loss(10.2% loss, risk=8%)",15.6011,15.9793,17368.7532,-853.5175326000003,-0.10177444613329646,4,0.014019391092073197,-0.10177444613329646,0.05822323236729998,0.8072762689240363,-0.10177189873443016,
2006-05-25 00:00:00+00:00,NDSN,optimised_new,daily-rescreened,BUY,6.0,BUY,24.1792,0.0087,59.33,2.21,0.1,8607.7952,2006-05-29 19:00:00+00:00,"rr_stop_loss(9.1% loss, risk=8%)",21.9906,22.2449,24179.2,-795.5780488000005,-0.09051581524616202,4,0.016166787983059757,-0.09051581524616202,0.030111997479431718,0.43329305358278636,-0.09051462509762409,
2006-05-25 18:00:00+00:00,REG,optimised_new,daily-rescreened,BUY,6.0,BUY,41.0178,0.0387,59.22,1.3,0.1,7752.3642,2006-06-07 20:00:00+00:00,signal,39.4705,37.7364,41017.7887,-307.65198870000074,-0.03772264724095392,13,0.027680665467187344,-0.03772264724095392,0.00013331378173320196,-0.0007672430682778009,-0.03772276404216213,
2006-05-25 22:00:00+00:00,ES,optimised_new,daily-rescreened,BUY,6.0,BUY,13.8236,0.4834,62.11,2.52,0.1,6967.0944,2006-06-14 23:00:00+00:00,"trailing_stop(3.3% from peak, still +3.3% from entry)",14.2731,12.7177,13823.6309,212.38726320000018,0.03251685523307957,20,0.06813709887438862,-0.016768425012297923,0.005991954216204354,0.011166192662283914,0.03251892941707313,
2006-05-31 20:00:00+00:00,TTWO,optimised_new,daily-rescreened,BUY,6.0,BUY,17.0704,0.0242,67.87,1.48,0.1,7067.1456,2006-06-05 18:00:00+00:00,"rr_stop_loss(8.7% loss, risk=8%)",15.5816,15.7047,17070.3632,-629.881128,-0.08721529665385694,4,0.04887993251476253,-0.08721529665385694,0.0006812235184707749,-0.3794130771567845,-0.08721688551254925,
2006-05-31 23:00:00+00:00,PWR,optimised_new,daily-rescreened,BUY,6.0,BUY,16.9074,0.0698,61.79,1.4,0.1,6357.1824,2006-06-05 18:00:00+00:00,"rr_stop_loss(8.1% loss, risk=8%)",15.5416,15.5548,16907.4345,-525.7416240000002,-0.08078119639920972,4,0.054136058767167164,-0.08078119639920972,0.0535651950162328,0.8003785014700773,-0.08078275128297474,
2006-06-04 19:00:00+00:00,ROP,optimised_new,daily-rescreened,BUY,6.0,BUY,45.0429,0.0621,60.57,1.28,0.1,5720.4483,2006-06-07 19:00:00+00:00,"rr_stop_loss(8.5% loss, risk=8%)",41.2257,41.4394,45042.8683,-495.7405122000004,-0.08474587559859599,3,0.0,-0.08474587559859599,0.008310266852730397,0.2279368787359961,-0.08474624097520678,
2006-06-06 20:00:00+00:00,CRL,optimised_new,daily-rescreened,BUY,6.0,BUY,43.6593,0.22,58.49,11.58,0.1,6374.2578,2006-06-06 23:00:00+00:00,"rr_stop_loss(9.5% loss, risk=8%)",39.5152,40.1666,43659.3487,-617.1820770000003,-0.09491906649900483,0,0.0,-0.09491906649900483,-0.007082361009671745,-0.20960974594615556,-0.09491980033150427,
2006-06-09 00:00:00+00:00,REG,optimised_new,daily-rescreened,BUY,6.0,BUY,40.6178,0.1992,52.41,1.25,0.1,7554.910800000001,2006-06-22 00:00:00+00:00,signal,38.7068,37.3684,40617.8,-370.2003755999999,-0.04704833841320803,13,0.013523627572148053,-0.06279512922905728,-0.003554513113841362,-0.02009967815844771,-0.04704761395601964,
2006-06-15 23:00:00+00:00,ES,optimised_new,daily-rescreened,BUY,6.0,BUY,14.4607,0.4855,53.72,1.32,0.1,7548.4854,2006-08-06 18:00:00+00:00,"trailing_stop(3.8% from peak, still +7.0% from entry)",15.4779,13.3039,14460.7146,515.3504508000011,0.07034237623351572,51,0.11220065418686526,-0.07873754382567916,0.017663575657933972,0.09651450098784276,0.07034016167214974,
2006-06-20 19:00:00+00:00,HST,optimised_new,daily-rescreened,BUY,6.0,BUY,14.974,0.0455,58.55,1.66,0.1,6798.196,2006-07-13 20:00:00+00:00,"trailing_stop(5.8% from peak, still +0.4% from entry)",15.0302,13.7761,14974.0468,11.892893199999623,0.0037531721650861808,23,0.06573393882730061,-0.0467543742486978,0.004608602200160794,0.211193623150973,0.003750511202805784,
2006-06-20 19:00:00+00:00,VLO,optimised_new,daily-rescreened,BUY,6.0,BUY,39.5936,0.3161,54.26,2.67,0.1,6097.414400000001,2006-07-06 20:00:00+00:00,"trailing_stop(6.7% from peak, still +8.8% from entry)",43.0945,36.4261,39593.569,526.404632599999,0.08842085589590222,16,0.1669183908510466,-0.006056534389396327,0.0468972992630452,0.5131478034090882,0.08842139910732927,
2006-06-25 19:00:00+00:00,RMD,optimised_new,daily-rescreened,BUY,6.0,BUY,19.1944,0.0215,53.32,2.74,0.1,6238.18,2006-07-04 22:00:00+00:00,"trailing_stop(4.0% from peak, still +5.4% from entry)",20.2303,17.6588,19194.3611,323.85447249999953,0.05396886591922633,9,0.09736173050473036,-0.03852686200141724,0.03675914979975259,0.3721427156960144,0.05396760680630819,
2006-06-28 18:00:00+00:00,PWR,optimised_new,daily-rescreened,BUY,6.0,BUY,16.0231,0.2044,60.98,4.15,0.1,5608.085,2006-07-12 19:00:00+00:00,signal,14.8505,14.7413,16023.1074,-421.2157600000002,-0.07318184371313911,14,0.11227540238780258,-0.07318184371313911,0.055040143900032534,0.7203267994077251,-0.07318067804626982,
2006-06-29 20:00:00+00:00,MTD,optimised_new,daily-rescreened,BUY,6.0,BUY,61.9277,0.0711,62.56,4.29,0.1,5016.1437000000005,2006-07-11 19:00:00+00:00,signal,58.6853,56.9735,61927.7468,-272.4040529999996,-0.05235783017938666,11,0.02536183323456222,-0.05235783017938666,0.017943355816080198,0.23766785914979005,-0.05236089379042763,
2006-06-29 21:00:00+00:00,CF,optimised_new,daily-rescreened,BUY,6.0,BUY,2.2951,0.4005,65.32,3.31,0.1,4555.7735,2006-07-02 18:00:00+00:00,"rr_stop_loss(8.7% loss, risk=8%)",2.0955,2.1115,2295.1294,-404.921341,-0.08696788810945066,2,0.02819049278898512,-0.08696788810945066,0.00982010089028118,-0.07851550261032647,-0.08698620648350719,
2006-06-29 22:00:00+00:00,REG,optimised_new,daily-rescreened,BUY,6.0,BUY,40.0075,0.0471,60.55,2.25,0.1,4080.765,2006-07-11 19:00:00+00:00,"trailing_stop(4.7% from peak, still +0.2% from entry)",40.0873,36.8069,40007.471,-0.030069600000231844,0.0019946260076235396,11,0.05089295757045548,-0.007841029806911134,0.0008247961815746052,0.014845618475280764,0.0019947461672673583,
2006-07-18 20:00:00+00:00,RMD,optimised_new,daily-rescreened,BUY,6.0,BUY,19.5644,0.0741,58.94,3.45,0.1,7512.7296,2006-08-01 23:00:00+00:00,signal,19.0777,17.9993,19564.4027,-201.73136639999933,-0.024876817075913344,14,0.031429535278362855,-0.05539653656641656,0.037671738690830514,0.29396624734711896,-0.024878095971923253,
2006-07-23 20:00:00+00:00,IT,optimised_new,daily-rescreened,BUY,6.0,BUY,14.076,0.2487,60.8,2.25,0.1,6770.5560000000005,2006-08-04 00:00:00+00:00,"trailing_stop(3.7% from peak, still +8.6% from entry)",15.29,12.9499,14076.0069,569.8089539999995,0.08624609263995443,11,0.1276570048309178,-0.04950980392156871,0.021306237067163947,0.47728736027948515,0.08624761465024666,
2006-07-24 18:00:00+00:00,REG,optimised_new,daily-rescreened,BUY,6.0,BUY,40.2903,0.0356,51.97,1.32,0.1,6083.835300000001,2006-08-02 20:00:00+00:00,"trailing_stop(3.4% from peak, still +2.7% from entry)",41.3764,37.0671,40290.3216,151.66942829999962,0.026956860584309243,9,0.06282653641198985,0.0,0.004398515183781093,0.047485842170253534,0.02695907357711569,
2006-07-24 19:00:00+00:00,MTD,optimised_new,daily-rescreened,BUY,6.0,BUY,61.5149,0.1675,66.04,1.37,0.1,5474.826099999999,2006-08-07 19:00:00+00:00,signal,59.0678,56.5937,61514.9268,-228.52376030000008,-0.03978060599952205,14,0.03438841646495404,-0.046798417944270386,0.01591424410434139,0.24573801690031316,-0.03978080014858787,
2006-07-27 19:00:00+00:00,PWR,optimised_new,daily-rescreened,BUY,6.0,BUY,15.4629,0.1289,62.9,1.63,0.1,4932.6651,2006-08-10 21:00:00+00:00,"trailing_stop(12.6% from peak, still +1.0% from entry)",15.6142,14.2259,15462.9247,38.351105100000616,0.009784710500617664,14,0.1555917712718831,-0.023617820719269978,0.06325386895316543,0.8087848877025599,0.009781949161335568,
2006-08-01 20:00:00+00:00,IDXX,optimised_new,daily-rescreened,BUY,6.0,BUY,21.5379,0.0857,56.0,2.78,0.1,5169.0960000000005,2006-08-15 23:00:00+00:00,"trailing_stop(8.2% from peak, still +2.4% from entry)",22.0541,19.8149,21537.9459,113.42592000000022,0.02396705342674995,14,0.11519693192001067,-0.03878279683720326,0.008002483349716316,0.4490793990723201,0.023965075872982577,
2006-08-03 22:00:00+00:00,REG,optimised_new,daily-rescreened,BUY,6.0,BUY,42.2602,0.3387,56.22,1.89,0.1,5282.525,2006-09-14 19:00:00+00:00,"trailing_stop(3.4% from peak, still +2.4% from entry)",43.2795,38.8793,42260.1608,116.72003750000076,0.02411962082526825,41,0.060451677938107344,-0.044528894799362014,0.010047190073244394,0.09566745512364916,0.02412460460121646,
2006-08-03 23:00:00+00:00,HST,optimised_new,daily-rescreened,BUY,6.0,BUY,15.5749,0.1371,57.68,1.5,0.1,4750.3445,2006-08-13 18:00:00+00:00,"rr_stop_loss(9.4% loss, risk=8%)",14.1079,14.3289,15574.9129,-456.48825399999964,-0.0941900108507919,9,0.0068058221882644435,-0.0941900108507919,-0.001253320787717227,0.13687035120381874,-0.09418758068049782,
2006-08-08 20:00:00+00:00,MTD,optimised_new,daily-rescreened,BUY,6.0,BUY,61.4734,0.088,56.68,1.58,0.1,6331.7602,2006-08-14 18:00:00+00:00,"rr_stop_loss(8.1% loss, risk=8%)",56.4978,56.5555,61473.3919,-524.6378336,-0.08093907283475454,5,0.0021651641197656044,-0.08093907283475454,0.01589995108088016,0.19154013972016948,-0.08093696184499288,
2006-08-08 22:00:00+00:00,ES,optimised_new,daily-rescreened,BUY,6.0,BUY,15.7387,0.4846,54.08,5.05,0.1,5713.1481,2006-11-26 23:00:00+00:00,"trailing_stop(3.1% from peak, still +18.1% from entry)",18.5885,14.4796,15738.706,1022.0166264000005,0.18106959278720608,110,0.21929384256641282,-0.029780096196000947,0.03891224730102172,0.3168759420022049,0.1810624401963412,
2006-08-09 18:00:00+00:00,CF,optimised_new,daily-rescreened,BUY,6.0,BUY,2.4231,0.1778,60.32,1.58,0.1,5153.9337,2006-08-10 19:00:00+00:00,"rr_stop_loss(8.8% loss, risk=8%)",2.2108,2.2293,2423.1337,-461.4184053000004,-0.08761503858693408,1,0.013330031777475226,-0.08761503858693408,0.008676889168400148,-0.027798566422565507,-0.08761981774383232,
2006-08-09 18:00:00+00:00,IT,optimised_new,daily-rescreened,BUY,6.0,BUY,15.1625,0.1474,54.83,1.36,0.1,4624.5625,2006-08-22 20:00:00+00:00,"trailing_stop(4.6% from peak, still +0.7% from entry)",15.2692,13.9495,15162.4766,23.26183150000102,0.007037098103874692,13,0.0559604286892003,-0.03628689200329763,0.025213246104536235,0.4752786509286775,0.007038071978511917,
2006-08-13 22:00:00+00:00,CRL,optimised_new,daily-rescreened,BUY,6.0,BUY,39.0374,0.3659,59.23,1.36,0.1,5543.310799999999,2006-08-30 20:00:00+00:00,"trailing_stop(10.7% from peak, still +0.9% from entry)",39.4049,35.9144,39037.4109,41.04619339999928,0.009414049091384153,16,0.13035960386706089,-0.035476235609953395,-0.0010855373911836663,-0.21181224367967255,0.009411017776494557,
2006-08-15 00:00:00+00:00,TTWO,optimised_new,daily-rescreened,BUY,6.0,BUY,11.56,0.0049,65.84,3.03,0.1,6126.8,2006-08-27 19:00:00+00:00,"trailing_stop(10.4% from peak, still +1.4% from entry)",11.7247,10.6352,11560.0,74.95010900000034,0.014247404844290644,12,0.1321626297577854,-0.00041522491349491763,0.007730582930349339,-0.533024299639071,0.014247394812846093,
2006-08-15 21:00:00+00:00,NDAQ,optimised_new,daily-rescreened,BUY,6.0,BUY,8.0378,0.023,61.91,1.27,0.1,5513.9308,2006-08-24 19:00:00+00:00,"rr_stop_loss(9.1% loss, risk=8%)",7.3073,7.3948,8037.7939,-511.6497386000003,-0.09088307745900631,8,0.036266142476797034,-0.09088307745900631,0.12622341620179034,0.38279351134993944,-0.0908861584442131,
2006-08-16 00:00:00+00:00,PWR,optimised_new,daily-rescreened,BUY,6.0,BUY,17.0317,0.097,57.61,2.17,0.1,4956.224700000001,2006-08-24 19:00:00+00:00,"rr_stop_loss(9.0% loss, risk=8%)",15.5022,15.6692,17031.7,-454.55186490000017,-0.08980313180715961,8,0.0339367180023133,-0.08980313180715961,0.06232081053508587,0.795814368575037,-0.08980456728149555,
2006-08-16 21:00:00+00:00,MTD,optimised_new,daily-rescreened,BUY,6.0,BUY,62.8711,0.2194,63.5,2.54,0.1,4463.8481,2006-09-05 23:00:00+00:00,signal,60.1931,57.8414,62871.0695,-198.87555820000017,-0.042595087409000275,20,0.0,-0.05378146716058724,0.013979403446547467,0.26947457027339183,-0.04259587291524314,
2006-08-16 22:00:00+00:00,IDXX,optimised_new,daily-rescreened,BUY,6.0,BUY,23.1064,0.2226,58.84,1.68,0.1,4020.5136,2006-09-15 00:00:00+00:00,"trailing_stop(3.1% from peak, still +0.5% from entry)",23.225,21.2579,23106.4422,12.574736400000305,0.005132777066094272,29,0.03724509226880855,-0.06018246027074746,0.02027464357656461,0.5260173102032908,0.005132142610229318,
2006-08-17 00:00:00+00:00,RMD,optimised_new,daily-rescreened,BUY,6.0,BUY,19.8688,0.0361,54.39,1.54,0.1,3616.1216,2006-08-20 21:00:00+00:00,"rr_stop_loss(8.4% loss, risk=8%)",18.196,18.2793,19868.8,-311.37739359999927,-0.08419230149782567,3,0.015134280882589743,-0.08419230149782567,0.03354586563931505,0.2341579031493568,-0.08419335151266694,
2006-08-20 18:00:00+00:00,HST,optimised_new,daily-rescreened,BUY,6.0,BUY,15.4155,0.0084,58.43,1.36,0.1,3591.8115,2006-09-20 22:00:00+00:00,"trailing_stop(4.4% from peak, still +0.8% from entry)",15.5332,14.1823,15415.54,20.213052900000044,0.007635172391424283,31,0.05349161558171983,-0.04615484415036808,0.003519803533779786,0.2517282088741115,0.0076394552891876355,
2006-08-23 21:00:00+00:00,IT,optimised_new,daily-rescreened,BUY,6.0,BUY,15.8303,0.069,58.86,1.49,0.1,3688.4599,2006-09-06 19:00:00+00:00,signal,15.1228,14.5639,15830.2928,-172.05957229999967,-0.044692772720668565,13,0.017706550096966086,-0.053435500274789396,0.02310318505639919,0.46113813129536974,-0.044691828989468885,
2006-08-27 18:00:00+00:00,CF,optimised_new,daily-rescreened,BUY,6.0,BUY,2.4021,0.2403,55.77,1.24,0.1,4902.6861,2006-09-21 23:00:00+00:00,"trailing_stop(3.5% from peak, still +3.9% from entry)",2.4964,2.21,2402.1355,182.46846149999985,0.03925731651471631,25,0.07751550726447688,-0.02622705133008606,0.015714926253371342,0.09779760402324977,0.039251844831453386,
2006-08-27 21:00:00+00:00,DVA,optimised_new,daily-rescreened,BUY,6.0,BUY,28.8978,0.3779,51.03,1.89,0.1,4392.4656,2006-08-31 23:00:00+00:00,"trailing_stop(5.7% from peak, still +1.3% from entry)",29.2623,26.586,28897.8317,46.56366479999989,0.012613416938313629,4,0.07387413574735788,-0.015001141955442929,-0.0004906690728027074,0.2547574746420722,0.0126129284428107,
2006-08-27 22:00:00+00:00,PWR,optimised_new,daily-rescreened,BUY,6.0,BUY,17.9218,0.1577,62.47,1.32,0.1,3960.7178000000004,2006-08-28 19:00:00+00:00,"rr_stop_loss(8.1% loss, risk=8%)",16.4758,16.488,17921.7846,-327.16786960000024,-0.08068385988014605,0,0.0,-0.08068385988014605,0.057043834195117604,0.908603900115845,-0.08068113139957345,
2006-08-28 00:00:00+00:00,FRT,optimised_new,daily-rescreened,BUY,6.0,BUY,50.2209,0.089,56.12,3.53,0.1,3917.2302,2006-09-17 21:00:00+00:00,"trailing_stop(3.0% from peak, still +1.8% from entry)",51.1167,46.2032,50220.9,61.96806720000013,0.017837195271291458,20,0.04939576949039143,-0.013442610546605107,-0.003944885631459005,0.2310800934127628,0.017834328085079898,
2006-08-29 18:00:00+00:00,ALGN,optimised_new,daily-rescreened,BUY,6.0,BUY,6.2844,0.0104,62.02,2.38,0.1,3550.6859999999997,2006-09-20 20:00:00+00:00,"trailing_stop(10.1% from peak, still +0.3% from entry)",6.3028,5.7817,6284.4415,3.2842320000000162,0.0029278849213927563,22,0.11587422824772456,-0.062106167653236566,0.03907588124043149,-0.17894072399297967,0.0029197274507579696,
2006-08-29 20:00:00+00:00,PWR,optimised_new,daily-rescreened,BUY,6.0,BUY,17.9702,0.2454,60.72,1.57,0.1,3180.7254,2006-09-10 19:00:00+00:00,"rr_stop_loss(8.7% loss, risk=8%)",16.4033,16.5326,17970.1829,-283.42540949999966,-0.08719435509899706,11,0.016727693626114506,-0.08719435509899706,0.05248156795522929,0.9001981623169151,-0.0871952475998784,
2006-08-29 21:00:00+00:00,MOS,optimised_new,daily-rescreened,BUY,6.0,BUY,13.1766,0.0881,53.55,1.55,0.1,2872.4988000000003,2006-09-10 23:00:00+00:00,signal,12.6277,12.1224,13176.5629,-125.28553739999971,-0.04165718015269491,12,0.02599304828256146,-0.04178619674271064,0.005146507883576179,-0.04481086814402169,-0.04165598082019217,
2006-08-29 21:00:00+00:00,TAP,optimised_new,daily-rescreened,BUY,6.0,BUY,25.1132,0.4983,54.75,1.95,0.1,2586.6596,2006-10-04 20:00:00+00:00,"rr_stop_loss(8.7% loss, risk=8%)",22.9371,23.1041,25113.161,-229.29889045000016,-0.08665164136788614,35,0.012304286192122114,-0.08665164136788614,0.009435194908269162,0.0383438838884862,-0.08664541565042516,
2006-08-30 20:00:00+00:00,NDAQ,optimised_new,daily-rescreened,BUY,6.0,BUY,7.7612,0.2731,56.69,4.0,0.1,2887.1664,2006-09-20 20:00:00+00:00,"trailing_stop(5.0% from peak, still +7.3% from entry)",8.3262,7.1403,7761.1509,204.19548719999995,0.07279802092459935,21,0.1289491315775912,-0.049451115806833985,0.140686669270905,0.5755911965921297,0.07279456019034947,
2006-08-30 20:00:00+00:00,NFLX,optimised_new,daily-rescreened,BUY,6.0,BUY,0.2932,0.1072,65.48,1.77,0.1,2600.3908,2006-09-17 19:00:00+00:00,"trailing_stop(7.5% from peak, still +4.9% from entry)",0.3077,0.2698,293.238,123.22831330000005,0.04945429740791254,17,0.1350613915416097,-0.03342428376534799,0.08276224167524249,0.28575243632677694,0.049458835218988195,
2006-09-04 18:00:00+00:00,ROP,optimised_new,daily-rescreened,BUY,6.0,BUY,43.6123,0.0862,54.92,1.92,0.1,2747.5749,2006-09-15 00:00:00+00:00,signal,40.1237,40.1233,43612.2686,-225.13627145000007,-0.07999119514448902,10,0.0,-0.07999119514448902,0.0027060160593710414,0.19512298829451913,-0.07998981698871654,
2006-09-07 18:00:00+00:00,IT,optimised_new,daily-rescreened,BUY,6.0,BUY,16.02,0.0467,61.12,2.84,0.1,3284.1,2006-09-21 00:00:00+00:00,"trailing_stop(4.5% from peak, still +6.5% from entry)",17.06,14.7384,16020.0216,206.41859999999983,0.06491885143570532,13,0.11475655430711611,-0.03940699126092382,0.03428849777181364,0.6483101976529244,0.06491762869302797,
2006-09-12 19:00:00+00:00,TTWO,optimised_new,daily-rescreened,BUY,6.0,BUY,12.9634,0.0149,54.17,1.84,0.1,3526.0448,2006-09-21 21:00:00+00:00,"trailing_stop(8.8% from peak, still +9.0% from entry)",14.1263,11.9264,12963.4361,308.9404016000002,0.08970640418408754,9,0.19430859188175945,-0.010020519308206122,0.017623953309780616,-0.43737286267845554,0.08970257830671824,
2006-09-12 20:00:00+00:00,BLK,optimised_new,daily-rescreened,BUY,6.0,BUY,93.6547,0.0282,55.63,1.35,0.1,3090.6051,2006-09-20 19:00:00+00:00,"trailing_stop(7.8% from peak, still +2.2% from entry)",95.7463,86.1624,93654.7336,62.772566999999704,0.022333102342968366,7,0.10852632062245676,0.0,0.02695389595147346,0.7232328080515549,0.022332847078902596,
2006-09-13 22:00:00+00:00,MOS,optimised_new,daily-rescreened,BUY,6.0,BUY,13.045,0.0758,55.82,2.05,0.1,2856.855,2006-09-28 21:00:00+00:00,"trailing_stop(6.6% from peak, still +0.6% from entry)",13.125,12.0014,13045.0173,11.78877000000011,0.0061326178612495265,14,0.07708700651590643,-0.03582215408202375,0.01188952117440345,-0.007190473881380055,0.006131074363336042,
2006-09-14 19:00:00+00:00,PWR,optimised_new,daily-rescreened,BUY,6.0,BUY,17.434,0.003,57.02,1.76,0.1,3120.686,2006-10-02 23:00:00+00:00,signal,16.1702,16.0393,17433.9755,-232.23535180000025,-0.07249053573477113,18,0.015865550074566845,-0.07638522427440642,0.047868583773239104,0.8732025965820986,-0.07248691431616772,
2006-09-17 23:00:00+00:00,BG,optimised_new,daily-rescreened,BUY,6.0,BUY,43.1507,0.0089,56.63,3.88,0.1,4099.3165,2006-09-27 21:00:00+00:00,"trailing_stop(3.6% from peak, still +0.8% from entry)",43.4891,39.6986,43150.6508,23.917218999999918,0.007842282975710707,9,0.045368904791811084,-0.02942478337547248,0.0026132882571081595,-0.12242048306777298,0.00784469645636876,
2006-09-17 23:00:00+00:00,FRT,optimised_new,daily-rescreened,BUY,6.0,BUY,51.6636,0.7689,50.53,1.02,0.1,3719.7792,2006-10-19 22:00:00+00:00,"trailing_stop(3.6% from peak, still +1.3% from entry)",52.3206,47.5306,51663.6488,39.8171376000002,0.012716883840847258,31,0.05086753536338931,-0.035475654038820345,-7.256622479834274e-05,0.26006530069799694,0.012708021040285455,
2006-09-18 00:00:00+00:00,NFLX,optimised_new,daily-rescreened,BUY,6.0,BUY,0.319,0.1826,54.7,1.66,0.1,3356.199,2006-10-08 18:00:00+00:00,"trailing_stop(6.6% from peak, still +7.2% from entry)",0.3419,0.2935,319.0,233.97757109999958,0.0717868338557993,20,0.1470219435736677,-0.056112852664576884,0.0964705562625916,0.4284716430104425,0.07178870494288714,
2006-09-21 18:00:00+00:00,HST,optimised_new,daily-rescreened,BUY,6.0,BUY,16.0128,0.0017,55.21,1.23,0.1,5604.48,2006-10-10 19:00:00+00:00,"trailing_stop(3.9% from peak, still +0.9% from entry)",16.1616,14.7318,16012.8049,40.81895999999957,0.009292565947242292,19,0.05018485211830555,-0.02162020383693032,0.006889940725880894,0.3023623906214761,0.009290442758137285,
2006-09-21 18:00:00+00:00,NDAQ,optimised_new,daily-rescreened,BUY,6.0,BUY,8.7774,0.0339,61.04,2.1,0.1,5038.2276,2006-09-28 21:00:00+00:00,"rr_stop_loss(8.3% loss, risk=8%)",8.0513,8.0752,8777.4403,-426.4410738000006,-0.08272381342994516,7,0.002426686718162565,-0.08272381342994516,0.13728960339366436,0.5235869229881305,-0.08272336449573181,
2006-09-21 22:00:00+00:00,IT,optimised_new,daily-rescreened,BUY,6.0,BUY,17.4881,0.0453,64.93,1.77,0.1,4529.4178999999995,2006-10-11 18:00:00+00:00,"trailing_stop(5.4% from peak, still +4.8% from entry)",18.3337,16.089,17488.0711,209.73255379999978,0.04835287995837175,19,0.10827362606572467,-0.04953654199141125,0.04525478683427964,0.7713660069621864,0.04835025614660493,
2006-09-22 00:00:00+00:00,ALGN,optimised_new,daily-rescreened,BUY,6.0,BUY,6.71,0.0465,52.58,4.42,0.1,4086.39,2006-09-28 18:00:00+00:00,"trailing_stop(8.6% from peak, still +57.5% from entry)",10.5659,6.1732,6710.0,2337.7220769000005,0.574649776453055,6,0.722801788375559,-0.044619970193740734,0.10278145176647469,0.37640877250812266,0.5746539629568153,
2006-09-24 18:00:00+00:00,CF,optimised_new,daily-rescreened,BUY,6.0,BUY,2.5736,0.0629,56.18,1.65,0.1,3677.6744,2006-09-28 23:00:00+00:00,"trailing_stop(4.0% from peak, still +1.0% from entry)",2.5982,2.3677,2573.5709,27.762897800000133,0.009558594964252392,4,0.05132887783649376,-0.026460988498601117,0.01928038828251233,0.14256381457513778,0.00958135223525125,
2006-09-26 21:00:00+00:00,BLK,optimised_new,daily-rescreened,BUY,6.0,BUY,101.4733,0.1354,50.78,1.57,0.1,3247.1456,2006-10-12 21:00:00+00:00,"trailing_stop(4.4% from peak, still +2.1% from entry)",103.5619,93.3554,101473.2987,60.2740735999999,0.02058275428117544,16,0.0679134314149634,-0.04619934504938726,0.03393853488936882,0.8638939635900817,0.020580867605695996,
2006-09-27 22:00:00+00:00,ROP,optimised_new,daily-rescreened,BUY,6.0,BUY,42.3424,0.2683,59.39,1.49,0.1,3387.392,2006-10-29 18:00:00+00:00,"trailing_stop(5.5% from peak, still +5.9% from entry)",44.844,38.955,42342.3574,193.1530880000001,0.059080259975816285,31,0.12095204806529629,-0.06571899561668679,0.014871948298524451,0.33571499915151337,0.05908183014923707,
2006-09-28 00:00:00+00:00,RMD,optimised_new,daily-rescreened,BUY,6.0,BUY,17.1047,0.0524,55.19,2.02,0.1,4823.5254,2006-10-30 23:00:00+00:00,"trailing_stop(3.7% from peak, still +9.0% from entry)",18.6364,15.7363,17104.7,421.86040979999973,0.08954848667325338,32,0.13139078732745962,-0.026828883289388285,0.048312037839958855,0.26402367436265184,0.08954739659783129,
2006-09-28 23:00:00+00:00,NDSN,optimised_new,daily-rescreened,BUY,6.0,BUY,18.0627,0.0345,54.96,1.22,0.1,4335.048,2006-10-16 20:00:00+00:00,"trailing_stop(5.6% from peak, still +10.0% from entry)",19.8694,16.6177,18062.669,424.504296,0.10002380596477821,17,0.16556218062637373,-0.0278917326866968,0.04533951552185611,0.2950405578562949,0.10002943752244087,
2006-10-01 19:00:00+00:00,MOS,optimised_new,daily-rescreened,BUY,6.0,BUY,13.7163,0.0791,53.57,1.59,0.1,3895.4292,2006-10-19 19:00:00+00:00,signal,13.1827,12.619,13716.2755,-159.18171599999974,-0.03890261951109263,18,0.06488630315755697,-0.04314574630184532,0.012322419968634257,-0.002827241437362793,-0.0389017993912526,
2006-10-01 23:00:00+00:00,BG,optimised_new,daily-rescreened,BUY,6.0,BUY,43.3468,0.018,53.13,1.33,0.1,3511.0908,2006-10-17 00:00:00+00:00,"trailing_stop(3.8% from peak, still +4.4% from entry)",45.2609,39.879,43346.7676,147.8648762999998,0.044157815571160906,15,0.08550804211614232,-0.03442930043278866,0.010638774523133332,-0.08667008517266372,0.04415819761574924,
2006-10-02 00:00:00+00:00,CF,optimised_new,daily-rescreened,BUY,6.0,BUY,2.6556,0.0819,58.97,3.69,0.1,3454.9356000000002,2006-10-16 21:00:00+00:00,"trailing_stop(7.9% from peak, still +0.7% from entry)",2.675,2.4431,2655.57,18.304289399999334,0.00730531706582303,14,0.09372646482904047,-0.013255008284380223,0.02657884381271436,0.17630427681366645,0.0073001093305729015,
2006-10-04 00:00:00+00:00,NDAQ,optimised_new,daily-rescreened,BUY,6.0,BUY,8.5436,0.0808,60.4,2.55,0.1,3340.5476,2006-10-12 00:00:00+00:00,"trailing_stop(6.5% from peak, still +12.8% from entry)",9.6408,7.8601,8543.62,421.8950996000006,0.1284236153377968,8,0.20704386909499514,-0.0024345709068776026,0.15729018460283606,0.8243744025766289,0.12842452927234338,
2006-10-05 22:00:00+00:00,PWR,optimised_new,daily-rescreened,BUY,6.0,BUY,17.0394,0.1159,58.84,2.02,0.1,2998.9344,2006-10-16 23:00:00+00:00,"trailing_stop(8.1% from peak, still +7.2% from entry)",18.2685,15.6763,17039.4311,210.10740959999936,0.07213282157822452,11,0.16602110402948464,-0.03764217049896128,0.06249109462611635,1.1162667951662684,0.07212770799728419,
2006-10-11 18:00:00+00:00,NFLX,optimised_new,daily-rescreened,BUY,6.0,BUY,0.3434,0.1735,52.69,1.51,0.1,4114.6188,2006-10-18 21:00:00+00:00,"rr_stop_loss(8.4% loss, risk=8%)",0.3147,0.3159,343.353,-351.7687542000001,-0.08357600465928947,7,0.0,-0.08357600465928947,0.09175820084961339,0.31466621759022684,-0.08356389342488846,
2006-10-12 22:00:00+00:00,RCL,optimised_new,daily-rescreened,BUY,6.0,BUY,34.4911,0.0011,64.56,2.07,0.1,4380.3697,2006-11-09 18:00:00+00:00,"trailing_stop(3.3% from peak, still +0.1% from entry)",34.5311,31.7318,34491.1223,-3.6858194000002813,0.001159719463861667,27,0.035014829912644,-0.02999614393278279,0.0031994725884192388,-0.15350586963436197,0.001159388844701681,
2006-10-12 23:00:00+00:00,IT,optimised_new,daily-rescreened,BUY,6.0,BUY,18.8254,0.1078,54.96,1.33,0.1,3972.1593999999996,2006-11-16 18:00:00+00:00,"trailing_stop(3.0% from peak, still +6.0% from entry)",19.9468,17.3194,18825.4133,228.43446580000023,0.05956845538474621,34,0.09283202481753387,-0.03267394052716002,0.05587940937775904,0.9272246172237455,0.05956902090229943,
2006-10-16 23:00:00+00:00,NDAQ,optimised_new,daily-rescreened,BUY,6.0,BUY,9.817,0.2995,54.82,1.95,0.096,4525.637,2006-11-08 23:00:00+00:00,"trailing_stop(4.8% from peak, still +1.9% from entry)",9.9997,9.0317,9817.0452,75.08920129999997,0.01861057349495778,23,0.06953244372007732,-0.05345828664561483,0.16636098251882392,0.8922730973492106,0.018600413953760775,
2006-10-17 23:00:00+00:00,CF,optimised_new,daily-rescreened,BUY,6.0,BUY,2.8354,0.0165,53.18,2.03,0.1,4635.879,2006-11-01 23:00:00+00:00,"trailing_stop(7.0% from peak, still +6.4% from entry)",3.0163,2.6086,2835.4388,286.20397050000105,0.0638005219722086,15,0.14414192001128592,-0.05738167454327434,0.037265777896215546,0.3264246657056844,0.06379844317008598,
2006-10-18 22:00:00+00:00,NDSN,optimised_new,daily-rescreened,BUY,6.0,BUY,20.5854,0.0683,56.87,1.37,0.1,4528.788,2006-11-01 22:00:00+00:00,signal,19.2763,18.9386,20585.4253,-296.7715740000007,-0.06359361489210803,14,0.016254238440836795,-0.06359361489210803,0.04195249539702717,0.25637949636644697,-0.06359861263453004,
2006-10-22 19:00:00+00:00,FRT,optimised_new,daily-rescreened,BUY,8.0,BUY,53.8304,0.6812,58.74,2.14,0.1,4844.736,2006-11-26 23:00:00+00:00,"trailing_stop(4.2% from peak, still +4.4% from entry)",56.1841,49.524,53830.4321,201.9316949999993,0.04372436392818934,35,0.089391867792177,-0.027748261205564086,0.009111866521971379,0.35310238829648943,0.04371806656802324,
2006-10-23 00:00:00+00:00,NFLX,optimised_new,daily-rescreened,BUY,6.0,BUY,0.3297,0.088,60.0,3.34,0.1,4363.9092,2006-10-30 19:00:00+00:00,"trailing_stop(4.9% from peak, still +19.2% from entry)",0.3929,0.3033,329.71,826.9508664000008,0.19168941461935105,7,0.2526539278131634,-0.01637852593266611,0.11356024335202353,0.6416958717535504,0.191757825119671,
2006-10-24 23:00:00+00:00,MOS,optimised_new,daily-rescreened,BUY,6.0,BUY,14.3008,0.1362,56.67,5.41,0.1,3918.4192000000003,2006-11-08 20:00:00+00:00,"trailing_stop(3.6% from peak, still +12.5% from entry)",16.0897,13.1568,14300.8245,481.83160299999986,0.12509090400537032,14,0.16734028865518003,-0.03227092190646683,0.02946081131729672,0.21707301945368962,0.12509089252739347,
2006-10-25 19:00:00+00:00,BG,optimised_new,daily-rescreened,BUY,6.0,BUY,45.7298,0.0639,63.83,4.95,0.1,3521.1946,2006-11-02 18:00:00+00:00,"trailing_stop(6.4% from peak, still +2.5% from entry)",46.8851,42.0714,45729.7713,81.82675269999976,0.02526361366111385,7,0.09548478235198934,-0.0047561983651796865,0.0194733277352368,-0.053893498331320955,0.025265366916969567,
2006-11-05 21:00:00+00:00,CF,optimised_new,daily-rescreened,BUY,6.0,BUY,3.1688,0.0894,56.78,1.57,0.1,5868.6176000000005,2006-11-21 20:00:00+00:00,"trailing_stop(5.9% from peak, still +5.0% from entry)",3.3277,2.9153,3168.7796,282.2512820000003,0.050145165362282265,15,0.1160691744508962,-0.06450391315324418,0.04779292903057564,0.46334388393018267,0.0501509402595699,
2006-11-05 23:00:00+00:00,RMD,optimised_new,daily-rescreened,BUY,6.0,BUY,19.3085,0.0381,61.82,2.06,0.1,5271.220499999999,2006-11-15 20:00:00+00:00,"trailing_stop(3.6% from peak, still +8.8% from entry)",20.9984,17.7638,19308.4937,450.33891629999994,0.08752103995649593,9,0.12786078670015805,-0.04787010901934375,0.062160761810198695,0.4242272964324758,0.08752029037138942,
2006-11-06 18:00:00+00:00,ROP,optimised_new,daily-rescreened,BUY,6.0,BUY,44.7674,0.3514,58.17,2.34,0.1,4745.3444,2006-11-19 18:00:00+00:00,"trailing_stop(7.2% from peak, still +1.8% from entry)",45.5741,41.186,44767.3533,75.93400099999988,0.01801980905748378,13,0.09746154567832832,-0.03169047119108997,0.02305824519426869,0.3574651790605199,0.018023018009999614,
2006-11-06 23:00:00+00:00,MTD,optimised_new,daily-rescreened,BUY,6.0,BUY,74.8295,0.0294,57.53,2.4,0.1,4265.2815,2006-11-16 00:00:00+00:00,"trailing_stop(7.2% from peak, still +5.1% from entry)",78.62,68.8432,74829.548,207.3118784999998,0.050655156054764616,9,0.13172345131265087,-0.021260331821006298,0.01973219617099109,0.6581040115673966,0.050655084958054486,
2006-11-08 19:00:00+00:00,TAP,optimised_new,daily-rescreened,BUY,6.0,BUY,25.7942,0.4002,55.34,1.39,0.1,4746.1328,2006-12-17 22:00:00+00:00,"trailing_stop(3.4% from peak, still +0.8% from entry)",26.0095,23.7307,25794.2242,30.083319199999945,0.008346837661179612,39,0.04397112529173224,-0.04427739569360551,0.012462318635321212,0.17741110607929178,0.008338735075860804,
2006-11-09 00:00:00+00:00,MOS,optimised_new,daily-rescreened,BUY,6.0,BUY,16.5643,0.0313,59.71,3.93,0.1,4704.2612,2006-11-27 00:00:00+00:00,"trailing_stop(4.9% from peak, still +1.4% from entry)",16.7925,15.2392,16564.3,55.33546880000042,0.013776615975320483,18,0.06628109850703014,-0.03488224675959744,0.035821908659171786,0.27023874648789237,0.01378141720469972,
2006-11-09 18:00:00+00:00,NDAQ,optimised_new,daily-rescreened,BUY,6.0,BUY,10.2568,0.0633,58.02,3.3,0.1023,4338.6264,2006-11-27 19:00:00+00:00,"trailing_stop(8.0% from peak, still +2.6% from entry)",10.5213,9.4362,10256.7925,103.0943637000001,0.025787770064737536,18,0.11528936900397777,-0.03814055065907491,0.17678645535146797,0.9909726543876194,0.02578979945787152,
2006-11-09 21:00:00+00:00,NDSN,optimised_new,daily-rescreened,BUY,6.0,BUY,19.9862,0.205,52.78,1.23,0.1,3797.378,2006-11-16 22:00:00+00:00,"trailing_stop(4.9% from peak, still +4.2% from entry)",20.8194,18.3873,19986.2129,150.5549360000002,0.04168876524802121,7,0.09554092323703361,0.0,0.05085066497435209,0.3569549097653162,0.04168901096026412,
2006-11-12 23:00:00+00:00,RCL,optimised_new,daily-rescreened,BUY,6.0,BUY,35.3748,0.1594,56.4,2.92,0.1,3431.3556,2006-11-20 18:00:00+00:00,"trailing_stop(3.6% from peak, still +2.4% from entry)",36.225,32.5448,35374.7645,75.52421939999995,0.024034058143084933,7,0.06218551058945906,0.0,0.008335666509866169,-0.11198145851588759,0.02403617729314944,
2006-11-14 21:00:00+00:00,HST,optimised_new,daily-rescreened,BUY,6.0,BUY,16.6752,0.0322,60.0,2.11,0.1,3084.9120000000003,2006-12-03 20:00:00+00:00,"trailing_stop(5.4% from peak, still +2.8% from entry)",17.1348,15.3412,16675.2485,78.77114999999984,0.027561888313183545,18,0.08620586259834964,-0.0141887353674918,0.010877246687560627,0.38079048383411496,0.027560272180492174,
2006-11-16 20:00:00+00:00,PWR,optimised_new,daily-rescreened,BUY,6.0,BUY,18.1564,0.2411,53.63,1.28,0.1,4611.725600000001,2006-12-13 00:00:00+00:00,"trailing_stop(5.4% from peak, still +1.0% from entry)",18.3303,16.7039,18156.401,34.90297819999955,0.009577889890066296,26,0.0674693221123129,-0.06115199048269493,0.07010294678082163,1.1234227796819072,0.009576998143747018,
2006-11-16 21:00:00+00:00,RMD,optimised_new,daily-rescreened,BUY,6.0,BUY,21.2715,0.0289,60.5,3.4,0.1,4147.9425,2006-12-17 19:00:00+00:00,"trailing_stop(3.9% from peak, still +0.3% from entry)",21.3299,19.5698,21271.536,3.0807269999993414,0.002745457537080079,30,0.04339609336436084,-0.03923089579954392,0.06626667925555041,0.4467134781729032,0.0027426122736382563,
2006-11-17 00:00:00+00:00,NDSN,optimised_new,daily-rescreened,BUY,6.0,BUY,21.6186,0.1385,57.6,5.68,0.1,3740.0178,2006-12-10 21:00:00+00:00,"trailing_stop(4.5% from peak, still +0.2% from entry)",21.6526,19.8891,21618.6,-1.6039176000001265,0.0015727197875902658,23,0.04861554402227704,-0.06763620215925172,0.055046642832241366,0.4112629809339192,0.0015746807879613023,
2006-11-29 18:00:00+00:00,CF,optimised_new,daily-rescreened,BUY,6.0,BUY,3.4653,0.1995,53.85,2.69,0.1,6923.6694,2006-12-18 20:00:00+00:00,"trailing_stop(6.5% from peak, still +0.1% from entry)",3.4694,3.188,3465.2582,-5.663730600001037,0.0011831587452745132,19,0.07081637953423947,-0.02695293336796235,0.05175944588482917,0.525649767515995,0.0011865026626904918,
2006-12-19 18:00:00+00:00,CF,optimised_new,daily-rescreened,BUY,6.0,BUY,3.653,0.1099,56.07,1.72,0.1,8990.033,2006-12-27 22:00:00+00:00,"trailing_stop(3.3% from peak, still +8.2% from entry)",3.9522,3.3608,3653.0434,717.6148027999989,0.08190528332877085,8,0.11869696140158767,0.0,0.06337322596341854,0.7379631775340596,0.08188480129328202,
2007-01-02 23:00:00+00:00,CF,optimised_new,daily-rescreened,BUY,6.0,BUY,3.9372,0.1087,55.49,2.74,0.1,9075.246,2007-01-16 18:00:00+00:00,"trailing_stop(4.7% from peak, still +11.2% from entry)",4.3791,3.6223,3937.2491,999.4104284999997,0.11223712282840609,13,0.16732703444071936,0.0,0.07893502271535868,0.9257128605472997,0.11222888964085609,
2007-01-16 22:00:00+00:00,CF,optimised_new,daily-rescreened,BUY,6.0,BUY,4.487,0.1842,58.71,2.88,0.1,9189.376,2007-02-06 22:00:00+00:00,"trailing_stop(6.7% from peak, still +4.8% from entry)",4.7013,4.128,4486.9957,420.06876159999985,0.04776019612213053,21,0.12299977713394246,-0.060374414976599095,0.09098523052095531,1.0673996015874194,0.047764763633582064,
2007-02-08 22:00:00+00:00,CF,optimised_new,daily-rescreened,BUY,6.0,BUY,4.9609,0.3347,54.01,2.14,0.1,9257.0394,2007-02-27 19:00:00+00:00,"trailing_stop(10.6% from peak, still +10.0% from entry)",5.4549,4.564,4960.8649,902.3681172000009,0.09957870547682894,18,0.22989780080227384,-0.054123243766252,0.11127890728665135,1.398793723260002,0.09959422199340562,
2010-11-05 00:00:00+00:00,GNRC,optimised_new,daily-rescreened,BUY,6.0,BUY,9.2514,0.0159,60.36,3.78,0.1,11101.68,2010-11-17 22:00:00+00:00,"trailing_stop(7.5% from peak, still +0.5% from entry)",9.2985,8.5113,9251.4,34.2601200000024,0.005091121343796654,12,0.08662472706833552,-0.03723760728106017,0.00904399692341129,-0.04884207850034461,0.005096822026373626,
2010-11-18 22:00:00+00:00,GNRC,optimised_new,daily-rescreened,BUY,6.0,BUY,9.6969,0.3096,54.62,2.63,0.1,11122.344299999999,2010-11-29 18:00:00+00:00,"trailing_stop(9.4% from peak, still +2.8% from entry)",9.9701,8.9212,9696.932,290.802351000002,0.028173952500283702,10,0.1349503449556044,-0.02167703080365876,0.021617871692293456,0.019854389004790418,0.028170191276738255,
2010-12-14 00:00:00+00:00,GNRC,optimised_new,daily-rescreened,BUY,6.0,BUY,10.424,0.0501,52.52,1.75,0.1,11195.376,2010-12-26 19:00:00+00:00,signal,9.9863,9.5901,10424.0,-492.01046220000023,-0.04198963929393702,12,0.05636032233307755,-0.04198963929393702,0.03605779347020932,0.02151812593960445,-0.04198759743031766,
2011-01-04 19:00:00+00:00,GNRC,optimised_new,daily-rescreened,BUY,6.0,BUY,10.7223,0.1919,55.81,1.6,0.1,11172.6366,2011-01-18 20:00:00+00:00,"trailing_stop(4.1% from peak, still +0.3% from entry)",10.7499,9.8646,10722.3393,6.385167599997917,0.0025740745922049955,14,0.0458670247987838,-0.015416468481575801,0.038595012096334314,0.09962277937094632,0.002569083495007618,
2011-01-26 20:00:00+00:00,GNRC,optimised_new,daily-rescreened,BUY,6.0,BUY,11.1578,0.1362,65.3,1.97,0.1,11202.431199999999,2011-01-30 18:00:00+00:00,"rr_stop_loss(9.4% loss, risk=8%)",10.1109,10.2652,11157.8014,-1072.4413747999995,-0.09382674003835874,3,0.0,-0.09382674003835874,0.0332329462245593,0.03425431388679345,-0.09383012775779254,
2011-04-06 21:00:00+00:00,GNRC,optimised_new,daily-rescreened,BUY,6.0,BUY,13.2968,0.0792,53.22,1.28,0.1,11195.9056,2011-04-26 23:00:00+00:00,signal,13.0259,12.2331,13296.8406,-250.26151339999927,-0.020373322904758986,20,0.05173425185006925,-0.06021749593887245,0.03449791748549402,0.3324432604866907,-0.02037641344756813,
2011-04-27 19:00:00+00:00,GNRC,optimised_new,daily-rescreened,BUY,6.0,BUY,13.6019,0.1392,54.15,3.89,0.1,11207.9656,2011-05-04 18:00:00+00:00,"rr_stop_loss(8.6% loss, risk=8%)",12.4364,12.5138,13601.9415,-981.8275591999985,-0.08568655849550429,6,0.019217903381145287,-0.08568655849550429,0.027869437736757208,0.27215038856220075,-0.08568339436149275,
2011-06-12 23:00:00+00:00,GNRC,optimised_new,daily-rescreened,BUY,6.0,BUY,12.1228,0.2718,57.18,2.24,0.1,11177.221599999999,2011-07-04 22:00:00+00:00,"trailing_stop(4.6% from peak, still +2.7% from entry)",12.4513,11.153,12122.8292,280.2196797999995,0.027097700201273636,21,0.07630250437192734,-0.05815488171049593,0.036003391917297733,0.2736658682687414,0.027091303399112254,
2011-07-12 21:00:00+00:00,GNRC,optimised_new,daily-rescreened,BUY,6.0,BUY,12.8148,0.1605,53.61,1.56,0.1,11251.3944,2011-07-25 18:00:00+00:00,"trailing_stop(3.7% from peak, still +4.2% from entry)",13.3553,11.7897,12814.8434,451.58165219999887,0.04217779442519585,12,0.08227206043012764,-0.039368542622592644,0.04222183562823978,0.3661393043241501,0.04217194242347455,
2014-11-05 21:00:00+00:00,NWSA,optimised_new,daily-rescreened,BUY,6.0,BUY,13.9164,0.3761,54.0,2.51,0.1,13164.9144,2014-11-17 23:00:00+00:00,signal,13.3778,12.8031,13916.4101,-535.3359131999985,-0.03870253801270435,12,0.0,-0.05158661722859362,-0.0026588954237182216,-0.15523148731765624,-0.03870673565316418,
2014-11-05 22:00:00+00:00,ANET,optimised_new,daily-rescreened,BUY,6.0,BUY,5.8536,0.1397,58.18,2.46,0.1,11853.54,2014-11-06 20:00:00+00:00,"rr_stop_loss(9.7% loss, risk=8%)",5.287,5.3853,5853.6405,-1169.924715000001,-0.09679513461801288,0,0.0,-0.09679513461801288,0.0005871459478570262,0.0256739318415089,-0.09680162210845367,
2015-01-05 19:00:00+00:00,SYF,optimised_new,daily-rescreened,BUY,6.0,BUY,25.2762,1.0,49.35,3.86,0.1,13093.0716,2015-01-15 20:00:00+00:00,"trailing_stop(4.3% from peak, still +0.8% from entry)",25.4742,23.2541,25276.2291,76.27529280000297,0.007833455978351191,10,0.05259097490920312,-0.03870043756577338,0.007043874254725191,0.004073137590089093,0.007835026898947106,
2015-01-07 23:00:00+00:00,IQV,optimised_new,daily-rescreened,BUY,6.0,BUY,59.1943,0.3028,57.24,1.93,0.1,11779.6657,2015-01-21 18:00:00+00:00,"trailing_stop(3.3% from peak, still +0.2% from entry)",59.2989,54.4588,59194.3321,-2.764746799997843,0.0017670620313105301,13,0.03574499571749313,-0.027793216576595982,0.004478219192302291,0.3484950540040297,0.0017670833133833774,
2015-01-21 23:00:00+00:00,IQV,optimised_new,daily-rescreened,BUY,6.0,BUY,60.9693,0.0742,59.62,1.48,0.1,13108.3995,2015-02-19 18:00:00+00:00,"trailing_stop(5.5% from peak, still +4.5% from entry)",63.7433,56.0918,60969.312,569.5967910000007,0.045498308164928926,28,0.10582539081144131,-0.032039075403522674,0.012942499670121954,0.44956233359843045,0.045496834353763616,
2015-02-08 21:00:00+00:00,NWSA,optimised_new,daily-rescreened,BUY,6.0,BUY,14.9602,0.3762,61.47,3.49,0.1,11848.4784,2015-02-26 21:00:00+00:00,"trailing_stop(3.9% from peak, still +3.5% from entry)",15.4795,13.7634,14960.2179,387.17735760000073,0.034712102779374567,18,0.07639603748612993,-0.020313899546797534,-0.00023351939271654132,-0.022514133652627444,0.03470663597560897,
2015-02-12 20:00:00+00:00,ANET,optimised_new,daily-rescreened,BUY,6.0,BUY,4.0429,0.0336,57.98,1.62,0.1,10677.298900000002,2015-02-25 20:00:00+00:00,signal,3.9185,3.7195,4042.8837,-349.5664574000019,-0.03076999183754248,13,0.10371268149100886,-0.049419970813030296,0.0003715009544698056,-0.23980885611827207,-0.030756244448435055,
2015-02-12 23:00:00+00:00,SYF,optimised_new,daily-rescreened,BUY,6.0,BUY,28.1613,1.0,45.0,1.71,0.1,9603.0033,2015-03-25 18:00:00+00:00,"rr_stop_loss(9.3% loss, risk=8%)",25.5523,25.9084,28161.3429,-907.9853376000021,-0.09264487079786805,40,0.020709271233927337,-0.09264487079786805,0.020678423802546364,0.007158094595795861,-0.09264577219711811,
2015-02-26 00:00:00+00:00,ANET,optimised_new,daily-rescreened,BUY,6.0,BUY,4.298,0.0912,56.96,2.27,0.1,12292.28,2015-03-22 18:00:00+00:00,"trailing_stop(5.6% from peak, still +4.0% from entry)",4.4688,3.9542,4298.0,463.41495200000065,0.039739413680781724,24,0.10141926477431368,-0.05691019078641232,0.013257609878168042,-0.13305139377436193,0.039748342335780285,
2015-03-31 21:00:00+00:00,ANET,optimised_new,daily-rescreened,BUY,6.0,BUY,4.5544,0.0995,59.07,1.4,0.1,13262.4128,2015-04-01 20:00:00+00:00,"rr_stop_loss(9.0% loss, risk=8%)",4.1426,4.1901,4554.4232,-1224.4872640000006,-0.0904180572633059,0,0.0,-0.0904180572633059,0.013154178490942359,-0.19633696374625997,-0.09042320556140004,
2015-05-07 21:00:00+00:00,ANET,optimised_new,daily-rescreened,BUY,6.0,BUY,4.1594,0.0426,60.33,1.53,0.1,13206.095,2015-05-26 22:00:00+00:00,signal,4.0503,3.8266,4159.3546,-372.458297499998,-0.026229744674712643,19,0.0684473722171467,-0.04459777852574885,0.01420817925499196,-0.21424614718662138,-0.02622493151923011,
2015-05-27 20:00:00+00:00,ANET,optimised_new,daily-rescreened,BUY,6.0,BUY,4.31,0.0429,54.14,1.82,0.1,13201.529999999999,2015-06-08 21:00:00+00:00,"trailing_stop(9.1% from peak, still +9.7% from entry)",4.7267,3.9652,4310.0467,1248.6726879000018,0.09668213457076578,12,0.2067517401392113,0.0,0.033889412726212376,-0.08301199648008983,0.09667906790104919,
2015-06-09 23:00:00+00:00,ANET,optimised_new,daily-rescreened,BUY,6.0,BUY,5.1587,0.0777,59.45,2.44,0.1,13345.5569,2015-06-22 19:00:00+00:00,"trailing_stop(5.3% from peak, still +4.9% from entry)",5.4136,4.746,5158.6799,632.0757599000005,0.049411673483629626,12,0.1076627832593484,-0.05071045030724788,0.038282111531775964,0.050245557347162295,0.04942306079722236,
2015-07-06 19:00:00+00:00,ANET,optimised_new,daily-rescreened,BUY,6.0,BUY,5.1255,0.0666,52.56,1.92,0.1,13459.563,2015-07-21 21:00:00+00:00,"trailing_stop(6.7% from peak, still +0.2% from entry)",5.1345,4.7154,5125.4689,-3.308759999997731,0.0017559262510975205,15,0.07339771729587355,-0.06738854745878446,0.04273349087006029,-0.0039009373769892663,0.0017683017995644423,
2015-07-09 23:00:00+00:00,SYF,optimised_new,daily-rescreened,BUY,7.0,BUY,28.1964,0.6876,56.64,1.12,0.1,12096.2556,2015-07-21 20:00:00+00:00,"trailing_stop(4.5% from peak, still +5.6% from entry)",29.7656,25.9406,28196.358,648.3211019999994,0.05565249464470637,11,0.1052226525372033,0.0,0.029072511270400003,0.17322161371420242,0.055658003500590914,
2015-07-16 00:00:00+00:00,CRDA.L,optimised_new,daily-rescreened,BUY,8.0,BUY,2431.1,1.0,55.88,2.11,0.1,10915.639,2015-07-24 00:00:00+00:00,"trailing_stop(6.5% from peak, still +6.1% from entry)",2579.02,2236.612,2431100.0,563.5917274000019,0.06084488503146727,8,0.1344330961293243,-0.016885360536382597,0.010334353596660906,0.0658271915940909,0.06084410546790053,
2015-07-22 00:00:00+00:00,SYF,optimised_new,daily-rescreened,BUY,8.0,BUY,30.5295,0.8582,55.3,1.52,0.1,12425.5065,2015-08-23 20:00:00+00:00,"rr_stop_loss(8.2% loss, risk=8%)",28.0352,28.0871,30529.5,-1039.0159329,-0.08170130529487869,32,0.022669876676657003,-0.08170130529487869,0.026606853400582775,0.10501378482016777,-0.08170334919579914,
2015-07-22 00:00:00+00:00,ANET,optimised_new,daily-rescreened,BUY,6.0,BUY,5.325,0.0133,56.64,1.7,0.1,11203.800000000001,2015-07-27 22:00:00+00:00,"rr_stop_loss(8.6% loss, risk=8%)",4.8662,4.899,5325.0,-986.7574847999992,-0.08615962441314555,5,0.02373708920187782,-0.08615962441314555,0.04028349126766706,-0.055949454537548515,-0.08615570095698621,
2015-07-27 18:00:00+00:00,CRDA.L,optimised_new,daily-rescreened,BUY,7.0,BUY,2590.1729,1.0,52.43,2.03,0.1,12251.517817,2015-08-19 00:00:00+00:00,"trailing_stop(6.1% from peak, still +0.1% from entry)",2591.85,2382.9591,2590172.9054,-103.34684271900036,0.0006474857334812985,22,0.06592521294620915,-0.02976318685134886,0.013218744374408953,0.07112800614204495,0.000647269874884504,
2015-07-29 19:00:00+00:00,ANET,optimised_new,daily-rescreened,BUY,6.0,BUY,5.1663,0.0586,54.43,1.91,0.1,11035.2168,2015-08-11 00:00:00+00:00,signal,4.97,4.753,5166.2986,-440.94793680000026,-0.03799624489479897,12,0.07407622476433826,-0.03799624489479897,0.04115754703849217,-0.03581347402528945,-0.0379931955301247,
2015-08-11 19:00:00+00:00,ANET,optimised_new,daily-rescreened,BUY,6.0,BUY,5.2703,0.2538,50.83,1.71,0.1,11009.6567,2015-08-12 19:00:00+00:00,"rr_stop_loss(10.1% loss, risk=8%)",4.7404,4.8487,5270.3126,-1127.8734522999985,-0.1005445610306813,1,0.0,-0.1005445610306813,0.03769952653894992,-0.08035931826897236,-0.10054929334589324,
2015-08-16 18:00:00+00:00,GDDY,optimised_new,daily-rescreened,BUY,6.0,BUY,27.3668,0.5095,53.88,1.9,0.1,10891.9864,2015-08-19 22:00:00+00:00,"rr_stop_loss(9.2% loss, risk=8%)",24.8461,25.1774,27366.7731,-1024.0193342000002,-0.09210795562506399,3,0.08252334945992948,-0.09210795562506399,-0.0024753667792725143,-0.05394662484278945,-0.09211108634966203,
2015-10-06 20:00:00+00:00,SYF,optimised_new,daily-rescreened,BUY,8.0,BUY,28.2925,0.8792,52.66,1.23,0.1,13240.89,2015-10-16 00:00:00+00:00,"rr_stop_loss(8.8% loss, risk=8%)",25.7986,26.0291,28292.4921,-1192.459834799999,-0.08814703543341874,9,0.041420871255633145,-0.08814703543341874,0.02820393504545926,0.01685070207432693,-0.0881460323128972,
2015-10-19 20:00:00+00:00,SYF,optimised_new,daily-rescreened,BUY,6.0,BUY,27.8105,0.3477,60.68,4.64,0.1,13154.3665,2015-10-29 18:00:00+00:00,signal,26.7681,25.5857,27810.533,-518.870877800001,-0.03748224591431296,9,0.0191726146599305,-0.06481364952086449,0.02660524508371398,0.055062292906149723,-0.037483796738382424,
2015-11-02 19:00:00+00:00,CRDA.L,optimised_new,daily-rescreened,BUY,6.0,BUY,2528.2617,0.0836,51.69,2.77,0.1,13121.678223,2015-11-15 21:00:00+00:00,signal,2378.6575,2326.0007,2528261.6816,-893.988010411001,-0.059172750985390564,13,0.004610835974772728,-0.06351146323183243,0.01371162475966381,-0.01698378733690631,-0.05917583388413916,
2015-11-02 23:00:00+00:00,HSX.L,optimised_new,daily-rescreened,BUY,6.0,BUY,907.9026,0.0262,53.11,1.21,0.1,11802.733800000002,2015-11-15 19:00:00+00:00,"trailing_stop(3.4% from peak, still +0.8% from entry)",915.1664,835.2703,907902.552,-12.984063000001427,0.008000637953894996,12,0.043964738067717855,-0.01885312367207673,0.0019538592857046844,0.1031280662553915,0.00800563795128828,
2015-11-16 18:00:00+00:00,ANET,optimised_new,daily-rescreened,BUY,6.0,BUY,4.4164,0.1716,58.54,2.9,0.1,13059.294800000001,2015-11-30 23:00:00+00:00,"trailing_stop(13.2% from peak, still +0.0% from entry)",4.417,4.0631,4416.3896,-24.346163799999573,0.00013585725930610675,14,0.15186577302780546,-0.054614618241101365,0.0473342632834155,-0.14309447567023603,0.0001379883369632129,
2015-11-16 19:00:00+00:00,HSX.L,optimised_new,daily-rescreened,BUY,6.0,BUY,940.2439,0.087,58.45,2.45,0.1,11743.646311000002,2015-12-08 19:00:00+00:00,"trailing_stop(3.4% from peak, still +0.8% from entry)",948.0772,865.0244,940243.9335,-9.05057563300089,0.008331136208381563,22,0.043711105171753736,-0.017547680979371413,0.005628421237504844,0.14278991577007494,0.00832396334511909,
2015-11-18 20:00:00+00:00,CRDA.L,optimised_new,daily-rescreened,BUY,6.0,BUY,2472.572,0.1183,61.65,1.66,0.1,10557.882440000001,2015-12-09 18:00:00+00:00,"trailing_stop(6.2% from peak, still +1.5% from entry)",2510.5321,2274.7663,2472572.0376,65.74450578600013,0.01535247507453768,20,0.08300858377430455,-0.052515639585015116,0.019514508565460664,0.03751527244538244,0.015351382685450998,
2015-12-01 00:00:00+00:00,GAW.L,optimised_new,daily-rescreened,BUY,6.0,BUY,418.813,0.1883,55.21,2.05,0.1,10826.31605,2015-12-15 20:00:00+00:00,signal,387.7949,385.308,418813.0,-898.6510936800009,-0.07406193217498025,14,0.0369933598049727,-0.07406193217498025,-0.002850234740318758,0.12947882057663396,-0.07406220561252919,
2015-12-10 18:00:00+00:00,HSX.L,optimised_new,daily-rescreened,BUY,6.0,BUY,977.3323,0.0683,58.76,1.56,0.1,12001.640644,2016-01-11 20:00:00+00:00,signal,924.5572,899.1457,977332.2783,-755.796837340001,-0.05399913622009634,32,0.016427063753034574,-0.05399913622009634,0.0016590820559547748,0.11443658778515231,-0.05400073787523274,
2015-12-16 18:00:00+00:00,CRDA.L,optimised_new,daily-rescreened,BUY,6.0,BUY,2586.1012,0.0518,55.24,1.58,0.1,11792.621472,2016-01-04 20:00:00+00:00,"trailing_stop(5.6% from peak, still +0.1% from entry)",2588.6304,2379.2131,2586101.2059,-95.62350755200032,0.0009779973034311055,19,0.060583553342769464,-0.03930275427736543,0.020733048506755836,0.06979096738055235,0.0009774236524595636,
2015-12-16 23:00:00+00:00,GAW.L,optimised_new,daily-rescreened,BUY,6.0,BUY,410.3817,0.0431,54.16,1.26,0.1,10612.470762,2015-12-30 23:00:00+00:00,signal,394.1482,377.5511,410381.6544,-515.4709502380017,-0.03955707576629282,14,0.024632189983130257,-0.04547010746336885,-0.004128708410467419,0.14798680990622182,-0.039553729785978486,
2016-03-02 23:00:00+00:00,GAW.L,optimised_new,daily-rescreened,BUY,6.0,BUY,367.1394,0.1546,58.12,1.41,0.1,13000.406154,2016-03-17 19:00:00+00:00,"rr_stop_loss(8.7% loss, risk=8%)",335.2808,337.7683,367139.431,-1243.8604553340008,-0.08677521399228746,14,0.021818960318614546,-0.08677521399228746,-0.018620933172969645,-0.02346662206578043,-0.08677403276701434,
2016-03-03 21:00:00+00:00,CRDA.L,optimised_new,daily-rescreened,BUY,6.0,BUY,2607.6615,0.0474,54.34,1.35,0.1,11682.32352,2016-04-03 20:00:00+00:00,signal,2537.9528,2399.0486,2607661.5095,-417.811297728001,-0.026732265671752308,30,0.02994744524931625,-0.07513989066449007,0.019155333061533497,0.048839851382713295,-0.026734790158943755,
2016-03-28 18:00:00+00:00,IMI.L,optimised_new,daily-rescreened,BUY,6.0,BUY,770.5276,0.088,54.73,1.75,0.1,11735.135348,2016-04-06 20:00:00+00:00,signal,722.0166,708.8854,770527.6222,-843.961103071999,-0.06295816009705553,9,0.024184078545661444,-0.06295816009705553,-0.002842728329386812,-0.18681304014193778,-0.06296133165389484,
2016-04-01 00:00:00+00:00,GDDY,optimised_new,daily-rescreened,BUY,6.0,BUY,32.95,0.0112,56.25,4.86,0.1,10544.0,2016-04-05 00:00:00+00:00,"rr_stop_loss(8.6% loss, risk=8%)",30.1,30.314,32950.0,-932.1759999999996,-0.08649468892261004,4,0.015116843702579475,-0.08649468892261004,-0.004338000460002656,0.1460955755524589,-0.08649703388518326,
2016-04-04 20:00:00+00:00,CRDA.L,optimised_new,daily-rescreened,BUY,6.0,BUY,2625.2502,0.0413,52.79,1.59,0.1,10632.26331,2016-04-24 20:00:00+00:00,signal,2548.8611,2415.2302,2625250.1728,-405.4474730799993,-0.029097836084347264,20,0.025058030659325426,-0.06614302895777317,0.017517360992288955,0.05335096076767165,-0.029095440636843772,
2016-04-07 19:00:00+00:00,IMI.L,optimised_new,daily-rescreened,BUY,6.0,BUY,763.0479,0.1148,61.16,1.96,0.1,11636.480475,2016-04-24 18:00:00+00:00,"trailing_stop(4.9% from peak, still +2.7% from entry)",783.4213,702.0041,763047.9265,204.3446370250001,0.026700027612945328,16,0.08008370116738414,-0.02754833608741998,0.004701995465381303,-0.11765293017203049,0.02670219976413768,
2016-04-07 20:00:00+00:00,GDDY,optimised_new,daily-rescreened,BUY,6.0,BUY,32.3718,0.1785,54.05,4.61,0.1,10456.0914,2016-04-11 18:00:00+00:00,"rr_stop_loss(8.1% loss, risk=8%)",29.7655,29.7821,32371.8441,-861.9052478999989,-0.0805114327902681,3,0.0,-0.0805114327902681,-0.004607901497923894,0.13335889812546053,-0.0805121620310072,
2016-04-12 22:00:00+00:00,GDDY,optimised_new,daily-rescreened,BUY,6.0,BUY,32.4487,0.0436,58.24,1.24,0.1,10383.584,2016-04-21 18:00:00+00:00,"rr_stop_loss(8.6% loss, risk=8%)",29.6633,29.8528,32448.7293,-911.2038400000009,-0.08584011069780924,8,0.020660303802617692,-0.08584011069780924,-0.005029517102181136,0.12946905647752405,-0.08583930941511853,
2016-04-13 00:00:00+00:00,SYF,optimised_new,daily-rescreened,BUY,6.0,BUY,24.7439,0.1373,59.6,2.4,0.1,9328.4503,2016-04-28 22:00:00+00:00,"trailing_stop(6.5% from peak, still +1.8% from entry)",25.1883,22.7644,24743.9,148.71436060000042,0.017959982056183613,15,0.08889463665792378,-0.016525285019742205,0.0328686601564574,-0.007214303037112235,0.017957017502929107,
2016-04-21 18:00:00+00:00,GAW.L,optimised_new,daily-rescreened,BUY,6.0,BUY,335.8034,0.2145,61.46,2.91,0.1,9372.272894,2016-05-05 18:00:00+00:00,"trailing_stop(6.2% from peak, still +0.4% from entry)",337.2707,308.9392,335803.4278,-43.48001773200099,0.004369520975666018,14,0.07061036308744927,-0.018455739280781525,-0.014572410993531348,-0.017669201609912255,0.004369971202844214,
2016-04-25 18:00:00+00:00,CRDA.L,optimised_new,daily-rescreened,BUY,6.0,BUY,2655.3708,0.0873,57.03,1.27,0.1,10648.036908,2016-05-19 20:00:00+00:00,signal,2592.5354,2442.9411,2655370.797,-348.2983462640005,-0.023663512455586216,24,0.0157005567734645,-0.03364445372375123,0.01646961904949329,0.07139975202136806,-0.02366400087794185,
2016-04-26 18:00:00+00:00,IMI.L,optimised_new,daily-rescreened,BUY,6.0,BUY,791.704,0.1056,52.72,1.28,0.1,9579.6184,2016-05-08 23:00:00+00:00,signal,767.9386,728.3677,791703.983,-373.20278292000006,-0.030018037044147815,12,0.05412490021523199,-0.05334417913765751,0.006031310823110925,-0.1350905841825546,-0.030017964772200312,
2016-05-09 23:00:00+00:00,HUBB,optimised_new,daily-rescreened,BUY,8.0,BUY,91.3698,0.9895,63.44,1.85,0.1,11421.225,2016-06-27 00:00:00+00:00,"rr_stop_loss(8.3% loss, risk=8%)",83.8122,84.0602,91369.7757,-966.597749999999,-0.08271441986301813,48,0.009080680925207262,-0.08271441986301813,-0.005523002477466954,-0.04556845999638659,-0.0827141246523394,
2016-05-12 00:00:00+00:00,GAW.L,optimised_new,daily-rescreened,BUY,6.0,BUY,342.276,0.1668,54.02,5.56,0.1,10309.353120000002,2016-06-02 18:00:00+00:00,"trailing_stop(4.2% from peak, still +2.3% from entry)",350.1002,314.8939,342276.0,141.40939611199838,0.022859329897509502,21,0.0673301662985427,-0.03177786347859623,-0.009020203541015626,0.019694801974827314,0.022857367056917877,
2016-05-16 00:00:00+00:00,GDDY,optimised_new,daily-rescreened,BUY,6.0,BUY,31.08,0.034,56.46,1.39,0.1,9261.84,2016-05-16 19:00:00+00:00,"rr_stop_loss(8.5% loss, risk=8%)",28.4533,28.5936,31080.0,-800.4975234000002,-0.084514157014157,0,0.0,-0.084514157014157,-0.005417473578079202,0.08339768740867726,-0.08451284236,
2016-05-17 18:00:00+00:00,GDDY,optimised_new,daily-rescreened,BUY,6.0,BUY,30.8618,0.0564,55.68,1.45,0.1,9196.8164,2016-06-09 21:00:00+00:00,signal,30.4324,28.3929,30861.8374,-146.22687159999896,-0.013913640811618168,23,0.09334841130459016,-0.04854545101063441,-0.0012162652831130272,0.15875954636497913,-0.013909970112418124,
2016-05-19 22:00:00+00:00,CRDA.L,optimised_new,daily-rescreened,BUY,6.0,BUY,2624.8691,0.0418,52.98,1.44,0.1,9318.285305,2016-06-12 22:00:00+00:00,signal,2556.4988,2414.8796,2624869.0834,-326.0937036150009,-0.026047127454851004,24,0.0007524565701200534,-0.033898795181824426,0.014390363888745483,0.056500899140106364,-0.02605316561881388,
2016-06-05 20:00:00+00:00,GAW.L,optimised_new,daily-rescreened,BUY,6.0,BUY,360.2598,0.1517,59.75,3.84,0.1,9449.614554,2016-06-16 18:00:00+00:00,"rr_stop_loss(8.4% loss, risk=8%)",329.8205,331.4391,360259.8485,-881.872524308001,-0.08449263559242526,10,0.02694610944657165,-0.08449263559242526,-0.013871908433402247,-0.03937466135215295,-0.08449554981296425,
2016-06-12 19:00:00+00:00,GDDY,optimised_new,daily-rescreened,BUY,6.0,BUY,33.1222,0.1032,59.77,4.11,0.1,10301.0042,2016-06-26 18:00:00+00:00,signal,31.2644,30.4724,33122.1696,-597.8000326000014,-0.056089269432586034,13,0.021176129604917535,-0.07686385566176158,-0.002751356299598662,0.19043996822601628,-0.05608551707401388,
2016-06-21 20:00:00+00:00,CRDA.L,optimised_new,daily-rescreened,BUY,6.0,BUY,2581.8854,0.0081,62.48,1.59,0.1,10146.809622,2016-07-06 21:00:00+00:00,"trailing_stop(8.0% from peak, still +2.0% from entry)",2632.253,2375.3346,2581885.4175,105.22749206599947,0.019508069568076117,15,0.10848254535232278,-0.05807035432323992,0.020034046623790713,0.08780121953171705,0.019503009936361337,
2016-06-28 20:00:00+00:00,IMI.L,optimised_new,daily-rescreened,BUY,8.0,BUY,817.5289,0.8446,59.82,2.71,0.1,11159.269484999999,2016-07-06 00:00:00+00:00,"rr_stop_loss(8.4% loss, risk=8%)",749.143,752.1266,817528.8746,-1033.0340252949989,-0.08364951991299634,7,0.021226405574163817,-0.08364951991299634,0.0038439560385774563,-0.1562604110419985,-0.08364918955351586,
2016-06-29 18:00:00+00:00,HUBB,optimised_new,daily-rescreened,BUY,8.0,BUY,88.3443,0.9826,63.84,2.63,0.1,9982.9059,2016-07-31 21:00:00+00:00,"trailing_stop(4.1% from peak, still +2.8% from entry)",90.8584,81.2768,88344.3171,263.8433949000013,0.028457976349351332,32,0.072010305135702,-0.0255534312909832,0.0012036675703774868,0.03467882173477199,0.028463332221481785,
2016-06-30 00:00:00+00:00,HSX.L,optimised_new,daily-rescreened,BUY,6.0,BUY,980.283,0.0432,63.84,1.4,0.1,9038.20926,2016-07-26 19:00:00+00:00,"trailing_stop(8.2% from peak, still +2.1% from entry)",1001.2341,901.8604,980283.0,111.43892037600106,0.021372501614329735,26,0.11291861635874545,-0.06652691110628256,0.009128345029533858,0.20687332224341048,0.021373747427537726,
2016-07-04 20:00:00+00:00,GAW.L,optimised_new,daily-rescreened,BUY,6.0,BUY,344.3286,0.1516,62.97,1.4,0.1,8139.9281040000005,2016-07-13 19:00:00+00:00,signal,318.0594,316.7823,344328.5909,-693.0212331600001,-0.07629107776699354,8,0.020611706375828168,-0.07629107776699354,-0.015993154454720382,-0.07363275704530992,-0.07628955634877088,
2016-07-11 00:00:00+00:00,IMI.L,optimised_new,daily-rescreened,BUY,7.0,BUY,799.658,0.9322,56.08,1.06,0.1,9379.98834,2016-07-27 23:00:00+00:00,"trailing_stop(4.5% from peak, still +4.1% from entry)",832.1965,735.6854,799658.0,296.4933567300003,0.04069052019738438,16,0.08969922141715583,-0.039483379144584364,0.013485295927966323,-0.06271825210438353,0.04069462078877373,
2016-07-20 00:00:00+00:00,GAW.L,optimised_new,daily-rescreened,BUY,6.0,BUY,337.613,0.0781,58.12,6.67,0.1,9196.57812,2016-08-04 23:00:00+00:00,"trailing_stop(3.5% from peak, still +5.0% from entry)",354.6011,310.604,337613.0,379.0611292319987,0.05031826381093137,15,0.08787428209221806,-0.038833516481889055,-0.007062148927801881,0.03279656789498708,0.05031840522812159,
2016-07-28 19:00:00+00:00,IMI.L,optimised_new,daily-rescreened,BUY,6.0,BUY,836.6622,0.1494,51.39,1.78,0.1,10173.812351999999,2016-08-07 21:00:00+00:00,"trailing_stop(5.7% from peak, still +0.2% from entry)",838.2729,769.7292,836662.2234,-73.01737139199909,0.0019251497199228855,10,0.06278663001627181,-0.04240504710264191,0.012400486562063495,-0.05587393430838372,0.0019255623948544187,
2016-07-31 23:00:00+00:00,HUBB,optimised_new,daily-rescreened,BUY,6.0,BUY,91.0367,0.9874,49.47,1.96,0.1,10105.073699999999,2016-08-17 20:00:00+00:00,"trailing_stop(3.1% from peak, still +0.0% from entry)",91.0465,83.7537,91036.6566,-19.123435200000536,0.00010764889324853029,16,0.03242648294588884,-0.028086475015021404,0.0028002480200892688,0.036818963480890865,0.0001064911377537392,
2016-08-03 18:00:00+00:00,CRDA.L,optimised_new,daily-rescreened,BUY,6.0,BUY,2910.0188,0.0066,54.87,1.62,0.1,9166.55922,2016-08-22 18:00:00+00:00,"trailing_stop(3.5% from peak, still +0.7% from entry)",2930.0872,2677.2173,2910018.8082,-19.410003900001442,0.006896312834817463,19,0.042988656980497864,-0.016176081061744247,0.02281885260668881,0.21088032091691566,0.006895874508272337,
2016-08-03 21:00:00+00:00,GDDY,optimised_new,daily-rescreened,BUY,6.0,BUY,31.2411,0.0331,62.96,6.18,0.1,8247.6504,2016-08-11 20:00:00+00:00,"trailing_stop(12.8% from peak, still +0.1% from entry)",31.2634,28.7418,31241.0554,-10.613988000000408,0.0007138032911773695,7,0.14720032265189117,-0.02689726033974473,0.004494162089936138,0.19039656002164507,0.0007132581087696543,
2016-08-17 23:00:00+00:00,HUBB,optimised_new,daily-rescreened,BUY,8.0,BUY,91.6748,0.9928,53.16,1.94,0.1,11184.3256,2016-09-07 18:00:00+00:00,"trailing_stop(3.0% from peak, still +0.3% from entry)",91.9225,84.3408,91674.7717,7.820529399999224,0.002701942082229737,20,0.033924262719962295,-0.011108832525405015,0.004755565160970088,0.046794272388201774,0.002703292901538923,
2016-08-24 18:00:00+00:00,GAW.L,optimised_new,daily-rescreened,BUY,6.0,BUY,387.116,0.157,57.76,2.91,0.1,11063.77528,2016-09-11 19:00:00+00:00,signal,369.3439,356.1467,387115.9566,-607.484742284,-0.045908978187416606,18,0.02104872957976422,-0.06528869899461656,-0.008347020235155211,0.07573117383012784,-0.04590948725692279,
2016-09-11 23:00:00+00:00,GAW.L,optimised_new,daily-rescreened,BUY,6.0,BUY,380.8965,0.0578,54.46,4.13,0.1,12146.789385,2016-09-21 22:00:00+00:00,"rr_stop_loss(8.5% loss, risk=8%)",348.4464,350.4248,380896.4994,-1143.0851260870013,-0.08519400939625336,9,0.019481145140477787,-0.08519400939625336,-0.0128001502567614,0.014864197265588519,-0.08519571942586401,
2016-09-14 18:00:00+00:00,GDDY,optimised_new,daily-rescreened,BUY,6.0,BUY,33.2732,0.024,55.46,3.37,0.1,10913.609600000002,2016-10-05 21:00:00+00:00,"trailing_stop(3.1% from peak, still +3.9% from entry)",34.5632,30.6114,33273.2268,400.8696608000011,0.038769940973516194,21,0.07201591671375161,-0.02761381532284254,0.011887791616726373,0.31603508160310567,0.03876667234600584,
2016-10-10 00:00:00+00:00,GAW.L,optimised_new,daily-rescreened,BUY,6.0,BUY,393.826,0.2815,55.9,1.85,0.1,12114.08776,2016-10-24 22:00:00+00:00,"trailing_stop(4.3% from peak, still +4.6% from entry)",411.8305,362.3199,393826.0,442.6839933199986,0.045716890200240584,14,0.09271759609573764,-0.04649108997374485,-0.004330481423511889,0.19947995361077875,0.04571946440561292,
2016-11-17 00:00:00+00:00,GAW.L,optimised_new,daily-rescreened,BUY,6.0,BUY,416.595,0.0396,51.73,3.22,0.1,12222.8973,2016-12-04 19:00:00+00:00,"trailing_stop(8.5% from peak, still +7.3% from entry)",447.0305,383.2674,416595.0,780.185539160001,0.07305776593574093,17,0.17289381773665058,-0.03264153434390727,0.010145462868130117,0.3020005144000768,0.07305525700312643,
2016-11-24 21:00:00+00:00,IMI.L,optimised_new,daily-rescreened,BUY,7.0,BUY,819.2912,0.6778,55.79,1.14,0.1,10994.887904,2016-12-28 19:00:00+00:00,"trailing_stop(3.5% from peak, still +2.6% from entry)",840.3328,753.7479,819291.2334,181.8595243199999,0.02568268766953681,33,0.06262230083760201,-0.054194772261681796,0.019576727835740826,-0.05354889636216409,0.02568349730172681,
2016-12-05 21:00:00+00:00,GDDY,optimised_new,daily-rescreened,BUY,7.0,BUY,34.5745,0.5731,50.28,1.32,0.1,11202.138,2016-12-14 20:00:00+00:00,"trailing_stop(7.5% from peak, still +1.2% from entry)",34.9954,31.8085,34574.4614,113.8309523999984,0.012173711839650495,8,0.09468828182620143,0.0,0.017329344426849858,0.33248352207732923,0.012178719872290245,
2017-05-22 23:00:00+00:00,HUBB,optimised_new,daily-rescreened,BUY,6.0,BUY,100.348,0.4599,55.91,2.02,0.1,12543.5,2017-06-05 21:00:00+00:00,"trailing_stop(4.8% from peak, still +0.3% from entry)",100.6207,92.3202,100348.0393,8.9664124999997,0.002717542950532152,13,0.05320285406784397,-0.010229401682146118,0.006227659500332772,0.14584240141649119,0.0027149177685406034,
2017-07-12 21:00:00+00:00,HWM,optimised_new,daily-rescreened,BUY,8.0,BUY,20.6773,0.9412,64.58,2.33,0.1,12716.539499999999,2017-07-13 19:00:00+00:00,"rr_stop_loss(9.2% loss, risk=8%)",18.7722,19.0231,20677.3033,-1195.8979424999986,-0.09213485319650039,0,0.0,-0.09213485319650039,0.0016414919488882962,-0.16294238359825974,-0.09213693561295455,
2017-07-17 23:00:00+00:00,HWM,optimised_new,daily-rescreened,BUY,8.0,BUY,20.0162,0.955,57.37,1.36,0.1,12610.206,2017-07-30 21:00:00+00:00,signal,18.9543,18.4149,20016.1615,-693.5484150000017,-0.05305202785743554,12,0.02385068094843174,-0.07394010851210521,0.006028518842011277,-0.15482129044285897,-0.05305156705414482,
2017-09-24 21:00:00+00:00,IR,optimised_new,daily-rescreened,BUY,6.0,BUY,26.1823,0.0458,56.16,1.7,0.1,12646.0509,2017-10-05 18:00:00+00:00,"trailing_stop(5.3% from peak, still +1.1% from entry)",26.4686,24.0877,26182.3086,112.85251529999809,0.01093486821249459,10,0.06711404269296423,-0.0023603732292427184,0.0030393897100171596,0.018935436862510535,0.010934706745794553,
2017-10-08 22:00:00+00:00,IR,optimised_new,daily-rescreened,BUY,6.0,BUY,27.5491,0.193,58.61,2.0,0.1,12672.586,2017-10-18 22:00:00+00:00,signal,26.1839,25.3452,27549.0776,-652.7091799999993,-0.04955515788174561,10,0.0,-0.05415421919409337,0.0022344806486152002,0.007974024003199132,-0.04955625053420798,
2017-10-25 18:00:00+00:00,IR,optimised_new,daily-rescreened,BUY,6.0,BUY,26.9513,0.0407,58.91,2.91,0.1,12640.1597,2017-11-05 18:00:00+00:00,"trailing_stop(8.2% from peak, still +3.5% from entry)",27.9079,24.7952,26951.2799,422.91643520000105,0.035493649656973936,11,0.12786025163906756,-0.023297577482347804,0.010405856215994325,0.07434016079204486,0.035495584862255125,
2017-11-05 19:00:00+00:00,HWM,optimised_new,daily-rescreened,BUY,8.0,BUY,20.4616,0.3269,59.8,1.41,0.1,12706.6536,2017-11-07 21:00:00+00:00,"rr_stop_loss(10.7% loss, risk=8%)",18.2711,18.8247,20461.5822,-1384.353506700001,-0.10705418931070884,2,0.020702193376862046,-0.10705418931070884,0.0017767217766668786,-0.18529297105383502,-0.10705586077566054,
2017-11-08 18:00:00+00:00,IR,optimised_new,daily-rescreened,BUY,6.0,BUY,28.9278,0.2054,58.88,2.07,0.1,12554.665200000001,2017-11-30 22:00:00+00:00,"trailing_stop(4.1% from peak, still +9.3% from entry)",31.6275,26.6135,28927.7564,1145.388799800002,0.0933254516416734,22,0.14047041254433454,-0.06929666272582083,0.02855998667953452,0.2175319315262303,0.0933277752294639,
2017-12-12 19:00:00+00:00,IR,optimised_new,daily-rescreened,BUY,6.0,BUY,32.4131,0.1122,55.75,1.81,0.1,12738.3483,2018-01-08 21:00:00+00:00,"trailing_stop(3.6% from peak, still +6.6% from entry)",34.5683,29.8201,32413.1091,820.6699098000021,0.06649163455516445,27,0.10656185307792222,-0.04204781400112917,0.041230935380308864,0.33073807712787806,0.06648765565288417,
2018-03-07 00:00:00+00:00,BKR,optimised_new,daily-rescreened,BUY,6.0,BUY,24.927,0.1464,59.94,1.37,0.1,12962.039999999999,2018-03-19 20:00:00+00:00,"trailing_stop(4.6% from peak, still +4.9% from entry)",26.1535,22.9328,24927.0,611.2181400000012,0.04920367473021228,12,0.10020459742447954,-0.015128174268865032,0.007347216535075418,0.06559504836034002,0.04920483659762853,
2018-03-20 22:00:00+00:00,BKR,optimised_new,daily-rescreened,BUY,6.0,BUY,26.528,0.1696,53.86,1.74,0.1,13051.776,2018-03-28 00:00:00+00:00,"rr_stop_loss(8.8% loss, risk=8%)",24.1951,24.4058,26528.0354,-1172.7425652,-0.08794104342581419,7,0.04618893244873344,-0.08794104342581419,0.0049607900058206145,-0.014200203124603128,-0.0879447507843053,
2018-04-18 00:00:00+00:00,HWM,optimised_new,daily-rescreened,BUY,6.0,BUY,18.6649,0.3672,52.78,2.22,0.1,12990.7704,2018-04-22 21:00:00+00:00,"rr_stop_loss(8.2% loss, risk=8%)",17.1425,17.1717,18664.9,-1084.5123504000005,-0.08156486238876186,4,0.027913356085486705,-0.08156486238876186,0.0010989632434692531,-0.2356145446359057,-0.08156291471259436,
2018-04-18 23:00:00+00:00,BKR,optimised_new,daily-rescreened,BUY,6.0,BUY,28.6466,0.0663,52.1,2.13,0.1,11687.8128,2018-04-30 22:00:00+00:00,"trailing_stop(6.6% from peak, still +3.4% from entry)",29.6228,26.3549,28646.6137,374.51568480000134,0.0340773425118514,11,0.10732512758931254,-0.04426354261936847,0.008765598833032184,0.20694118505569725,0.03407564675536068,
2018-05-02 21:00:00+00:00,BKR,optimised_new,daily-rescreened,BUY,6.0,BUY,30.8974,0.2578,52.8,1.29,0.1,12915.1132,2018-05-24 20:00:00+00:00,signal,30.606,28.4256,30897.433,-147.51362119999914,-0.009431214276929431,21,0.0412364794448724,-0.027924679746515888,0.00954272632540687,0.24699831401180705,-0.009432183224963309,
2018-05-28 20:00:00+00:00,BKR,optimised_new,daily-rescreened,BUY,6.0,BUY,31.1593,0.0423,55.54,1.41,0.1,12962.268800000002,2018-06-03 20:00:00+00:00,"rr_stop_loss(8.4% loss, risk=8%)",28.544,28.6666,31159.3461,-1112.8013728000005,-0.08393320774215085,6,0.005969325369953752,-0.08393320774215085,0.005521379485028399,0.16298102658607672,-0.08393680190547181,
2018-06-06 21:00:00+00:00,BKR,optimised_new,daily-rescreened,BUY,6.0,BUY,31.0113,0.0875,63.3,1.48,0.1,12869.689499999999,2018-06-10 21:00:00+00:00,"rr_stop_loss(8.2% loss, risk=8%)",28.4656,28.5304,31011.2815,-1081.1484134999998,-0.08208943191675293,4,0.011605447046721782,-0.08208943191675293,0.004141536159271819,0.15979015852782896,-0.08208755038977078,
2018-07-05 23:00:00+00:00,BKR,optimised_new,daily-rescreened,BUY,6.0,BUY,29.0641,0.208,55.17,1.54,0.1,12788.204,2018-07-19 22:00:00+00:00,signal,27.9958,26.739,29064.1152,-495.15835600000133,-0.03675668608351887,13,0.04757071438647679,-0.06935016050729248,0.0038666294885345565,0.14063912294296244,-0.03675807872739201,
2018-07-23 19:00:00+00:00,BKR,optimised_new,daily-rescreened,BUY,6.0,BUY,28.7515,0.0541,57.82,3.61,0.1,12794.4175,2018-08-12 21:00:00+00:00,"trailing_stop(3.4% from peak, still +4.1% from entry)",29.926,26.4514,28751.491,496.54101249999917,0.040850042606472646,20,0.07710554231953112,-0.025424760447281067,0.013112736551875726,0.2192786070572028,0.04084446588980439,
2018-07-23 19:00:00+00:00,HWM,optimised_new,daily-rescreened,BUY,6.0,BUY,15.3879,0.1078,55.71,1.56,0.1,11510.1492,2018-08-08 21:00:00+00:00,"trailing_stop(17.7% from peak, still +0.1% from entry)",15.4058,14.1569,15387.9121,-9.64448760000107,0.0011632516457735712,16,0.21641029640171822,-0.026338876649835287,0.008837156953823255,-0.3130401688591229,0.0011681555284794864,
2018-08-22 18:00:00+00:00,BKR,optimised_new,daily-rescreened,BUY,6.0,BUY,29.5044,0.3292,60.4,1.81,0.1,12863.9184,2018-09-03 18:00:00+00:00,signal,28.5637,27.1441,29504.4364,-435.4628916000016,-0.03188338010601807,12,0.013886064451403887,-0.06774582774094709,0.015301376297861102,0.1637756719453367,-0.03188385953263029,
2018-09-18 21:00:00+00:00,BKR,optimised_new,daily-rescreened,BUY,6.0,BUY,29.051,0.1178,63.16,2.46,0.1,12869.592999999999,2018-10-02 20:00:00+00:00,signal,28.3856,26.7269,29051.031,-320.2166137999999,-0.022904547175656542,13,0.05170906337131259,-0.05252831227840694,0.01584150104822757,0.15652084149733758,-0.022907745117945244,
2019-01-15 20:00:00+00:00,BKR,optimised_new,daily-rescreened,BUY,6.0,BUY,20.6618,0.0186,53.95,1.26,0.1,13058.257599999999,2019-01-27 20:00:00+00:00,"trailing_stop(8.3% from peak, still +0.3% from entry)",20.7318,19.0088,20661.7737,18.079244800000815,0.0033878945687210353,12,0.09433350434134496,-0.0619113533186847,0.0315534859924822,-0.15531509745922334,0.0033870034305809593,
2019-01-24 19:00:00+00:00,IR,optimised_new,daily-rescreened,BUY,6.0,BUY,22.8893,0.2332,52.19,1.32,0.1,11765.100199999999,2019-02-07 18:00:00+00:00,"trailing_stop(5.0% from peak, still +8.2% from entry)",24.7754,21.0582,22889.3291,944.9557442000007,0.0824009471674539,13,0.1399649617943756,-0.0002883443355628538,0.05479858411458327,-0.04623740916606034,0.08239724497133971,
2019-01-29 21:00:00+00:00,VICI,optimised_new,daily-rescreened,BUY,6.0,BUY,17.6605,0.4032,53.29,2.49,0.1,11903.177,2019-04-16 20:00:00+00:00,"trailing_stop(3.2% from peak, still +3.0% from entry)",18.1931,16.2477,17660.5073,334.8070736000028,0.030157696554457814,76,0.06394496192067047,-0.038300161377084314,0.005320502979098807,0.17222592430921413,0.03015685090814224,
2019-02-18 19:00:00+00:00,BKR,optimised_new,daily-rescreened,BUY,6.0,BUY,23.2404,0.2774,58.23,1.21,0.1,12015.2868,2019-02-24 22:00:00+00:00,"trailing_stop(4.4% from peak, still +0.9% from entry)",23.4398,21.3812,23240.4166,78.9561366000021,0.008579886748937225,6,0.05547236708490376,-0.022585669781931564,0.03757015505625305,-0.044979314238286716,0.008579048498235098,
2019-02-26 00:00:00+00:00,BKR,optimised_new,daily-rescreened,BUY,6.0,BUY,23.6575,0.1526,53.2,1.28,0.1,12041.6675,2019-03-22 00:00:00+00:00,"trailing_stop(8.6% from peak, still +1.5% from entry)",24.0215,21.7649,23657.5,161.00738900000184,0.01538624114974113,24,0.11060762971573504,-0.07354116030857018,0.04649051852513009,-0.021281543454621188,0.015383289985447135,
2019-04-22 19:00:00+00:00,VICI,optimised_new,daily-rescreened,BUY,6.0,BUY,18.3216,0.9897,54.22,1.1,0.1,13374.768,2019-05-06 23:00:00+00:00,"trailing_stop(3.7% from peak, still +1.6% from entry)",18.6167,16.8558,18321.5753,188.45804100000137,0.0161066719063838,14,0.0556556195965418,0.0,0.00892116010563182,0.19951627393937588,0.016107287165352924,
2020-01-07 00:00:00+00:00,UBER,optimised_new,daily-rescreened,BUY,6.0,BUY,32.81,0.1169,59.55,1.31,0.1,13845.820000000002,2020-01-16 18:00:00+00:00,"trailing_stop(3.9% from peak, still +5.0% from entry)",34.4419,30.1852,32810.0,660.2814981999986,0.04973788479122202,9,0.09206034745504414,-0.038442548003657484,0.008423004367021925,0.06145192859238091,0.04973439354860809,
2020-01-16 21:00:00+00:00,UBER,optimised_new,daily-rescreened,BUY,6.0,BUY,35.5955,0.08,59.31,2.13,0.1,13917.8405,2020-02-12 22:00:00+00:00,"trailing_stop(10.2% from peak, still +9.4% from entry)",38.9489,32.7479,35595.5369,1282.0325395999992,0.09420853759604446,27,0.21874675169614138,-0.03170063631638828,0.024500188939070133,0.2003580425196747,0.09421171703137987,
2021-09-03 00:00:00+00:00,RKT.L,optimised_new,daily-rescreened,BUY,8.0,BUY,5120.6,0.9913,64.61,2.26,0.1,15208.182,2021-09-08 20:00:00+00:00,"trailing_stop(3.1% from peak, still +0.2% from entry)",5129.1871,4710.952,5120600.0,-112.42095837399907,0.0016769714486583088,5,0.03357163223059796,0.0,0.002203877115077413,-0.00800973421425255,0.001679464350384574,
2021-09-13 00:00:00+00:00,RKT.L,optimised_new,daily-rescreened,BUY,8.0,BUY,5157.5,0.9921,53.11,2.04,0.1,15214.625,2021-09-22 19:00:00+00:00,"trailing_stop(4.4% from peak, still +1.3% from entry)",5224.0301,4744.9,5157500.0,57.93964240999959,0.012899680077556945,9,0.05980352884149301,0.0,0.005560148640869844,0.010329467745463505,0.012899785136336828,
2021-09-27 22:00:00+00:00,RKT.L,optimised_new,daily-rescreened,BUY,6.0,BUY,5212.8535,0.9925,50.22,1.06,0.1,15273.660754999999,2021-10-20 19:00:00+00:00,"rr_stop_loss(8.1% loss, risk=8%)",4788.3455,4795.8253,5212853.5353,-1379.7837699150016,-0.08143486096434512,22,0.01810382739511089,-0.08143486096434512,0.0008005069036896018,-0.07393153617384551,-0.08143365841887262,
2021-10-25 22:00:00+00:00,RKT.L,optimised_new,daily-rescreened,BUY,8.0,BUY,5123.4882,0.8037,62.66,5.38,0.1,15165.525072,2021-11-02 23:00:00+00:00,"trailing_stop(6.3% from peak, still +4.1% from entry)",5332.7722,4713.6092,5123488.2395,480.75195307199897,0.04084795198708578,8,0.11079598075389342,-0.03550471727445365,0.010988569455119945,0.03136021709415182,0.040847459220050286,
2021-11-03 22:00:00+00:00,RKT.L,optimised_new,daily-rescreened,BUY,7.0,BUY,5427.7517,0.9563,51.09,1.72,0.1,15251.982277,2021-11-28 18:00:00+00:00,"trailing_stop(3.9% from peak, still +2.4% from entry)",5558.9114,4993.5316,5427751.7016,229.55379899299913,0.02416464629360259,24,0.06598085538806059,-0.030123356600855508,0.016619101174131012,0.07509715533960248,0.024165371612006492,
2022-01-10 18:00:00+00:00,LSEG.L,optimised_new,daily-rescreened,BUY,6.0,BUY,7142.2745,0.0019,58.58,1.54,0.1,15427.312920000002,2022-01-26 23:00:00+00:00,signal,6898.4955,6570.8926,7142274.5353,-665.3553309999992,-0.034131844134526114,16,0.0524291106425551,-0.03457296411668305,-0.0017347164087418987,-0.08294045893903401,-0.03413068574945255,
2023-01-12 21:00:00+00:00,HOOD,optimised_new,daily-rescreened,BUY,6.0,BUY,9.4853,0.0507,65.19,2.65,0.1,16143.9806,2023-02-07 18:00:00+00:00,"trailing_stop(7.8% from peak, still +11.1% from entry)",10.5349,8.7264,9485.2522,1752.3448195999988,0.11065543525244323,25,0.20467460175218494,-0.05803717331028026,0.06680740827003473,-0.5936001399461335,0.11065841755400352,
2000-06-29 21:00:00+00:00,REL.L,optimised_new,daily-rescreened,BUY,7.0,BUY,356.6115,0.7519,55.99,1.13,0.1,10106.36991,2000-07-11 22:00:00+00:00,signal,338.7919,328.0825,356611.4632,-595.9547782619987,-0.04996922421178224,12,0.05122184786525393,-0.07266226692072461,0.06435577813443216,0.06766279435248723,-0.04996579461636508,
2000-07-02 19:00:00+00:00,AAL.L,optimised_new,daily-rescreened,BUY,6.0,BUY,576.9866,0.0699,57.57,1.46,0.1,9087.53895,2000-07-03 19:00:00+00:00,regime_forced(signal=-0.20),584.1392,530.8276,576986.5501,30.640292550000495,0.012396475065452139,1,0.03820054053248378,-0.01267655089390276,0.0313394791833872,0.04634044370987689,0.01239736751745757,
2000-07-02 21:00:00+00:00,ANTO.L,optimised_new,daily-rescreened,BUY,6.0,BUY,60.3394,0.3597,55.67,3.8,0.1,8177.195487999999,2000-07-03 21:00:00+00:00,regime_forced(signal=-0.36),62.7811,55.5122,60339.3535,256.6426262399999,0.04046609677921896,1,0.04046609677921896,-0.02796182925252815,0.009442755756651877,-0.07623149513760885,0.04046641294813158,
2000-07-04 19:00:00+00:00,AAL.L,optimised_new,daily-rescreened,BUY,6.0,BUY,596.0129,0.1752,60.42,1.42,0.1,9118.99737,2000-07-05 18:00:00+00:00,regime_forced(signal=-0.02),583.5755,548.3319,596012.89,-271.9826118899985,-0.020867669139375863,0,0.006728210077332352,-0.020867669139375863,0.03317943943278867,0.045330122896519276,-0.020866964522292752,
2000-07-09 23:00:00+00:00,AAL.L,optimised_new,daily-rescreened,BUY,6.0,BUY,594.4363,0.1063,59.29,1.97,0.1,8185.387850999999,2000-07-10 23:00:00+00:00,regime_forced(signal=-0.09),597.5633,546.8814,594436.267,-30.69581823900019,0.0052604459048010135,1,0.01837572840016679,-0.0023814158051921235,0.0362044094932541,0.07038549671333705,0.005260598254418047,
2000-07-16 18:00:00+00:00,FAST,optimised_new,daily-rescreened,BUY,6.0,BUY,1.4255,0.3637,57.27,1.85,0.1,9987.053,2000-07-18 00:00:00+00:00,regime_forced(signal=-0.47),1.3965,1.3115,1425.533,-222.9449319999996,-0.020343739038933648,1,0.05338477727113298,-0.042721851981760754,0.07434573171422842,0.10026411250554301,-0.020342670078171476,
2000-07-17 19:00:00+00:00,AAL.L,optimised_new,daily-rescreened,BUY,6.0,BUY,643.6666,0.2051,57.16,2.01,0.1,8985.585735999999,2000-07-18 19:00:00+00:00,regime_forced(signal=-0.00),618.5962,592.1733,643666.6383,-430.1530900560003,-0.03894935670112456,1,0.015320819815724442,-0.04211015454274005,0.04464417471452298,0.10806075377326341,-0.03894948209299087,
2000-07-17 22:00:00+00:00,D,optimised_new,daily-rescreened,BUY,6.0,BUY,13.0074,0.0208,51.87,1.63,0.1,8077.5954,2000-07-18 22:00:00+00:00,regime_forced(signal=-0.17),12.8066,11.9668,13007.4333,-140.7272940000002,-0.01543736642219052,1,0.015860202653873858,-0.01543736642219052,0.004672966643889387,0.043646133236763474,-0.015440047873036655,
2000-07-19 22:00:00+00:00,PHM,optimised_new,daily-rescreened,BUY,6.0,BUY,4.7557,0.0646,55.56,1.29,0.1,9910.8788,2000-07-20 22:00:00+00:00,regime_forced(signal=-0.02),4.6175,4.3753,4755.7234,-307.54254880000065,-0.02905986500410041,1,0.003280274197279067,-0.02905986500410041,-0.0009280138823742901,-0.0833093484648787,-0.029071212908044375,
2000-07-19 23:00:00+00:00,D,optimised_new,daily-rescreened,BUY,6.0,BUY,13.3308,0.0999,57.34,1.71,0.1,8918.3052,2000-07-20 23:00:00+00:00,regime_forced(signal=-0.13),13.1357,12.2643,13330.8125,-148.22798849999995,-0.014635280703333637,1,0.0,-0.04864674288114744,0.004414659207629956,0.07046550452799294,-0.014637820059280382,
2000-07-23 21:00:00+00:00,NUE,optimised_new,daily-rescreened,BUY,6.0,BUY,6.2807,0.425,51.8,1.99,0.1,9866.9797,2000-07-25 00:00:00+00:00,regime_forced(signal=-0.02),6.4523,5.7782,6280.6935,249.58005699999944,0.027321795341283574,1,0.0736860541022497,-0.034263696721703034,0.02702073199504107,-0.20371422776273396,0.027325014534675507,
2000-07-24 19:00:00+00:00,D,optimised_new,daily-rescreened,BUY,6.0,BUY,13.2841,0.1292,55.95,2.37,0.1,8873.7788,2000-07-25 21:00:00+00:00,regime_forced(signal=-0.08),12.903,12.2214,13284.1116,-272.0677828000009,-0.02868843203529031,1,0.0,-0.02868843203529031,0.006191408744704141,0.05149971303107703,-0.028692047893145167,
2000-07-25 20:00:00+00:00,FAST,optimised_new,daily-rescreened,BUY,6.0,BUY,1.3893,0.5299,54.73,1.63,0.1,9869.5872,2000-07-26 21:00:00+00:00,regime_forced(signal=-0.04),1.304,1.2781,1389.2803,-625.1044032000001,-0.061397826243431895,1,0.0,-0.06377312315554597,0.08239409560230393,0.027351541484273323,-0.06139489352827965,
2000-07-25 21:00:00+00:00,PHM,optimised_new,daily-rescreened,BUY,6.0,BUY,4.7467,0.1943,57.96,1.75,0.1,8881.0757,2000-07-26 21:00:00+00:00,regime_forced(signal=-0.07),5.0675,4.3669,4746.6661,581.8544317999996,0.06758379505761902,1,0.06758379505761902,0.0,0.005838840169293924,0.00603577709998615,0.06759340159036964,
2000-07-26 22:00:00+00:00,D,optimised_new,daily-rescreened,BUY,6.0,BUY,13.0959,0.0171,52.34,3.23,0.1,9861.2127,2000-07-27 22:00:00+00:00,regime_forced(signal=-0.01),12.9227,12.0482,13095.9129,-150.01160579999885,-0.013225513328598995,1,0.0043754152062859125,-0.013225513328598995,0.006786912196535377,0.05310368065808024,-0.01322960807228768,
2000-07-26 23:00:00+00:00,FAST,optimised_new,daily-rescreened,BUY,6.0,BUY,1.3549,0.4314,52.4,1.54,0.1,8878.6597,2000-08-03 18:00:00+00:00,regime_forced(signal=-0.03),1.3244,1.2465,1354.9259,-217.42395290000076,-0.022510886412281328,7,0.04037198317218981,-0.06945162004575989,0.09043396972513862,0.04346821066620077,-0.02249788999227409,
2000-07-27 18:00:00+00:00,HAL,optimised_new,daily-rescreened,BUY,6.0,BUY,19.1741,0.2616,63.42,1.32,0.1,8053.121999999999,2000-07-30 18:00:00+00:00,"rr_stop_loss(9.0% loss, risk=8%)",17.439,17.6402,19174.1268,-744.1195019999993,-0.09049186141722423,3,0.034072003379558964,-0.09049186141722423,0.0009911020421176087,0.08366176051708285,-0.0904954876484243,
2000-07-27 18:00:00+00:00,PHM,optimised_new,daily-rescreened,BUY,6.0,BUY,4.9071,0.0993,56.55,1.48,0.1,7257.6008999999995,2000-07-30 21:00:00+00:00,regime_forced(signal=-0.06),4.8436,4.5145,4907.1142,-108.33778529999978,-0.012940433249780817,3,0.002098999409019579,-0.036661164435206124,0.006958624676294267,-0.03840795570507949,-0.012935142827651736,
2000-08-06 22:00:00+00:00,PHM,optimised_new,daily-rescreened,BUY,6.0,BUY,5.7007,0.0976,68.46,1.86,0.1,9674.0879,2000-08-07 22:00:00+00:00,"trailing_stop(5.4% from peak, still +4.0% from entry)",5.9269,5.2446,5700.6541,364.1293627999993,0.039679337625203835,1,0.09904046871436832,0.0,0.030878925789988854,0.17665070624943913,0.03969122992660945,
2000-08-08 19:00:00+00:00,AAL.L,optimised_new,daily-rescreened,BUY,6.0,BUY,599.2094,0.1539,58.19,1.57,0.1,9713.184374,2000-08-09 18:00:00+00:00,regime_forced(signal=-0.01),587.8198,551.2726,599209.3681,-271.67482453400044,-0.019007712495831965,0,0.0008376036824523974,-0.026311670010517048,0.04748165130740789,0.05293677049089096,-0.01900686403251961,
2000-08-08 20:00:00+00:00,PHM,optimised_new,daily-rescreened,BUY,6.0,BUY,6.0455,0.0103,57.28,7.51,0.1,8735.7475,2000-08-09 19:00:00+00:00,regime_forced(signal=-0.07),6.5918,5.5619,6045.5423,771.1426015000023,0.09036473409974369,0,0.09036473409974369,0.0,0.03220917909765375,0.3086461479434506,0.09035747995186338,
2000-08-10 19:00:00+00:00,PHM,optimised_new,daily-rescreened,BUY,6.0,BUY,6.2521,0.2672,55.04,2.85,0.1,9765.780200000001,2000-08-14 18:00:00+00:00,regime_forced(signal=-0.02),6.6015,5.752,6252.1469,525.6854767999988,0.05588522256521797,3,0.1049887237888069,-0.0372674781273493,0.04622864602372312,0.31057581870284245,0.055879479606940174,
2000-08-11 00:00:00+00:00,PG,optimised_new,daily-rescreened,BUY,8.0,BUY,20.391,0.9893,58.71,2.36,0.1,8788.520999999999,2000-08-13 22:00:00+00:00,"trailing_stop(3.4% from peak, still +6.1% from entry)",21.6289,18.7597,20391.0,515.4243231000005,0.06070815555882514,2,0.09815604923740867,0.0,0.010318716461094724,-0.12459198240743463,0.06070683930411658,
2000-08-11 00:00:00+00:00,D,optimised_new,daily-rescreened,BUY,6.0,BUY,14.0758,0.2583,58.39,2.74,0.1,7910.5996,2000-08-13 23:00:00+00:00,"trailing_stop(3.7% from peak, still +0.6% from entry)",14.1605,12.9497,14075.8,31.732599400001007,0.006017419969024961,2,0.04491396581366608,-0.0029767402208045047,0.01632337186623878,0.15397623631471902,0.006013740756235286,
2000-08-14 00:00:00+00:00,ROK,optimised_new,daily-rescreened,BUY,6.0,BUY,10.6147,0.1554,56.22,1.65,0.1,9871.670999999998,2000-08-15 20:00:00+00:00,"trailing_stop(4.5% from peak, still +0.1% from entry)",10.6251,9.7655,10614.7,-10.081013999998625,0.0009797733332077808,1,0.04828209935278445,-0.005172072691644602,0.0206272225061519,-0.1313522850765132,0.0009808874732464279,
2000-08-14 20:00:00+00:00,D,optimised_new,daily-rescreened,BUY,6.0,BUY,14.3012,0.0334,55.11,1.22,0.1,8881.0452,2000-08-15 19:00:00+00:00,regime_forced(signal=-0.03),14.5183,13.1571,14301.2337,116.9221905000011,0.015180544289989672,0,0.02750818113165327,-0.02265544150141246,0.018209430353560707,0.1831380879685729,0.01517816546459505,
2000-08-14 22:00:00+00:00,AAL.L,optimised_new,daily-rescreened,BUY,6.0,BUY,634.7445,0.0643,53.38,1.68,0.1,8004.128145000001,2000-08-15 21:00:00+00:00,regime_forced(signal=-0.09),631.9294,583.965,634744.5176,-107.46456748300037,-0.004435012827996193,0,0.0353099554230087,-0.004435012827996193,0.05075546124019814,0.13194555112605544,-0.004435439646102934,
2000-08-15 23:00:00+00:00,ROK,optimised_new,daily-rescreened,BUY,6.0,BUY,10.7635,0.0583,55.3,2.45,0.1,9880.893,2000-08-16 23:00:00+00:00,"trailing_stop(4.3% from peak, still +0.3% from entry)",10.7975,9.9024,10763.479,11.419002000000106,0.0031588238026663182,1,0.0485065266874158,0.0,0.024577505320307003,-0.11725449621930606,0.0031643722122354223,
2000-08-16 19:00:00+00:00,AAL.L,optimised_new,daily-rescreened,BUY,6.0,BUY,680.533,0.1471,65.21,1.25,0.1,9881.339160000001,2000-08-17 19:00:00+00:00,"rr_stop_loss(9.1% loss, risk=8%)",618.5521,626.0903,680532.9541,-987.0947951040001,-0.09107699406200731,1,0.024357819532630963,-0.09107699406200731,0.047990467653457936,0.1079819185855968,-0.09107841684782136,
2000-08-16 20:00:00+00:00,PG,optimised_new,daily-rescreened,BUY,6.0,BUY,22.4372,0.6015,58.26,1.38,0.1,8885.1312,2000-08-28 19:00:00+00:00,"rr_stop_loss(8.3% loss, risk=8%)",20.5761,20.6422,22437.1734,-754.0288668000006,-0.08294707004439059,11,0.035949227176296485,-0.08294707004439059,0.009933122431203145,-0.16720351214111262,-0.08294822928312529,
2000-08-17 00:00:00+00:00,D,optimised_new,daily-rescreened,BUY,6.0,BUY,14.5079,0.0162,54.89,1.63,0.1,8893.3427,2000-08-17 23:00:00+00:00,regime_forced(signal=-0.05),13.8646,13.3473,14507.9,-411.73524249999974,-0.044341358845870184,0,0.0,-0.05638307404931104,0.014839908035284344,0.1298656840534167,-0.0443423279796773,
2000-08-17 18:00:00+00:00,ROK,optimised_new,daily-rescreened,BUY,6.0,BUY,11.0933,0.0898,58.39,1.26,0.1,7998.2693,2000-08-18 00:00:00+00:00,regime_forced(signal=-0.02),10.6679,10.2058,11093.3125,-322.40322519999955,-0.038347470996006584,0,0.005111193242768255,-0.044567441608898965,0.02554570850297533,-0.1278528199586365,-0.03834924824629882,
2000-08-20 20:00:00+00:00,ROK,optimised_new,daily-rescreened,BUY,6.0,BUY,11.0818,0.1426,56.51,1.61,0.1,8821.112799999999,2000-08-21 20:00:00+00:00,regime_forced(signal=-0.01),10.7464,10.1953,11081.8082,-284.35364719999933,-0.030265841289321225,1,0.015105849230269511,-0.032052554639138045,0.02514357303022874,-0.12143298342399755,-0.030263856647142373,
2000-08-21 19:00:00+00:00,D,optimised_new,daily-rescreened,BUY,6.0,BUY,14.4472,0.2132,56.26,1.92,0.1,8798.3448,2000-08-22 19:00:00+00:00,regime_forced(signal=-0.06),13.7987,13.2914,14447.2175,-412.1382531000004,-0.04488759067500971,1,0.005225926131015,-0.04488759067500971,0.013794440838440947,0.12449627827609899,-0.0448913205723368,
2000-08-22 00:00:00+00:00,ROK,optimised_new,daily-rescreened,BUY,6.0,BUY,11.0199,0.0544,55.0,1.86,0.1,8749.8006,2000-08-27 23:00:00+00:00,"trailing_stop(5.1% from peak, still +1.6% from entry)",11.1971,10.1383,11019.9,123.05650199999998,0.016080000725959484,5,0.0702910189747638,-0.0332217170754725,0.032407359947714154,-0.08459271045974248,0.016075631566558224,
2000-08-22 21:00:00+00:00,D,optimised_new,daily-rescreened,BUY,6.0,BUY,14.3976,0.0141,54.4,2.76,0.1,7875.4872000000005,2000-08-23 20:00:00+00:00,regime_forced(signal=-0.22),14.1664,13.2458,14397.6205,-142.09090800000018,-0.016058231927543562,0,0.01921848085792076,-0.016058231927543562,0.017176638916505338,0.15446893186290134,-0.01605579467146445,
2000-08-23 21:00:00+00:00,AAL.L,optimised_new,daily-rescreened,BUY,6.0,BUY,713.911,0.0418,62.33,1.9,0.1,7867.29922,2000-08-24 20:00:00+00:00,regime_forced(signal=-0.01),670.1043,656.7981,713910.9586,-552.590027312,-0.06136157027976874,0,0.0,-0.06136157027976874,0.0453617072374648,0.20032456275846,-0.06136259726128501,
2000-08-23 23:00:00+00:00,D,optimised_new,daily-rescreened,BUY,6.0,BUY,14.7076,0.3952,58.38,2.05,0.1,7074.3556,2000-08-27 22:00:00+00:00,regime_forced(signal=-0.10),14.2243,13.531,14707.5864,-246.38354390000063,-0.03286056188637166,3,0.022831733253556037,-0.03825233212760748,0.0183163933319066,0.15918654552703715,-0.03285845255390796,
2000-08-28 19:00:00+00:00,PHM,optimised_new,daily-rescreened,BUY,6.0,BUY,6.321,0.2252,51.97,2.5,0.1,9494.142,2000-08-29 19:00:00+00:00,regime_forced(signal=-0.17),6.3895,5.8153,6321.0165,83.79582900000015,0.010836892896693597,1,0.027210884353741593,-0.02602436323366547,0.053332633079185676,0.268474229802397,0.010827603263917851,
2000-08-29 20:00:00+00:00,PG,optimised_new,daily-rescreened,BUY,6.0,BUY,21.2997,0.99,43.76,1.31,0.1,8647.6782,2000-08-31 23:00:00+00:00,"trailing_stop(4.3% from peak, still +3.1% from entry)",21.9668,19.5958,21299.7471,253.27640100000005,0.031319689948684615,2,0.07722643980901138,-0.019465062888209695,0.011255583323960483,-0.11091494396636381,0.03131790778300081,
2000-08-30 22:00:00+00:00,D,optimised_new,daily-rescreened,BUY,6.0,BUY,14.8443,0.0142,63.15,4.85,0.1,8565.161100000001,2000-09-04 18:00:00+00:00,regime_forced(signal=-0.04),14.6862,13.6567,14844.2594,-108.26279850000053,-0.010650552737414429,4,0.00041766873480054707,-0.025760729707699284,0.02071639012827431,0.19682867241672275,-0.010647153764717476,
2000-08-31 22:00:00+00:00,AAL.L,optimised_new,daily-rescreened,BUY,6.0,BUY,718.7351,0.0312,58.5,3.44,0.1,8603.259146999999,2000-09-03 22:00:00+00:00,regime_forced(signal=-0.12),717.9932,661.2363,718735.1152,-86.29211423699881,-0.0010322300942308049,3,0.020726968809509926,-0.0036546148921905,0.04900923097083032,0.28610733215629924,-0.0010320474173173277,
2000-08-31 23:00:00+00:00,ROK,optimised_new,daily-rescreened,BUY,6.0,BUY,11.1868,0.1174,52.66,1.23,0.1,7730.0788,2000-09-04 23:00:00+00:00,regime_forced(signal=-0.04),11.084,10.2918,11186.7669,-86.42392279999945,-0.009189401794972667,4,0.019388922658847996,-0.025485393499481524,0.03226477490139401,-0.09383177992973168,-0.00918333468775867,
2000-09-05 00:00:00+00:00,PG,optimised_new,daily-rescreened,BUY,8.0,BUY,21.8846,0.9948,53.21,1.73,0.1,9432.2626,2000-09-28 23:00:00+00:00,"trailing_stop(3.7% from peak, still +9.4% from entry)",23.9513,20.1338,21884.6,870.9924270999994,0.09443627025396858,23,0.13678111548760322,-0.04208438810853291,0.0259525838113821,-0.030602153785333153,0.09442782714960729,
2000-09-05 21:00:00+00:00,D,optimised_new,daily-rescreened,BUY,6.0,BUY,14.8114,0.1373,52.62,1.63,0.1,8486.932200000001,2000-09-07 18:00:00+00:00,regime_forced(signal=-0.04),15.5989,13.6265,14811.3622,433.81239809999846,0.053168505340480954,1,0.053168505340480954,0.0,0.02795683934141846,0.271211475675355,0.05317375285009618,
2000-09-05 21:00:00+00:00,ROK,optimised_new,daily-rescreened,BUY,6.0,BUY,11.2331,0.1119,53.56,1.49,0.1,7638.508,2000-09-17 18:00:00+00:00,"rr_stop_loss(10.7% loss, risk=8%)",10.0356,10.3345,11233.1105,-828.7627159999993,-0.10660458822586817,11,0.01677186173006558,-0.10660458822586817,0.029259633065396695,-0.17954896930215147,-0.10660828272207545,
2000-09-10 20:00:00+00:00,PHM,optimised_new,daily-rescreened,BUY,6.0,BUY,7.3679,0.0594,55.38,1.56,0.1,7773.134499999999,2000-09-11 20:00:00+00:00,regime_forced(signal=-0.05),7.2845,6.7785,7367.9177,-103.44528199999948,-0.01131937186986784,1,0.011210792763202573,-0.014902482389826124,0.05547956867443493,0.4461528071610017,-0.01132551537800841,
2000-09-12 00:00:00+00:00,PHM,optimised_new,daily-rescreened,BUY,6.0,BUY,7.4016,0.006,55.18,1.66,0.1,7764.2784,2000-09-14 00:00:00+00:00,regime_forced(signal=-0.01),7.3753,6.8094,7401.55,-43.08966810000042,-0.0035532857760484206,2,0.04796260268050145,-0.009849221789883233,0.06169258183798876,0.46419275453645326,-0.0035423695905292263,
2000-09-14 19:00:00+00:00,PHM,optimised_new,daily-rescreened,BUY,6.0,BUY,7.772,0.0084,60.49,1.64,0.1,7764.228,2000-09-15 00:00:00+00:00,"rr_stop_loss(8.3% loss, risk=8%)",7.1304,7.1503,7772.0338,-655.8458976000002,-0.08255275347400931,0,0.0,-0.08255275347400931,0.060258408066658165,0.4155609498344579,-0.08256097709525811,
2000-09-28 23:00:00+00:00,PHM,optimised_new,daily-rescreened,BUY,6.0,BUY,7.2347,0.1811,53.02,2.81,0.1,9426.8141,2000-10-01 22:00:00+00:00,regime_forced(signal=-0.01),7.1664,6.6559,7234.676,-107.7595332999997,-0.009440612603148687,2,0.0,-0.04572407978216097,0.06944752969985069,0.4227050166961055,-0.009441725891264019,
2001-06-21 20:00:00+00:00,GRMN,optimised_new,daily-rescreened,BUY,6.0,BUY,7.878,0.2493,62.04,1.61,0.1,9729.33,2001-06-24 20:00:00+00:00,regime_forced(signal=-0.12),7.6647,7.2477,7877.9878,-282.62073450000196,-0.02707539984767711,3,0.0,-0.06374714394516377,0.08002944279381707,0.20010254752491985,-0.027070529981110036,
2001-07-02 19:00:00+00:00,ANTO.L,optimised_new,daily-rescreened,BUY,6.0,BUY,83.2224,0.1954,69.93,2.14,0.1,9716.215199999999,2001-07-03 19:00:00+00:00,regime_forced(signal=-0.21),83.3043,76.5646,83222.4353,-77.90323545000082,0.0009841100472950135,1,0.0009841100472950135,-0.027051611104702417,0.01553399217436291,0.22576095256431317,0.0009841866910804686,
2001-07-04 19:00:00+00:00,ANTO.L,optimised_new,daily-rescreened,BUY,6.0,BUY,84.5646,0.2345,67.08,2.21,0.1,9710.553018,2001-07-05 19:00:00+00:00,regime_forced(signal=-0.16),83.8367,77.7994,84564.5705,-170.81256464800055,-0.008607620682886282,1,0.0038987945310449356,-0.015214404136009546,0.01619093674321781,0.23359545060561704,-0.008606787923750137,
2005-07-07 22:00:00+00:00,IEX,optimised_new,daily-rescreened,BUY,8.0,BUY,22.4937,0.9179,57.77,1.47,0.1,11674.230300000001,2005-07-19 23:00:00+00:00,"trailing_stop(3.0% from peak, still +1.6% from entry)",22.863,20.6942,22493.6575,168.12657270000008,0.016417930353832363,12,0.04837799028172335,-0.03319596153589674,0.004762285759525753,0.041390607338179564,0.016420750721477306,
2005-07-10 20:00:00+00:00,UDR,optimised_new,daily-rescreened,BUY,8.0,BUY,15.1689,1.0,52.01,1.38,0.1,10512.047700000001,2005-08-04 21:00:00+00:00,"trailing_stop(3.5% from peak, still +3.0% from entry)",15.6201,13.9554,15168.8706,291.3448229999995,0.0297450705061013,25,0.06724943799484467,-0.03797902286915994,0.005945359542776751,0.03614397450942364,0.029749973084163717,
2005-07-10 21:00:00+00:00,LNT,optimised_new,daily-rescreened,BUY,8.0,BUY,9.7109,1.0,60.87,1.74,0.1,9458.4166,2005-08-22 00:00:00+00:00,"trailing_stop(3.6% from peak, still +1.3% from entry)",9.8358,8.934,9710.92,102.61411420000191,0.012861835669196494,42,0.05085007568814427,-0.04929512197633586,0.005794974374323747,0.04216650119911147,0.012849526402095579,
2005-07-11 19:00:00+00:00,ATO,optimised_new,daily-rescreened,BUY,8.0,BUY,21.2101,1.0,55.0,2.11,0.1,8505.250100000001,2005-08-04 22:00:00+00:00,"trailing_stop(3.1% from peak, still +0.1% from entry)",21.2388,19.5133,21210.0635,-5.513308900000073,0.0013531289338570122,24,0.033158730981937785,-0.04642128042772077,0.002162814324382145,0.004533597929697208,0.0013536406603520401,
2005-07-11 23:00:00+00:00,WRB,optimised_new,daily-rescreened,BUY,7.0,BUY,5.7401,0.9991,50.69,1.53,0.1,7663.0335,2005-07-31 22:00:00+00:00,"trailing_stop(4.1% from peak, still +1.4% from entry)",5.8183,5.2809,5740.0764,88.96653599999898,0.013623456037351236,19,0.05653211616522368,-0.0343548021811466,0.004553534378649138,-0.008672432365791405,0.01363007297503005,
2005-07-12 18:00:00+00:00,CRL,optimised_new,daily-rescreened,BUY,7.0,BUY,51.103,0.9891,53.03,1.17,0.1,6847.802000000001,2005-07-18 23:00:00+00:00,"trailing_stop(3.8% from peak, still +0.6% from entry)",51.3882,47.0147,51102.9791,24.482979200000273,0.005580885662289809,6,0.0454396023716807,-0.024910474923194394,0.0026849257348282585,0.02788784857651394,0.005585118924167576,
2005-07-12 18:00:00+00:00,DPZ,optimised_new,daily-rescreened,BUY,6.0,BUY,11.3278,0.2363,59.14,3.45,0.1,5584.6054,2005-07-13 00:00:00+00:00,regime_forced(signal=-0.01),11.6071,10.4216,11327.7783,126.38799429999959,0.024656155652465702,0,0.024656155652465702,-0.0335546178428292,0.001582381166818081,0.082888292946671,0.024657694640805472,
2005-07-13 22:00:00+00:00,EQT,optimised_new,daily-rescreened,BUY,8.0,BUY,18.0416,1.0,54.59,2.31,0.1,5592.896,2005-08-02 18:00:00+00:00,"trailing_stop(4.0% from peak, still +1.1% from entry)",18.2321,16.5982,18041.5578,47.81015300000047,0.010558930471798516,19,0.05313830258957079,-0.031748847108903716,0.003977361984537131,0.006658665839770483,0.01056318555938418,
2005-07-13 19:00:00+00:00,ESS,optimised_new,daily-rescreened,BUY,6.0,BUY,61.4655,1.0,43.28,2.26,0.1,5040.171,2005-07-24 23:00:00+00:00,"trailing_stop(3.9% from peak, still +1.2% from entry)",62.1732,56.5482,61465.4798,47.8930265999994,0.01151377602069458,11,0.052902847939087894,-0.005894363504730257,0.0025045502186540336,0.016716092931321924,0.011516654245954383,
2005-07-18 19:00:00+00:00,WM,optimised_new,daily-rescreened,BUY,8.0,BUY,20.568,1.0,61.06,3.83,0.1,5224.272,2005-07-27 18:00:00+00:00,"trailing_stop(3.7% from peak, still +0.1% from entry)",20.5891,18.9226,20568.0347,-5.094503400001103,0.0010258654220146348,8,0.039250291715285775,-0.012738234150136155,0.0049079354370067385,0.01786945501667514,0.0010204705414620374,
2005-07-18 00:00:00+00:00,DPZ,optimised_new,daily-rescreened,BUY,6.0,BUY,11.8063,0.1177,57.65,2.18,0.1,4710.7137,2005-07-18 23:00:00+00:00,regime_forced(signal=-0.34),12.3137,10.8618,11806.3,192.8287200000007,0.042977054623379085,0,0.056673132141314406,0.0,0.009811811461399644,0.14880214161673733,0.04297273251658362,
2005-07-19 20:00:00+00:00,CRL,optimised_new,daily-rescreened,BUY,8.0,BUY,52.3376,0.9361,54.93,2.67,0.1,5914.1488,2005-07-21 00:00:00+00:00,"trailing_stop(4.5% from peak, still +0.5% from entry)",52.61,48.1506,52337.6378,18.922121199999786,0.005204671211519013,1,0.0520772828712054,-0.008101250343920995,0.006771686237198482,0.05232476688196863,0.0052029311048711335,
2005-07-24 19:00:00+00:00,IEX,optimised_new,daily-rescreened,BUY,8.0,BUY,23.9905,0.9235,56.65,2.51,0.1,5829.6915,2005-08-01 20:00:00+00:00,"trailing_stop(3.2% from peak, still +1.3% from entry)",24.2967,22.0712,23990.4885,62.67281039999951,0.012763385506763113,8,0.046776849169462884,-0.020153810883474683,0.008141033817362642,0.10669263691114161,0.012763477323352923,
2005-07-28 19:00:00+00:00,DPZ,optimised_new,daily-rescreened,BUY,6.0,BUY,12.2474,0.3673,53.82,1.95,0.1,5682.7936,2005-08-11 20:00:00+00:00,"trailing_stop(3.0% from peak, still +0.1% from entry)",12.2581,11.2676,12247.4009,-6.405752000000607,0.0008736548165324829,14,0.03199862828028804,-0.04478501559514678,0.010526073807039849,0.14361957443094076,0.0008749309895259572,
2005-07-31 21:00:00+00:00,WM,optimised_new,daily-rescreened,BUY,8.0,BUY,20.7512,1.0,56.9,1.89,0.1,6474.374400000001,2005-08-07 22:00:00+00:00,"rr_stop_loss(9.2% loss, risk=8%)",18.8499,19.0911,20751.1584,-605.5611431999989,-0.09162361694745359,7,0.014900343112687486,-0.09162361694745359,0.004285119636246115,-0.06811363334440679,-0.09162345539541095,
2005-08-01 19:00:00+00:00,WRB,optimised_new,daily-rescreened,BUY,8.0,BUY,6.0327,0.9984,57.27,4.11,0.1,7052.2263,2005-08-03 18:00:00+00:00,"trailing_stop(3.5% from peak, still +0.3% from entry)",6.0523,5.5501,6032.68,8.785034999999226,0.0032489598355627857,1,0.03918643393505391,0.0,0.006957707221933118,0.031193391937219372,0.0032549801290018276,
2005-08-01 20:00:00+00:00,ESS,optimised_new,daily-rescreened,BUY,8.0,BUY,65.7735,1.0,56.0,4.23,0.1,6314.255999999999,2005-08-07 18:00:00+00:00,"rr_stop_loss(8.0% loss, risk=8%)",60.4982,60.5116,65773.495,-518.5508831999999,-0.08020403353934337,5,0.004603677772963349,-0.08020403353934337,-0.003095052950214061,-0.010673376931088274,-0.08020232581507081,
2005-08-02 21:00:00+00:00,CRL,optimised_new,daily-rescreened,BUY,8.0,BUY,50.8596,0.9466,59.28,2.01,0.1,5696.2752,2005-08-04 18:00:00+00:00,regime_forced(signal=-0.14),51.9144,46.7908,50859.5619,106.62691199999875,0.02073944741995612,1,0.02073944741995612,-0.07129824064680015,0.00045694446835375935,0.03840839484759129,0.020739049653623276,
2005-08-03 21:00:00+00:00,EQT,optimised_new,daily-rescreened,BUY,8.0,BUY,18.8315,1.0,57.45,2.79,0.1,5837.764999999999,2005-08-08 19:00:00+00:00,"rr_stop_loss(9.0% loss, risk=8%)",17.1334,17.325,18831.4799,-537.5601189999995,-0.09017337970952907,4,0.0,-0.09017337970952907,0.00019746007892651463,-0.053999922539077705,-0.09017007378406705,
2005-08-04 22:00:00+00:00,WRB,optimised_new,daily-rescreened,BUY,7.0,BUY,6.0039,0.9978,50.69,1.82,0.1,7775.050499999999,2005-09-19 00:00:00+00:00,"trailing_stop(4.2% from peak, still +0.1% from entry)",6.0126,5.5236,6003.9332,-4.29486750000033,0.0014490581122270777,45,0.04503739236163168,-0.061709888572427894,0.012098711808842477,0.024428631495591935,0.0014458052689958478,
2005-08-08 18:00:00+00:00,WM,optimised_new,daily-rescreened,BUY,7.0,BUY,20.4165,1.0,56.36,1.02,0.1,9207.8415,2005-08-18 23:00:00+00:00,"trailing_stop(3.8% from peak, still +5.0% from entry)",21.4347,18.7832,20416.4796,440.3333087999996,0.04987142752185733,10,0.0909215585433351,-0.06674503465334412,0.015228727959504695,0.05967859320814184,0.04987799619925659,
2005-08-09 20:00:00+00:00,IEX,optimised_new,daily-rescreened,BUY,8.0,BUY,24.4594,0.9181,57.97,1.99,0.1,8291.7366,2005-09-06 18:00:00+00:00,"trailing_stop(3.1% from peak, still +0.2% from entry)",24.5034,22.5026,24459.401,-1.6823891999991574,0.0017988994006394468,27,0.03390516529432447,-0.04138695143789299,0.011174006423213756,0.11610768781918068,0.001796837064925505,
2005-08-09 18:00:00+00:00,EQT,optimised_new,daily-rescreened,BUY,7.0,BUY,17.9339,1.0,52.82,3.18,0.1,7460.5024,2005-08-24 20:00:00+00:00,"trailing_stop(3.3% from peak, still +1.2% from entry)",18.1505,16.4992,17933.932,75.09448960000032,0.012077685277602734,15,0.046760604218825774,-0.044206781570099066,0.004217270330538758,0.0021570915413271496,0.012077629412151403,
2005-08-09 19:00:00+00:00,ATO,optimised_new,daily-rescreened,BUY,7.0,BUY,20.9891,1.0,54.31,1.22,0.1,6716.512000000001,2005-09-08 20:00:00+00:00,"trailing_stop(3.0% from peak, still +0.2% from entry)",21.0206,19.31,20989.1107,-3.3631039999991463,0.0015007789757541387,30,0.032883734890967256,-0.05475222853766957,0.00395289356012718,-0.005782011882388249,0.0015048535876174274,
2005-08-10 21:00:00+00:00,CRL,optimised_new,daily-rescreened,BUY,8.0,BUY,52.1073,0.7798,63.39,3.04,0.1,6044.446800000001,2005-08-14 19:00:00+00:00,regime_forced(signal=-0.00),50.7897,47.9387,52107.313,-164.77765200000016,-0.025286284263433313,3,0.01683449343949878,-0.034878030525473384,0.0071293654169724,0.01590817381980436,-0.025288224216639232,
2005-08-15 22:00:00+00:00,ESS,optimised_new,daily-rescreened,BUY,7.0,BUY,63.1384,1.0,59.84,1.09,0.1,5429.9024,2005-08-21 20:00:00+00:00,"rr_stop_loss(8.0% loss, risk=8%)",58.0771,58.0873,63138.4018,-445.6963329999997,-0.08016199333527609,5,0.014737465631058154,-0.08016199333527609,-0.00795651200697145,-0.05026554761627344,-0.08016084163422244,
2005-08-15 19:00:00+00:00,DPZ,optimised_new,daily-rescreened,BUY,6.0,BUY,12.1147,0.4143,52.48,1.61,0.1,4906.4535,2005-08-17 20:00:00+00:00,"rr_stop_loss(8.1% loss, risk=8%)",11.1339,11.1455,12114.6947,-406.63968299999965,-0.08095949548895133,2,0.01106919692604853,-0.08095949548895133,0.007058609146634032,0.03873534482287977,-0.08095773683330743,
2005-08-16 19:00:00+00:00,CRL,optimised_new,daily-rescreened,BUY,8.0,BUY,53.6206,0.6384,57.04,1.92,0.1,4396.8892000000005,2005-08-21 18:00:00+00:00,"rr_stop_loss(8.7% loss, risk=8%)",48.9554,49.3309,53620.5912,-390.95763200000073,-0.08700387537625476,4,0.0,-0.08700387537625476,0.005564863445248758,-0.020783219323908364,-0.08700499988497601,
2005-08-21 22:00:00+00:00,WM,optimised_new,daily-rescreened,BUY,6.0,BUY,20.4312,0.9997,50.99,1.11,0.1,6292.8096000000005,2005-10-04 19:00:00+00:00,"trailing_stop(3.1% from peak, still +0.2% from entry)",20.4816,18.7967,20431.169,2.9220575999993885,0.002466815458710197,43,0.03462841144915617,-0.046526880457339825,0.02006037629533619,0.012557139436206288,0.00246869751040224,
2005-08-22 19:00:00+00:00,ESS,optimised_new,daily-rescreened,BUY,7.0,BUY,62.4021,1.0,58.4,1.02,0.1,7113.8394,2005-09-06 18:00:00+00:00,"trailing_stop(4.4% from peak, still +0.3% from entry)",62.6147,57.4099,62402.1057,9.984484800001116,0.003406936625530261,14,0.04987973161159653,-0.06153639060223929,-0.001887012275196831,0.02394220063384367,0.0034109071709194083,
2005-08-22 22:00:00+00:00,LNT,optimised_new,daily-rescreened,BUY,6.0,BUY,9.6955,1.0,46.41,1.89,0.1,6408.7255,2005-08-29 19:00:00+00:00,"trailing_stop(3.1% from peak, still +1.2% from entry)",9.8122,8.9198,9695.4683,64.24411030000141,0.0120365117838174,6,0.04487648909287817,0.0,0.006926255940212123,0.03967523644328663,0.012044253157881935,
2005-08-24 00:00:00+00:00,CRL,optimised_new,daily-rescreened,BUY,8.0,BUY,51.15,0.7942,54.75,1.48,0.1,6496.05,2005-09-07 19:00:00+00:00,"rr_stop_loss(8.3% loss, risk=8%)",46.9031,47.058,51150.0,-551.8090436999994,-0.08302834799608987,14,0.021704789833822073,-0.08302834799608987,0.0058787144086260845,-0.06183615863712488,-0.08302917553866351,
2005-08-25 00:00:00+00:00,EQT,optimised_new,daily-rescreened,BUY,8.0,BUY,18.5237,1.0,58.96,1.34,0.1,5872.012900000001,2005-08-31 23:00:00+00:00,"trailing_stop(3.0% from peak, still +3.7% from entry)",19.2103,17.0418,18523.7,205.69052199999837,0.03706602892510667,6,0.06960272515750078,-0.03202923821914643,0.011123699304710577,0.06067623087460472,0.03706698900287164,
2005-08-29 21:00:00+00:00,LNT,optimised_new,daily-rescreened,BUY,6.0,BUY,9.9361,1.0,49.07,1.67,0.1,5892.1073,2005-09-05 18:00:00+00:00,"trailing_stop(3.3% from peak, still +0.4% from entry)",9.9722,9.1412,9936.1212,9.601678100001799,0.003633216251849431,6,0.0377009088072786,-0.02161813991405082,0.010106023284378818,0.05661919519258429,0.003626280351409328,
2005-09-05 21:00:00+00:00,EQT,optimised_new,daily-rescreened,BUY,8.0,BUY,19.473,1.0,58.72,2.68,0.1,5841.9,2005-09-12 19:00:00+00:00,"trailing_stop(3.7% from peak, still +0.1% from entry)",19.4907,17.9151,19472.9617,-6.379109999999504,0.0009089508550301125,6,0.039624094900631616,-0.007333230627021907,0.014000915740214559,0.07615418757198444,0.000908126956358446,
2005-09-05 23:00:00+00:00,LNT,optimised_new,daily-rescreened,BUY,8.0,BUY,10.0745,1.0,52.98,1.56,0.1,5268.9635,2005-10-10 20:00:00+00:00,"rr_stop_loss(8.1% loss, risk=8%)",9.2537,9.2685,10074.5029,-439.3870485999999,-0.08147302595662317,34,0.017340810958360178,-0.08147302595662317,0.0042412108863594256,-0.0194997302732568,-0.08146653479973176,
2005-09-06 21:00:00+00:00,IEX,optimised_new,daily-rescreened,BUY,6.0,BUY,24.3954,0.9388,45.12,1.91,0.1,6269.6178,2005-09-13 00:00:00+00:00,"trailing_stop(3.1% from peak, still +3.7% from entry)",25.3005,22.4438,24395.3965,219.83885370000064,0.03710125679431372,6,0.07070595276158627,-0.014351066184608477,0.014240436372018106,0.15241190721431663,0.0370999550733806,
2005-09-07 21:00:00+00:00,ESS,optimised_new,daily-rescreened,BUY,6.0,BUY,63.184,1.0,50.42,1.08,0.1,6255.215999999999,2005-10-06 21:00:00+00:00,"rr_stop_loss(8.7% loss, risk=8%)",57.6595,58.1293,63183.9728,-558.8890065,-0.08743511015446943,29,0.0299063053937706,-0.08743511015446943,-0.006784409787337631,-0.057093383627802474,-0.08743853288872527,
2005-09-08 23:00:00+00:00,ATO,optimised_new,daily-rescreened,BUY,7.0,BUY,21.1693,1.0,50.02,3.57,0.1,6287.2821,2005-10-10 19:00:00+00:00,"rr_stop_loss(8.9% loss, risk=8%)",19.2906,19.4757,21169.2845,-569.9904902999996,-0.08874643941934776,31,0.013585711383938118,-0.08874643941934776,-0.001543324077330821,-0.0876067072436918,-0.08874595637919269,
2005-09-11 22:00:00+00:00,DPZ,optimised_new,daily-rescreened,BUY,6.0,BUY,11.6614,0.4364,53.5,1.34,0.1,5667.4404,2005-09-13 18:00:00+00:00,regime_forced(signal=-0.10),10.805,10.7285,11661.4003,-427.12907040000067,-0.07343886668839082,1,0.0,-0.07343886668839082,0.0009707740750581895,0.008053814112940705,-0.07343582372318114,
2005-09-12 22:00:00+00:00,EQT,optimised_new,daily-rescreened,BUY,6.0,BUY,19.7673,1.0,51.28,1.15,0.1,5692.9824,2005-10-04 18:00:00+00:00,"trailing_stop(3.8% from peak, still +0.4% from entry)",19.8555,18.1859,19767.2573,13.990233600000357,0.0044619143737384724,21,0.043759137565575576,-0.0297865667035963,0.016397781214544604,0.09629578234307545,0.004462672183000782,
2005-09-13 20:00:00+00:00,IEX,optimised_new,daily-rescreened,BUY,8.0,BUY,25.7349,0.9234,59.91,3.95,0.1,6279.3156,2005-09-22 19:00:00+00:00,"rr_stop_loss(8.5% loss, risk=8%)",23.5496,23.6761,25734.8888,-545.2386179999996,-0.08491581471076236,8,0.0,-0.08491581471076236,0.009319174164401423,0.07265768701504305,-0.08491710698001742,
2005-09-19 22:00:00+00:00,WRB,optimised_new,daily-rescreened,BUY,7.0,BUY,5.9145,0.9987,47.05,1.26,0.1,6446.805,2005-09-21 23:00:00+00:00,"trailing_stop(3.5% from peak, still +0.4% from entry)",5.9382,5.4414,5914.5334,12.91355699999944,0.004007101191985769,2,0.040696593118606725,-0.007473159185053684,0.016569403596645937,0.011752726591733431,0.004003482626466104,
2005-09-25 20:00:00+00:00,IEX,optimised_new,daily-rescreened,BUY,8.0,BUY,24.8686,0.9196,60.49,3.95,0.1,7560.0544,2005-10-20 00:00:00+00:00,"rr_stop_loss(8.2% loss, risk=8%)",22.8174,22.8791,24868.6361,-638.0613439999998,-0.08248152288427983,24,0.0,-0.08248152288427983,0.004216587280804651,0.039305884974261796,-0.08248089879890363,
2005-09-25 23:00:00+00:00,WRB,optimised_new,daily-rescreened,BUY,6.0,BUY,6.057,0.9981,47.53,1.26,0.1,6814.125,2005-09-29 22:00:00+00:00,"trailing_stop(3.9% from peak, still +1.1% from entry)",6.1215,5.5724,6056.996,58.86168749999967,0.010648836057454147,3,0.051444609542677794,-0.01731880468878994,0.02036157046059084,0.042987015327211164,0.010653680715488889,
2005-10-05 20:00:00+00:00,EQT,optimised_new,daily-rescreened,BUY,8.0,BUY,20.0215,1.0,53.71,9.62,0.1,7888.471,2005-10-12 22:00:00+00:00,"rr_stop_loss(8.1% loss, risk=8%)",18.3988,18.4198,20021.498,-654.4813981999994,-0.08104787353594876,7,0.014789101715655627,-0.08104787353594876,0.015519919122555015,0.015868710429908006,-0.08104801430551845,
2005-10-09 21:00:00+00:00,WRB,optimised_new,daily-rescreened,BUY,6.0,BUY,6.0157,0.9938,47.45,1.17,0.1,7676.0332,2005-10-20 23:00:00+00:00,signal,6.0179,5.5344,6015.6999,-12.547673599999705,0.00036570972621643397,11,0.029655734162275363,-0.03662084212976045,0.019847633591303815,0.02532640239401407,0.00036193359757286103,
2005-10-16 21:00:00+00:00,EQT,optimised_new,daily-rescreened,BUY,8.0,BUY,19.8135,1.0,58.94,1.6,0.1,9292.531500000001,2005-10-18 18:00:00+00:00,"rr_stop_loss(8.1% loss, risk=8%)",18.2116,18.2284,19813.4942,-769.1248719000002,-0.08084891614303381,1,0.0,-0.08084891614303381,0.014898561077649974,0.005534290817970078,-0.08084536661416797,
2005-10-20 21:00:00+00:00,CPT,optimised_new,daily-rescreened,BUY,6.0,BUY,35.437,0.5523,61.72,1.47,0.1,10666.536999999998,2005-10-25 22:00:00+00:00,"trailing_stop(3.7% from peak, still +0.6% from entry)",35.6399,32.602,35437.0052,39.67875310000188,0.005725653977481154,5,0.044842960747241645,-0.026494906453706488,0.003457845285474548,0.020137772016146194,0.0057280550405875985,
2005-10-23 19:00:00+00:00,WM,optimised_new,daily-rescreened,BUY,8.0,BUY,20.3148,0.9964,64.42,1.23,0.1,9629.2152,2005-10-31 00:00:00+00:00,"trailing_stop(3.1% from peak, still +4.8% from entry)",21.2916,18.6896,20314.7818,443.28176640000004,0.04808317089018829,7,0.08174335952113723,-0.03855809557563946,0.02855599237493145,0.05259665219934084,0.04808142415154082,
2005-10-23 20:00:00+00:00,GPN,optimised_new,daily-rescreened,BUY,6.0,BUY,21.0304,0.0127,56.45,1.39,0.1,8664.5248,2005-10-30 19:00:00+00:00,regime_forced(signal=-0.03),21.7323,19.348,21030.3971,271.564567599999,0.03337549452221538,6,0.03337549452221538,-0.04710799604382229,0.0013790700660716304,0.38089621685663966,0.03337671650624552,
2005-10-24 00:00:00+00:00,MTD,optimised_new,daily-rescreened,BUY,6.0,BUY,51.62,0.9793,50.75,1.8,0.1,7794.62,2005-11-10 00:00:00+00:00,"trailing_stop(3.1% from peak, still +8.5% from entry)",56.0,47.4904,51620.0,645.12938,0.08485083301046112,17,0.11968229368461845,-0.027152266563347443,0.013318222645381628,0.18104801080854926,0.08484850924005771,
2005-10-26 18:00:00+00:00,ACGL,optimised_new,daily-rescreened,BUY,8.0,BUY,5.5284,0.6973,58.97,1.59,0.1,8093.5776000000005,2005-11-03 00:00:00+00:00,"trailing_stop(4.9% from peak, still +4.0% from entry)",5.75,5.0861,5528.382,307.9108223999998,0.040083930251067136,7,0.09328196223138698,-0.042218363360104275,0.009664513155575927,0.20678103321584018,0.04008590049070415,
2005-10-26 22:00:00+00:00,CPT,optimised_new,daily-rescreened,BUY,7.0,BUY,35.3202,0.8637,50.45,1.3,0.1,7275.9612,2005-11-07 22:00:00+00:00,"trailing_stop(3.9% from peak, still +0.0% from entry)",35.3314,32.4946,35320.2022,-12.247029599999241,0.0003170989971744871,12,0.04123702583790574,-0.05666728953969683,0.00497818593439181,0.011312402066773863,0.000322480850755813,
2005-10-31 23:00:00+00:00,TAP,optimised_new,daily-rescreened,BUY,8.0,BUY,22.2039,0.9997,64.04,2.77,0.1,7638.1416,2005-11-03 21:00:00+00:00,"trailing_stop(3.4% from peak, still +0.6% from entry)",22.327,20.4276,22203.8853,27.027770400001298,0.0055440710866109496,2,0.04106035426208908,-0.006922207359968321,0.0005106321653989276,0.010724123460059909,0.005546243320710298,
2005-11-01 22:00:00+00:00,WM,optimised_new,daily-rescreened,BUY,6.0,BUY,21.7867,0.0711,56.95,1.57,0.1,6862.8105,2005-11-02 21:00:00+00:00,regime_forced(signal=-0.21),21.9193,20.0437,21786.6787,28.00161000000005,0.006086281997732564,0,0.028274130547535865,-0.031005154520877397,0.02427203812146006,0.08362730878307412,0.006086449360105828,
2005-11-06 18:00:00+00:00,IEX,optimised_new,daily-rescreened,BUY,8.0,BUY,23.5279,0.9849,57.18,1.55,0.1,9152.3531,2005-12-05 22:00:00+00:00,"trailing_stop(5.0% from peak, still +1.8% from entry)",23.9492,21.6457,23527.9373,145.41710810000066,0.017906400486231336,29,0.07204212870676943,-0.025191368545429072,0.010916317703784317,0.09085755241915905,0.0179033590265405,
2005-11-06 18:00:00+00:00,ACGL,optimised_new,daily-rescreened,BUY,6.0,BUY,5.6904,0.807,48.48,1.95,0.1,8256.770400000001,2005-11-13 21:00:00+00:00,"trailing_stop(4.4% from peak, still +5.5% from entry)",6.0053,5.2352,5690.3964,439.9494392999998,0.05533881625193303,7,0.10449177562210034,-0.006660340222128583,0.017869466748281493,0.2603613282799784,0.05533890101826011,
2005-11-08 20:00:00+00:00,CPT,optimised_new,daily-rescreened,BUY,8.0,BUY,35.8714,0.8552,52.22,1.52,0.1,8142.8078000000005,2005-11-15 19:00:00+00:00,"trailing_stop(3.2% from peak, still +1.3% from entry)",36.3365,33.0017,35871.3746,89.18650670000069,0.012965761024102756,6,0.0459781329973181,-0.01567265286551415,0.009013804753243315,0.04008172956678058,0.012967237902356876,
2005-11-10 19:00:00+00:00,UDR,optimised_new,daily-rescreened,BUY,8.0,BUY,13.7813,0.8414,57.62,2.47,0.1,8186.0922,2005-11-21 18:00:00+00:00,"trailing_stop(3.8% from peak, still +0.4% from entry)",13.834,12.6788,13781.293,14.900311799998764,0.0038240224071749217,10,0.04326152104663563,-0.03162981721608268,-0.006661716558464703,-0.08233907656861794,0.003821217596391646,
2005-11-10 18:00:00+00:00,WST,optimised_new,daily-rescreened,BUY,6.0,BUY,12.0284,0.093,54.39,1.62,0.1,7361.3808,2005-11-11 00:00:00+00:00,regime_forced(signal=-0.01),11.4781,11.0661,12028.4107,-351.169578,-0.04575005819560374,0,0.009078514183100106,-0.04575005819560374,0.0015826749000080742,-0.11136557720135232,-0.04575087888059104,
2005-11-13 20:00:00+00:00,MTD,optimised_new,daily-rescreened,BUY,8.0,BUY,57.2981,0.3448,56.81,5.04,0.1,8193.6283,2005-11-16 19:00:00+00:00,regime_forced(signal=-0.10),57.0384,52.7142,57298.0638,-53.487219500000265,-0.004532436503130037,2,0.008003755796440094,-0.04348486249980363,0.013093581694723966,0.20294794611902067,-0.0045315545987315575,
2005-11-14 00:00:00+00:00,ACGL,optimised_new,daily-rescreened,BUY,8.0,BUY,6.2557,0.7413,61.81,3.6,0.1,7387.9817,2005-11-20 19:00:00+00:00,regime_forced(signal=-0.03),5.9244,5.7552,6255.7,-405.6499981,-0.05295970075291329,6,0.052735904854772496,-0.07364483590965042,0.024400057129952746,0.24337189709217077,-0.0529657726823588,
2005-11-14 21:00:00+00:00,TAP,optimised_new,daily-rescreened,BUY,8.0,BUY,23.9852,0.9995,55.38,2.02,0.1,5972.3148,2006-01-16 22:00:00+00:00,"trailing_stop(3.6% from peak, still +0.2% from entry)",24.0347,22.0664,23985.1697,0.36854490000069173,0.0020637726598069592,63,0.03957440421593321,-0.04146723813018021,0.003242434923721893,0.08803007227963078,0.002063542749570546,
2005-11-17 20:00:00+00:00,WST,optimised_new,daily-rescreened,BUY,6.0,BUY,12.0557,0.0789,55.36,1.55,0.1,7028.4731,2005-11-22 18:00:00+00:00,regime_forced(signal=-0.06),11.1354,11.0913,12055.7147,-550.0553112999986,-0.07633733420705552,4,0.012093864313146435,-0.07633733420705552,-0.0006062144681909798,-0.13789851857413016,-0.07633783597400523,
2005-11-20 21:00:00+00:00,ACGL,optimised_new,daily-rescreened,BUY,7.0,BUY,6.0347,0.6874,50.08,1.54,0.1,7024.3908,2005-11-22 00:00:00+00:00,regime_forced(signal=-0.28),6.0533,5.5519,6034.7148,7.579968000000227,0.003082174755994527,1,0.019271877640976327,-0.03252854325815698,0.024068352195428133,0.2704335428354192,0.0030813910106024522,
2005-11-22 00:00:00+00:00,TTWO,optimised_new,daily-rescreened,BUY,6.0,BUY,19.08,0.3992,58.4,2.06,0.1,7498.44,2005-11-22 22:00:00+00:00,"trailing_stop(4.6% from peak, still +11.7% from entry)",21.3194,17.5536,19080.0,864.2072358000026,0.11736897274633143,0,0.17091194968553475,0.0,0.014956276828547832,-0.15088627544910194,0.11736635688814623,
2005-11-22 20:00:00+00:00,ACGL,optimised_new,daily-rescreened,BUY,6.0,BUY,6.2011,0.6132,55.8,1.63,0.1,6746.7968,2005-11-27 18:00:00+00:00,regime_forced(signal=-0.21),5.887,5.705,6201.1139,-354.8926528000001,-0.050652303623550776,4,0.03763848349486375,-0.050652303623550776,0.024033078779470696,0.2355248838143782,-0.05065889678531088,
2005-11-27 22:00:00+00:00,UDR,optimised_new,daily-rescreened,BUY,8.0,BUY,14.4015,0.9223,54.88,1.45,0.1,8295.264000000001,2005-12-15 18:00:00+00:00,"trailing_stop(3.2% from peak, still +0.1% from entry)",14.413,13.2494,14401.5214,-9.973152000000168,0.0007985279311182754,17,0.033642328924070326,-0.051175224802971916,-0.0043659906103196144,-0.04392542662900489,0.0008011869872766031,
2005-11-27 23:00:00+00:00,WM,optimised_new,daily-rescreened,BUY,8.0,BUY,22.1429,0.7392,53.1,2.16,0.1,7462.157300000001,2005-12-15 00:00:00+00:00,"trailing_stop(3.1% from peak, still +0.3% from entry)",22.2038,20.3715,22142.9108,5.57846210000065,0.002750317257450477,17,0.03471541667983864,-0.05052183769966899,0.029580373652349223,0.097692796252832,0.002747632597336791,
2005-11-27 18:00:00+00:00,TTWO,optimised_new,daily-rescreened,BUY,6.0,BUY,20.1008,0.368,52.74,1.41,0.1,6713.6672,2005-11-27 23:00:00+00:00,"rr_stop_loss(8.5% loss, risk=8%)",18.3823,18.4928,20100.8189,-586.8323554000002,-0.08549410968717658,0,0.0,-0.08549410968717658,0.011797128400409251,-0.2678628026135741,-0.08549310974077295,
2005-11-29 22:00:00+00:00,EXPE,optimised_new,daily-rescreened,BUY,8.0,BUY,22.4949,0.9962,60.46,3.9,0.1,6658.490400000001,2005-12-07 00:00:00+00:00,"trailing_stop(5.3% from peak, still +0.7% from entry)",22.646,20.6953,22494.8704,31.363893599999873,0.0067170780932566745,7,0.06293426510008925,-0.0563727778296414,0.008588600763472787,0.0868274172186636,0.00672052973932602,
2005-11-29 21:00:00+00:00,ACGL,optimised_new,daily-rescreened,BUY,6.0,BUY,6.0031,0.5346,52.59,1.96,0.1,5997.0969,2005-12-08 21:00:00+00:00,"trailing_stop(3.1% from peak, still +0.6% from entry)",6.0369,5.5228,6003.0949,21.73824000000022,0.005630424280788305,9,0.03744731888524264,-0.043960620346154416,0.02851747768821622,0.26699887733296035,0.005638326300777985,
2005-11-30 22:00:00+00:00,VLO,optimised_new,daily-rescreened,BUY,8.0,BUY,33.2929,0.5547,57.22,1.3,0.1,5393.4498,2005-12-08 19:00:00+00:00,"trailing_stop(6.5% from peak, still +3.8% from entry)",34.5513,30.6295,33292.9408,192.87003959999842,0.03779784879058281,7,0.1096930576789644,-0.048466790216532704,0.008662425481174463,0.21318788106452802,0.03779360190871328,
2005-11-30 21:00:00+00:00,TTWO,optimised_new,daily-rescreened,BUY,6.0,BUY,19.7741,0.3377,54.86,1.88,0.1,4844.654500000001,2005-12-06 20:00:00+00:00,regime_forced(signal=-0.01),18.504,18.1922,19774.1035,-320.5526345000001,-0.06423048330897484,5,0.0,-0.0783701913108562,0.014934945184239767,-0.2630161981080571,-0.06422909582476621,
2005-12-07 19:00:00+00:00,TTWO,optimised_new,daily-rescreened,BUY,6.0,BUY,20.2606,0.3636,61.85,2.03,0.1,6422.6102,2005-12-11 18:00:00+00:00,"rr_stop_loss(8.1% loss, risk=8%)",18.6104,18.6397,20260.558,-535.4355070000008,-0.08144872313751822,3,0.0,-0.08144872313751822,0.014172943572865027,-0.25878113674855363,-0.08144748167432292,
2005-12-07 21:00:00+00:00,EXPE,optimised_new,daily-rescreened,BUY,6.0,BUY,22.3985,0.403,49.66,1.06,0.1,5778.812999999999,2005-12-08 23:00:00+00:00,regime_forced(signal=-0.01),22.4761,20.6066,22398.5108,8.44315320000068,0.003464517713239741,1,0.014050047994285421,-0.019992410206040465,0.009824937146312607,0.07867557973104966,0.0034665183351878515,
2005-12-08 20:00:00+00:00,MTD,optimised_new,daily-rescreened,BUY,7.0,BUY,58.0069,0.9519,54.3,1.17,0.1,6902.8211,2006-01-30 18:00:00+00:00,"trailing_stop(3.1% from peak, still +0.7% from entry)",58.4203,53.3663,58006.8622,35.33976320000009,0.007126738370779955,52,0.039626320317065734,-0.07345677841774001,0.016996191854749654,0.232086919510623,0.0071265168620566754,
2005-12-08 20:00:00+00:00,IEX,optimised_new,daily-rescreened,BUY,6.0,BUY,24.1148,0.9816,50.59,1.2,0.1,6245.7332,2006-01-05 18:00:00+00:00,"trailing_stop(3.0% from peak, still +0.0% from entry)",24.1197,22.1857,24114.8467,-11.223635499999187,0.00020319471859616463,27,0.03161958631214038,-0.06874616418133256,0.013250236237577262,0.09862642363110896,0.00020287043833033813,
2005-12-11 22:00:00+00:00,ACGL,optimised_new,daily-rescreened,BUY,8.0,BUY,5.9551,0.8887,51.96,1.21,0.1,6229.0346,2005-12-14 21:00:00+00:00,"trailing_stop(3.1% from peak, still +0.8% from entry)",6.0025,5.4787,5955.0716,37.072750399999656,0.0079595640711324,2,0.039814612684925504,-0.00406374368188604,0.03301350885044707,0.2597670908389649,0.007962476890560621,
2005-12-12 21:00:00+00:00,TTWO,optimised_new,daily-rescreened,BUY,6.0,BUY,19.5049,0.4469,54.93,1.22,0.1,5597.9063,2005-12-14 23:00:00+00:00,"rr_stop_loss(9.0% loss, risk=8%)",17.7572,17.9445,19504.9304,-512.2841226999994,-0.08960312536849706,2,0.009818045721844323,-0.08960312536849706,0.008868749824315403,-0.2927650446886991,-0.08960752944848616,
2005-12-15 20:00:00+00:00,UDR,optimised_new,daily-rescreened,BUY,8.0,BUY,14.7083,0.8097,56.52,3.69,0.1,7751.2741,2006-01-17 19:00:00+00:00,"trailing_stop(3.5% from peak, still +2.6% from entry)",15.086,13.5317,14708.321,183.3463039000008,0.025679378310205857,32,0.0630392363495442,-0.036795550811446594,0.0017534510596082242,0.000715620034657416,0.025679528391368667,
2005-12-15 21:00:00+00:00,WM,optimised_new,daily-rescreened,BUY,7.0,BUY,21.9689,0.9581,50.28,1.74,0.1,6964.1413,2005-12-19 20:00:00+00:00,"trailing_stop(3.1% from peak, still +0.2% from entry)",22.0183,20.2114,21968.8794,1.7158575999991905,0.002248633295249127,3,0.03452608004952446,-0.009044603962874896,0.029949902749741852,0.08852163024784998,0.0022491806147297844,
2005-12-15 22:00:00+00:00,ACGL,optimised_new,daily-rescreened,BUY,7.0,BUY,5.9966,0.8454,50.36,2.34,0.1,6284.4367999999995,2005-12-28 19:00:00+00:00,"trailing_stop(3.2% from peak, still +0.2% from entry)",6.0104,5.5169,5996.6075,1.8790640000002927,0.0023013040723076097,12,0.035603508654904414,-0.04379148183970916,0.03580937780957183,0.2614271665628649,0.002298408101852667,
2005-12-15 00:00:00+00:00,VLO,optimised_new,daily-rescreened,BUY,6.0,BUY,35.4069,0.5708,49.35,1.93,0.1,5629.6971,2006-01-08 19:00:00+00:00,"trailing_stop(3.6% from peak, still +1.5% from entry)",35.9319,32.5743,35406.9,72.13213079999984,0.014827618345576669,24,0.05280609146804724,-0.07869370094529589,0.01836234179298568,0.26166336181765204,0.014826120455261993,
2005-12-15 18:00:00+00:00,DPZ,optimised_new,daily-rescreened,BUY,6.0,BUY,12.0693,0.3946,50.94,1.96,0.1,5093.2446,2006-01-05 22:00:00+00:00,"trailing_stop(3.0% from peak, still +0.2% from entry)",12.0904,11.1037,12069.2562,-1.291193399999722,0.001748237263138754,21,0.03281051925132353,-0.04782381745420194,0.002744492882057692,0.12797442784543933,0.0017550346408070627,
2005-12-19 22:00:00+00:00,WM,optimised_new,daily-rescreened,BUY,8.0,BUY,22.1892,0.9675,51.31,2.48,0.1,5281.0296,2006-01-10 22:00:00+00:00,"trailing_stop(3.0% from peak, still +2.0% from entry)",22.6386,20.4141,22189.2269,96.28818359999947,0.020253096100805827,22,0.0521650172155823,-0.026156869107493777,0.0349677341009047,0.11918722838760054,0.02024994139293601,
2005-12-29 00:00:00+00:00,ACGL,optimised_new,daily-rescreened,BUY,8.0,BUY,6.0967,0.86,55.02,1.95,0.1,5389.4828,2006-01-30 20:00:00+00:00,"trailing_stop(3.0% from peak, still +0.0% from entry)",6.0974,5.609,6096.7,-10.160784399999788,0.00011481621204916511,32,0.031295618941394425,-0.0488132924368921,0.03799155649898611,0.27969228207040997,0.00012324483327930125,
2006-01-04 19:00:00+00:00,TTWO,optimised_new,daily-rescreened,BUY,6.0,BUY,18.4879,0.397,62.35,3.81,0.1,4843.8297999999995,2006-01-09 21:00:00+00:00,"trailing_stop(3.2% from peak, still +0.2% from entry)",18.5256,17.0089,18487.888,0.17986300000039002,0.0020391715662677187,5,0.035325807690435286,-0.011191103370312528,0.014529146803084814,-0.26215831834642245,0.002040871622406293,
2006-01-06 00:00:00+00:00,DPZ,optimised_new,daily-rescreened,BUY,6.0,BUY,12.2393,0.4538,56.87,3.12,0.1,5495.4457,2006-01-25 19:00:00+00:00,"trailing_stop(3.3% from peak, still +0.0% from entry)",12.2412,11.2602,12239.3,-10.138644499999483,0.00015523763613925018,19,0.03414410954874866,-0.07523306071425652,0.005121892282285323,0.1420391104659433,0.00015375605728795705,
2006-01-08 20:00:00+00:00,IEX,optimised_new,daily-rescreened,BUY,8.0,BUY,24.1785,0.9925,55.79,1.86,0.1,5512.698,2006-01-29 23:00:00+00:00,"trailing_stop(3.5% from peak, still +6.3% from entry)",25.6989,22.2442,24178.4872,335.27915280000025,0.06288231279856064,21,0.10140827594763951,-0.056285542941042696,0.023155006363503317,0.17056247601570718,0.06288829713642374,
2006-01-08 21:00:00+00:00,VLO,optimised_new,daily-rescreened,BUY,8.0,BUY,36.9891,0.7059,56.67,1.85,0.1,4956.5394,2006-01-10 21:00:00+00:00,"trailing_stop(4.2% from peak, still +0.8% from entry)",37.2919,34.0299,36989.0701,30.62154599999951,0.008186195392696705,2,0.05271282621096475,-0.008699860229094603,0.024044123885351265,0.30941419284400085,0.00818410947386794,
2006-01-10 00:00:00+00:00,TTWO,optimised_new,daily-rescreened,BUY,6.0,BUY,18.75,0.4591,53.27,2.44,0.1,6000.0,2006-01-12 00:00:00+00:00,"trailing_stop(3.2% from peak, still +0.8% from entry)",18.9,17.25,18750.0,35.952000000000226,0.007999999999999924,2,0.04094933333333339,0.0,0.01976922460434216,-0.24724823046389344,0.007999688438050656,
2006-01-11 00:00:00+00:00,VLO,optimised_new,daily-rescreened,BUY,8.0,BUY,37.731,0.7988,54.28,1.42,0.1,5395.533,2006-01-17 21:00:00+00:00,"trailing_stop(3.6% from peak, still +4.5% from entry)",39.4376,34.7125,37731.0,233.00869020000016,0.04523071214651087,6,0.08422517293472213,-0.02274787310169356,0.031823869260552584,0.3847566849328843,0.045232273117646216,
2006-01-11 20:00:00+00:00,WM,optimised_new,daily-rescreened,BUY,8.0,BUY,23.1187,0.9867,60.56,2.98,0.1,4854.927,2006-01-31 20:00:00+00:00,regime_forced(signal=-0.04),22.7972,21.2692,23118.7141,-77.1573389999991,-0.013906491281949259,20,0.011436629222231286,-0.03644668601608226,0.03726301957052902,0.127031912009399,-0.013905132778937346,
2006-01-17 00:00:00+00:00,CPT,optimised_new,daily-rescreened,BUY,8.0,BUY,39.5538,0.9513,53.91,2.17,0.1,7712.991000000001,2006-01-24 18:00:00+00:00,"trailing_stop(3.0% from peak, still +0.3% from entry)",39.66,36.3895,39553.8,5.26230900000006,0.002684950624212947,7,0.03382228761838292,-0.016531913495037142,0.01521575792330343,0.1352029703865827,0.0026811339637218268,
2006-01-18 18:00:00+00:00,VLO,optimised_new,daily-rescreened,BUY,8.0,BUY,39.8105,0.8097,55.38,1.54,0.1,6927.026999999999,2006-01-23 23:00:00+00:00,"trailing_stop(3.7% from peak, still +2.3% from entry)",40.7147,36.6257,39810.4906,143.31941520000026,0.022712600946986426,5,0.06170985041634758,-0.04785420931663751,0.03623296882808247,0.4295992369085464,0.022713823681069112,
2006-01-24 21:00:00+00:00,CPT,optimised_new,daily-rescreened,BUY,8.0,BUY,40.1028,0.9407,52.93,2.11,0.1,6536.7564,2006-01-29 22:00:00+00:00,"trailing_stop(3.2% from peak, still +0.6% from entry)",40.3466,36.8946,40102.8363,26.62614780000041,0.006079376003670573,5,0.03935884776125345,-0.00455080443260831,0.01749831403332558,0.15485231909126473,0.006074771672942569,
2006-01-25 21:00:00+00:00,VLO,optimised_new,daily-rescreened,BUY,6.0,BUY,39.5149,0.7776,50.16,2.03,0.1,6954.622399999999,2006-01-31 20:00:00+00:00,"trailing_stop(3.6% from peak, still +3.3% from entry)",40.8009,36.3537,39514.9124,212.2004192,0.032544685675530025,5,0.071147845496256,-0.03649509425558451,0.04291713937953845,0.43262493769450217,0.03254230140654557,
2006-01-25 22:00:00+00:00,DPZ,optimised_new,daily-rescreened,BUY,6.0,BUY,12.102,0.3969,51.47,2.25,0.1,6256.734,2006-01-30 00:00:00+00:00,"trailing_stop(3.5% from peak, still +0.3% from entry)",12.1393,11.1338,12101.9953,6.751347900000433,0.0030821351842670723,4,0.03954718228392003,-0.005610642868947269,0.002527970702169924,0.13253563447215777,0.0030845175506637457,
2006-01-30 23:00:00+00:00,CPT,optimised_new,daily-rescreened,BUY,8.0,BUY,41.3292,0.9453,57.01,1.25,0.1,8720.4612,2006-02-03 00:00:00+00:00,"trailing_stop(3.2% from peak, still +0.1% from entry)",41.3512,38.0229,41329.2403,-12.803564400000552,0.0005323112956456564,3,0.03325735799386385,-0.007285405959950789,0.020211375747736904,0.18360625870915315,0.000529846715084048,
2006-01-31 19:00:00+00:00,MTD,optimised_new,daily-rescreened,BUY,8.0,BUY,59.2037,0.9717,54.8,2.21,0.1,9058.1661,2006-02-05 23:00:00+00:00,regime_forced(signal=-0.10),59.2814,54.4674,59203.7046,-6.240120299999383,0.0013124179738766345,5,0.013281264515562444,-0.02899649852965264,0.016470363022123458,0.2502448977855143,0.0013108880898888842,
2006-01-31 20:00:00+00:00,ACGL,optimised_new,daily-rescreened,BUY,8.0,BUY,6.1391,0.8949,57.54,1.71,0.1,8158.8639,2006-02-12 23:00:00+00:00,regime_forced(signal=-0.01),5.8972,5.648,6139.1464,-337.4813426999998,-0.0394031698457429,12,0.009789708589206931,-0.05807040119887273,0.03707204470179093,0.23766730344277476,-0.03941253938491629,
2006-02-01 19:00:00+00:00,IEX,optimised_new,daily-rescreened,BUY,8.0,BUY,26.1834,0.3514,57.37,1.69,0.1,7331.352,2006-02-05 21:00:00+00:00,regime_forced(signal=-0.03),24.9831,24.0888,26183.4279,-350.4106199999986,-0.045842022044501426,4,0.02142196964488952,-0.045842022044501426,0.021283855393533724,0.13796043489243637,-0.04584168799856436,
2006-02-01 19:00:00+00:00,VLO,optimised_new,daily-rescreened,BUY,8.0,BUY,41.2106,0.4864,54.29,1.26,0.1,6593.696,2006-02-02 22:00:00+00:00,regime_forced(signal=-0.01),38.607,37.9137,41210.5869,-429.34681600000033,-0.06317792024382077,1,0.0,-0.07414111903248191,0.04085047929054686,0.35559296216793257,-0.0631776665539161,
2006-02-02 23:00:00+00:00,ES,optimised_new,daily-rescreened,BUY,8.0,BUY,13.6477,0.75,54.21,2.08,0.1,6564.5437,2006-05-02 22:00:00+00:00,"trailing_stop(3.0% from peak, still +0.8% from entry)",13.7575,12.5558,13647.6609,39.63189879999965,0.008045311664236457,88,0.03972097862643519,-0.043809579636129234,0.0034435386516891153,-0.025364095128877495,0.008058180174557839,
2006-02-02 23:00:00+00:00,TYL,optimised_new,daily-rescreened,BUY,6.0,BUY,9.4389,0.2446,58.03,1.95,0.1,5908.7514,2006-02-06 19:00:00+00:00,regime_forced(signal=-0.19),9.1053,8.6838,9438.9238,-220.44226920000048,-0.035343101420716456,3,0.008072974605091699,-0.035343101420716456,0.002612470307462589,0.1984909423318142,-0.03534308460410218,
2006-02-05 19:00:00+00:00,CNC,optimised_new,daily-rescreened,BUY,8.0,BUY,6.9416,0.8399,62.33,1.86,0.1,8427.1024,2006-02-05 22:00:00+00:00,"rr_stop_loss(9.5% loss, risk=8%)",6.2828,6.3863,6941.643,-815.8376215999997,-0.09490607352771699,0,0.0,-0.09490607352771699,-0.003316939571999411,-0.3054616489697063,-0.09491716259337657,
2006-02-05 22:00:00+00:00,RSG,optimised_new,daily-rescreened,BUY,8.0,BUY,19.2115,0.9999,57.92,2.01,0.1,7588.5425000000005,2006-02-12 19:00:00+00:00,"trailing_stop(3.1% from peak, still +0.7% from entry)",19.3521,17.6746,19211.5326,40.3043780000004,0.0073185331702365335,6,0.039934414283111626,0.0,0.0026823634860215773,0.04426876455698214,0.007319640760807378,
2006-02-06 22:00:00+00:00,CRL,optimised_new,daily-rescreened,BUY,6.0,BUY,46.4032,0.1838,57.64,1.23,0.1,8120.5599999999995,2006-02-07 22:00:00+00:00,regime_forced(signal=-0.32),45.36,42.6909,46403.1528,-198.6185599999996,-0.022481208192538422,1,0.0,-0.03308823529411756,0.0068633963547815036,-0.09269606495984883,-0.022480940318833964,
2006-02-07 00:00:00+00:00,CNC,optimised_new,daily-rescreened,BUY,8.0,BUY,6.5975,0.6943,54.47,1.79,0.1,8141.3150000000005,2006-02-14 23:00:00+00:00,"trailing_stop(5.5% from peak, still +0.6% from entry)",6.6403,6.0697,6597.5,36.47975480000135,0.006487305797650584,7,0.06458507010231147,-0.056960970064418324,0.0019849983025412854,-0.26594296313075505,0.0064816432130052615,
2006-02-07 23:00:00+00:00,TYL,optimised_new,daily-rescreened,BUY,6.0,BUY,9.6492,0.4224,58.12,2.08,0.1,7323.7428,2006-02-12 23:00:00+00:00,"trailing_stop(5.0% from peak, still +1.0% from entry)",9.7488,8.8773,9649.2179,60.87331799999833,0.010322099241387762,5,0.06399494258591383,-0.016985864113087088,0.01019189214308125,0.28318490438397226,0.010317178802214722,
2006-02-08 18:00:00+00:00,CRL,optimised_new,daily-rescreened,BUY,6.0,BUY,46.1264,0.2761,55.58,5.13,0.1,6596.075199999999,2006-02-09 18:00:00+00:00,regime_forced(signal=-0.02),48.8517,42.4363,46126.4055,376.1360317000009,0.059083301536647224,1,0.07131924451073579,0.0,0.014600129605222723,-0.022853678205980943,0.05908321877541933,
2006-02-09 20:00:00+00:00,CRL,optimised_new,daily-rescreened,BUY,6.0,BUY,49.3285,0.0968,64.86,2.45,0.1,6610.018999999999,2006-02-12 20:00:00+00:00,regime_forced(signal=-0.09),47.0366,45.3822,49328.524,-320.02752340000035,-0.04646198445117931,3,0.0,-0.04873653161965192,0.011707468070105254,-0.05915998603145167,-0.04646307638358427,
2006-02-09 20:00:00+00:00,IEX,optimised_new,daily-rescreened,BUY,6.0,BUY,25.7956,0.1134,58.17,1.63,0.1,5958.7836,2006-02-12 20:00:00+00:00,regime_forced(signal=-0.07),25.113,23.7319,25795.5847,-169.44048659999947,-0.026461877219370773,3,0.00357037634325228,-0.030008993781885308,0.02045577350593586,0.14387512489927023,-0.026463008271192523,
2006-02-13 23:00:00+00:00,TYL,optimised_new,daily-rescreened,BUY,8.0,BUY,9.8524,0.4752,53.5,1.35,0.1,8867.16,2006-02-23 22:00:00+00:00,"trailing_stop(4.8% from peak, still +1.0% from entry)",9.9523,9.0642,9852.3989,72.08576999999947,0.010139661402297906,9,0.06055377369980924,-0.05202793228045949,0.016288420442018836,0.3099776058775485,0.010141911511244439,
2006-02-13 22:00:00+00:00,CRL,optimised_new,daily-rescreened,BUY,6.0,BUY,48.594,0.1304,60.63,1.5,0.1,7969.416,2006-02-14 23:00:00+00:00,regime_forced(signal=-0.09),47.4375,44.7065,48594.0099,-205.41516599999986,-0.0237992344733918,1,0.0,-0.05446557188130227,0.012984824721650634,-0.05114129264218237,-0.02379974066084023,
2006-02-13 22:00:00+00:00,IEX,optimised_new,daily-rescreened,BUY,6.0,BUY,25.4303,0.0946,52.51,1.47,0.1,7171.344599999999,2006-02-15 00:00:00+00:00,regime_forced(signal=-0.04),26.292,23.3959,25430.2924,228.4137114000008,0.033884775248424225,1,0.05304302347986459,0.0,0.027469473947397294,0.1975801317649204,0.03388452083421489,
2006-02-14 19:00:00+00:00,MTD,optimised_new,daily-rescreened,BUY,6.0,BUY,62.8915,0.0366,56.4,2.27,0.1,8050.112,2006-03-02 19:00:00+00:00,signal,59.77,57.8602,62891.5125,-415.25267199999973,-0.04963309827242151,16,0.002173584665654303,-0.059915886884555146,0.01582290209706838,0.26055250180079836,-0.04963101214027643,
2006-02-15 00:00:00+00:00,RSG,optimised_new,daily-rescreened,BUY,8.0,BUY,19.8973,0.9997,56.49,1.72,0.1,7998.7146,2006-03-20 21:00:00+00:00,"trailing_stop(3.3% from peak, still +2.4% from entry)",20.3684,18.3055,19897.3,173.19538860000043,0.023676579234368472,33,0.05832449628844109,-0.016389158328014367,0.008736337746840794,0.09911045751739689,0.02367529594186757,
2006-02-15 18:00:00+00:00,CRL,optimised_new,daily-rescreened,BUY,6.0,BUY,49.5224,0.1912,62.83,1.56,0.1,7180.748,2006-02-16 22:00:00+00:00,regime_forced(signal=-0.00),47.9173,45.5606,49522.4138,-246.86825650000014,-0.03241159556079674,1,0.03213899164822383,-0.03973353472368061,0.01255355171026129,-0.04154452354000415,-0.032412367293604305,
2006-02-15 20:00:00+00:00,IEX,optimised_new,daily-rescreened,BUY,6.0,BUY,26.7169,0.1763,61.62,1.27,0.1,6465.489799999999,2006-02-16 20:00:00+00:00,regime_forced(signal=-0.06),26.6577,24.5795,26716.8688,-27.243053199999963,-0.002215825937889523,1,0.013684222346155453,-0.00941726023603037,0.03080581679559491,0.2142365278188858,-0.002216009775984684,
2006-02-20 19:00:00+00:00,CNC,optimised_new,daily-rescreened,BUY,6.0,BUY,6.6976,0.4373,53.18,1.73,0.1,7179.827200000001,2006-02-22 19:00:00+00:00,"trailing_stop(5.2% from peak, still +0.6% from entry)",6.7366,6.1618,6697.5619,27.40653760000041,0.005822981366459583,2,0.06067845198279975,0.0,0.00687028290928593,-0.25529595463549903,0.00582440143612728,
2006-02-21 21:00:00+00:00,REG,optimised_new,daily-rescreened,BUY,6.0,BUY,42.0899,0.0362,60.7,1.53,0.1,6439.7547,2006-02-22 20:00:00+00:00,regime_forced(signal=-0.04),41.867,38.7227,42089.8641,-46.94910570000061,-0.00529580730769146,0,0.006942283065533563,-0.00529580730769146,0.0015574926886263718,0.05990512075134857,-0.00529441281616283,
2006-02-21 23:00:00+00:00,IEX,optimised_new,daily-rescreened,BUY,6.0,BUY,26.5329,0.0988,55.19,4.26,0.1,5810.7051,2006-02-23 18:00:00+00:00,regime_forced(signal=-0.02),26.8933,24.4102,26532.8607,67.22726219999885,0.013583136408006607,1,0.015369597744686716,-0.03185102269258174,0.035803379304039096,0.224969142318604,0.013585828902936248,
2006-02-23 18:00:00+00:00,CNC,optimised_new,daily-rescreened,BUY,7.0,BUY,7.1217,0.6588,57.54,1.18,0.1,8076.007799999999,2006-03-03 00:00:00+00:00,"trailing_stop(3.9% from peak, still +0.2% from entry)",7.135,6.552,7121.6935,-1.0848977999991547,0.0018675316286841752,7,0.04274260359183906,-0.04747461982391843,0.013490986854536091,-0.21125349657657666,0.0018647517639704958,
2006-02-27 19:00:00+00:00,IEX,optimised_new,daily-rescreened,BUY,6.0,BUY,27.7718,0.0732,61.79,3.77,0.1,7276.2116,2006-02-28 19:00:00+00:00,regime_forced(signal=-0.14),27.334,25.5501,27771.8402,-129.14131959999997,-0.015764192454216123,1,0.0,-0.04151333366940562,0.03630643147783008,0.24504375720681115,-0.015762708292600847,
2006-03-01 20:00:00+00:00,TAP,optimised_new,daily-rescreened,BUY,8.0,BUY,22.7955,0.9553,65.46,2.9,0.1,7248.969,2006-03-14 18:00:00+00:00,"trailing_stop(3.5% from peak, still +4.4% from entry)",23.7995,20.9718,22795.4871,304.4547899999991,0.04404378057072658,12,0.08135377596455431,-0.012326994362922453,0.011865558767549356,0.07738269307146672,0.04404515803999387,
2006-03-01 18:00:00+00:00,TYL,optimised_new,daily-rescreened,BUY,6.0,BUY,9.8592,0.4971,48.21,1.3,0.1,6536.6496,2006-03-22 18:00:00+00:00,"trailing_stop(3.1% from peak, still +8.0% from entry)",10.6516,9.0705,9859.2249,511.7625396,0.08037163258682253,21,0.11442104836092178,-0.023632749107432526,0.025289600197235584,0.4020179082370723,0.08036859360620174,
2006-03-02 21:00:00+00:00,IEX,optimised_new,daily-rescreened,BUY,6.0,BUY,26.8003,0.0472,50.76,2.45,0.1,6646.4744,2006-03-05 21:00:00+00:00,regime_forced(signal=-0.02),26.099,24.6563,26800.3425,-187.04142640000055,-0.02616761752666947,3,0.014514762894445187,-0.02616761752666947,0.03647736486662323,0.18879023516231697,-0.02616846829563657,
2006-03-05 21:00:00+00:00,REG,optimised_new,daily-rescreened,BUY,6.0,BUY,42.3834,0.1203,58.2,2.61,0.1,7417.095,2006-03-06 21:00:00+00:00,regime_forced(signal=-0.08),42.5769,38.9927,42383.3725,18.994447499999996,0.004565466668554203,1,0.021657063850469664,0.0,0.003925151822574691,0.07787751554601341,0.004567026904150451,
2006-03-06 19:00:00+00:00,CNC,optimised_new,daily-rescreened,BUY,7.0,BUY,7.1847,0.9912,53.09,1.2,0.1,7443.349200000001,2006-03-19 21:00:00+00:00,"trailing_stop(3.7% from peak, still +0.2% from entry)",7.1976,6.6099,7184.685,-1.5356627999992165,0.0017954820660570565,13,0.040196528734672186,-0.06561164697203781,0.017476434657833995,-0.20432911290144573,0.0018028874591391464,
2006-03-07 19:00:00+00:00,IEX,optimised_new,daily-rescreened,BUY,6.0,BUY,27.0787,0.0618,57.5,2.32,0.1,6688.4389,2006-03-09 19:00:00+00:00,regime_forced(signal=-0.01),26.255,24.9124,27078.7144,-216.62732390000048,-0.0304187424063933,2,0.007382185998589279,-0.07014369227473992,0.03762663792969234,0.19589688629264312,-0.03041762002868409,
2006-03-09 00:00:00+00:00,TTWO,optimised_new,daily-rescreened,BUY,6.0,BUY,16.1,0.0957,54.54,1.58,0.1,6681.500000000001,2006-03-09 23:00:00+00:00,regime_forced(signal=-0.04),16.3884,14.812,16100.0,106.203314,0.017913043478260827,0,0.03572670807453408,-0.0035962732919254696,0.022301678339392117,-0.34727577661427544,0.017915021002472997,
2006-03-14 18:00:00+00:00,IEX,optimised_new,daily-rescreened,BUY,6.0,BUY,27.6389,0.0432,63.64,1.25,0.1,7434.8641,2006-03-15 18:00:00+00:00,regime_forced(signal=-0.08),26.968,25.4277,27638.8555,-195.16135609999978,-0.02427375908592598,1,0.006780298781789443,-0.032902901345567226,0.03813725175928151,0.22837266331806383,-0.024273239366954136,
2006-03-14 19:00:00+00:00,REG,optimised_new,daily-rescreened,BUY,6.0,BUY,42.7525,0.0039,53.72,1.79,0.1,6669.389999999999,2006-03-15 18:00:00+00:00,regime_forced(signal=-0.16),43.4408,39.3323,42752.5221,93.92864520000151,0.016099643295713825,0,0.017870299982457236,0.0,0.007343464956346413,0.09974337338073491,0.016097487025983126,
2006-03-14 19:00:00+00:00,TTWO,optimised_new,daily-rescreened,BUY,6.0,BUY,17.5966,0.2844,64.0,1.5,0.1,6035.6338,2006-03-15 20:00:00+00:00,"rr_stop_loss(8.7% loss, risk=8%)",16.0646,16.1888,17596.5632,-537.0217916000009,-0.0870622733937238,1,0.016145164406760525,-0.0870622733937238,0.020485163032620823,-0.36017347258452415,-0.08706026442872916,
2006-03-14 20:00:00+00:00,TAP,optimised_new,daily-rescreened,BUY,6.0,BUY,23.3559,0.8575,39.16,1.22,0.1,5418.5688,2006-03-20 00:00:00+00:00,"trailing_stop(3.4% from peak, still +7.4% from entry)",25.0899,21.4874,23355.9193,391.04857440000046,0.07424248262751604,5,0.11262250651869557,0.0,0.017327537689470818,0.13579776709114944,0.07424304244877766,
2006-03-15 21:00:00+00:00,REG,optimised_new,daily-rescreened,BUY,6.0,BUY,44.1057,0.2352,61.56,3.01,0.1,6836.3835,2006-03-16 21:00:00+00:00,regime_forced(signal=-0.21),43.7563,40.5773,44105.7358,-67.77560999999967,-0.007921878578052172,1,0.004999353825015843,-0.007921878578052172,0.010228762320681373,0.10773192816220623,-0.007921765887767385,
2006-03-16 19:00:00+00:00,CRL,optimised_new,daily-rescreened,BUY,6.0,BUY,50.4548,0.0956,53.0,2.84,0.1,6811.398,2006-03-19 19:00:00+00:00,regime_forced(signal=-0.10),50.2114,46.4184,50454.7703,-46.448937000000285,-0.004824119806242443,3,0.006930956024005616,-0.009461934246097415,0.013985574147306279,0.004340896273869577,-0.0048237768338355025,
2006-03-19 23:00:00+00:00,IEX,optimised_new,daily-rescreened,BUY,6.0,BUY,27.7839,0.0204,57.63,1.67,0.1,7557.2208,2006-03-20 22:00:00+00:00,regime_forced(signal=-0.04),27.1848,25.5612,27783.9498,-177.90668640000027,-0.02156284754840033,0,0.008987219216884624,-0.02156284754840033,0.03942286642714632,0.23824540829435392,-0.02156610262311276,
2006-03-20 20:00:00+00:00,REG,optimised_new,daily-rescreened,BUY,6.0,BUY,43.941,0.1934,53.27,1.49,0.1,8963.964,2006-03-21 20:00:00+00:00,regime_forced(signal=-0.18),43.7466,40.4257,43940.9778,-57.545870400000666,-0.004424114153068926,1,0.0,-0.021756446143692747,0.010452596709780826,0.10748570422317827,-0.004422571962032551,
2006-03-21 21:00:00+00:00,IEX,optimised_new,daily-rescreened,BUY,6.0,BUY,27.9002,0.0103,56.74,4.98,0.1,8955.9642,2006-03-22 21:00:00+00:00,"trailing_stop(3.8% from peak, still +3.8% from entry)",28.9642,25.6682,27900.1905,323.29052760000053,0.03813592734102265,1,0.0795621536763177,-0.00402864495595017,0.046140783899164095,0.31929727202188984,0.038136268950257124,
2006-03-21 21:00:00+00:00,TAP,optimised_new,daily-rescreened,BUY,6.0,BUY,24.9048,0.9342,48.85,1.23,0.1,8044.250400000001,2006-04-27 18:00:00+00:00,"trailing_stop(3.4% from peak, still +3.6% from entry)",25.8075,22.9124,24904.8123,275.19202710000013,0.03624602486267705,36,0.07296585397192508,-0.050078699688413594,0.02384198525531578,0.16827727551343719,0.03624042241687908,
2006-03-22 00:00:00+00:00,RSG,optimised_new,daily-rescreened,BUY,8.0,BUY,20.7621,0.9997,55.87,1.97,0.1,8886.1788,2006-04-05 18:00:00+00:00,"trailing_stop(3.0% from peak, still +3.8% from entry)",21.5544,19.1011,20762.1,320.9929380000007,0.03816087967980122,14,0.07030599024183495,-0.015008115749370176,0.016486729278748058,0.16310753631817865,0.038159175661314215,
2006-03-23 21:00:00+00:00,CNC,optimised_new,daily-rescreened,BUY,7.0,BUY,7.3125,0.99,55.29,1.2,0.1,7999.875,2006-04-04 23:00:00+00:00,"trailing_stop(3.2% from peak, still +0.5% from entry)",7.3467,6.7275,7312.5267,21.37763519999996,0.004676923076923108,12,0.03734700854700859,-0.050611965811965795,0.022447717326983696,-0.18785674017563192,0.004666020243401903,
2006-03-26 18:00:00+00:00,REG,optimised_new,daily-rescreened,BUY,6.0,BUY,44.2702,0.2446,59.95,2.69,0.1,7171.772400000001,2006-03-27 18:00:00+00:00,regime_forced(signal=-0.19),42.7782,40.7286,44270.2023,-255.80584080000153,-0.03370212919751897,1,0.0,-0.04994782042999591,0.008813981077140598,0.08297085711461549,-0.03370075796642502,
2006-03-26 23:00:00+00:00,CRL,optimised_new,daily-rescreened,BUY,6.0,BUY,50.0246,0.1469,54.34,4.2,0.1,6453.1734,2006-03-27 23:00:00+00:00,regime_forced(signal=-0.21),50.4041,46.0226,50024.5989,36.00019770000037,0.007586267556362273,1,0.0301971430056413,-0.0004917580550369121,0.01921443540718526,0.008196570831513927,0.007585233714311412,
2006-03-27 23:00:00+00:00,TYL,optimised_new,daily-rescreened,BUY,6.0,BUY,10.6607,0.4801,44.04,1.67,0.1,7185.3118,2006-04-02 21:00:00+00:00,"trailing_stop(3.8% from peak, still +0.7% from entry)",10.7406,9.8078,10660.6865,39.42812380000114,0.0074948174134907,5,0.046760531672404244,-0.015374224957085363,0.025822675213040824,0.41372854331241093,0.007494271242441508,
2006-03-28 18:00:00+00:00,REG,optimised_new,daily-rescreened,BUY,6.0,BUY,43.8986,0.2433,58.99,5.01,0.1,6453.0942000000005,2006-03-29 18:00:00+00:00,regime_forced(signal=-0.26),43.6655,40.3867,43898.5968,-47.137622699999945,-0.005309964326880591,1,0.0,-0.021401593672691212,0.011099334736099031,0.10543256438278803,-0.005309625499273496,
2006-03-29 18:00:00+00:00,CRL,optimised_new,daily-rescreened,BUY,6.0,BUY,50.198,0.0584,51.01,1.69,0.1,6425.344,2006-03-30 18:00:00+00:00,regime_forced(signal=-0.21),48.3738,46.1822,50198.0313,-246.11479039999972,-0.03634009323080596,1,0.0,-0.03634009323080596,0.01891817410061547,-0.032413329404690217,-0.036340244327624505,
2006-03-30 18:00:00+00:00,REG,optimised_new,daily-rescreened,BUY,6.0,BUY,43.8469,0.2539,56.75,2.47,0.1,6401.6474,2006-04-02 18:00:00+00:00,regime_forced(signal=-0.14),43.7571,40.3391,43846.899,-25.90098399999988,-0.0020480353229075893,3,0.010392981031726308,-0.009624397619900086,0.012437586462559214,0.10775579087196574,-0.002046188830666984,
2006-04-04 22:00:00+00:00,TYL,optimised_new,daily-rescreened,BUY,7.0,BUY,11.0002,0.4057,50.21,1.86,0.1,7964.1448,2006-04-06 18:00:00+00:00,"trailing_stop(3.1% from peak, still +1.3% from entry)",11.1407,10.1201,11000.1555,85.69198840000193,0.012772495045544735,1,0.04536281158524396,0.0,0.03146688793088348,0.4663903452279834,0.012774240913317358,
2006-04-04 19:00:00+00:00,REG,optimised_new,daily-rescreened,BUY,6.0,BUY,43.5882,0.1316,54.1,1.51,0.1,7148.4648,2006-04-05 18:00:00+00:00,regime_forced(signal=-0.03),43.2881,40.1011,43588.2001,-63.4641132000001,-0.006884890864958876,0,0.0,-0.018807842489481114,0.013293691543148967,0.09587846017563795,-0.00688651394223827,
2006-04-04 21:00:00+00:00,EXPE,optimised_new,daily-rescreened,BUY,6.0,BUY,18.7089,0.0301,53.53,1.44,0.1,6454.5705,2006-04-05 20:00:00+00:00,"rr_stop_loss(9.5% loss, risk=8%)",16.9401,17.2122,18708.9402,-622.5349049999995,-0.09454323877940439,0,0.0030306431698282265,-0.09454323877940439,-0.000287906101223645,-0.1870101501363528,-0.09454370192483119,
2006-04-05 23:00:00+00:00,RSG,optimised_new,daily-rescreened,BUY,8.0,BUY,21.8319,0.9998,53.73,1.84,0.1,8012.3073,2006-04-24 00:00:00+00:00,"trailing_stop(3.5% from peak, still +0.5% from entry)",21.9426,20.0853,21831.8689,24.561658500000224,0.005070561884215199,18,0.04100421859755674,-0.029484378363770564,0.019475716001241983,0.18405223515077185,0.005068522258098396,
2006-04-05 21:00:00+00:00,CRL,optimised_new,daily-rescreened,BUY,6.0,BUY,50.1451,0.1348,58.62,1.82,0.1,7220.8944,2006-04-06 21:00:00+00:00,regime_forced(signal=-0.21),49.2358,46.1335,50145.0902,-145.25004960000078,-0.018133376940119808,1,0.0,-0.02822010525455134,0.02004010590776706,-0.015170277823001843,-0.018132152740930163,
2006-04-09 18:00:00+00:00,CNC,optimised_new,daily-rescreened,BUY,7.0,BUY,7.204,0.9928,51.18,1.4,0.1,8010.848,2006-04-25 18:00:00+00:00,"rr_stop_loss(8.8% loss, risk=8%)",6.5694,6.6276,7203.95,-720.9912207999997,-0.08808995002776233,16,0.01998889505830096,-0.08808995002776233,0.01664868852437995,-0.27377638376119484,-0.08808001114911301,
2006-04-17 21:00:00+00:00,TYL,optimised_new,daily-rescreened,BUY,7.0,BUY,11.0762,0.423,53.53,1.14,0.1,7221.6824,2006-05-18 22:00:00+00:00,"rr_stop_loss(8.0% loss, risk=8%)",10.1893,10.1901,11076.1894,-592.123906,-0.0800725880717214,31,0.01228760766327809,-0.0800725880717214,0.02739646212725333,0.34116501451919334,-0.08006866210255037,
2006-04-25 22:00:00+00:00,RSG,optimised_new,daily-rescreened,BUY,8.0,BUY,22.1754,0.9998,53.67,2.37,0.1,8027.4947999999995,2006-05-16 20:00:00+00:00,"rr_stop_loss(8.9% loss, risk=8%)",20.2097,20.4014,22175.3814,-726.9268061999995,-0.08864327137278237,20,0.013433805027192226,-0.08864327137278237,0.012730363436222358,0.09054541919022552,-0.08864105576465375,
2006-05-03 19:00:00+00:00,ES,optimised_new,daily-rescreened,BUY,7.0,BUY,13.855,1.0,50.65,1.73,0.1,8659.375,2006-05-17 19:00:00+00:00,signal,13.3336,12.7466,13854.9878,-342.86787500000065,-0.03763262360158787,14,0.028509563334536237,-0.044164561530133546,0.0008929818319223237,-0.05539725330945,-0.03763174449600293,
2006-05-04 19:00:00+00:00,CRL,optimised_new,daily-rescreened,BUY,6.0,BUY,48.1942,0.0097,63.83,2.16,0.1,7759.2662,2006-05-07 18:00:00+00:00,regime_forced(signal=-0.12),46.6404,44.3387,48194.2466,-265.43017060000085,-0.032240394072315805,2,0.0012491129638005133,-0.032240394072315805,0.019195383083801865,-0.06708362790210498,-0.03224052618411932,
2006-05-08 18:00:00+00:00,TAP,optimised_new,daily-rescreened,BUY,8.0,BUY,24.754,0.7886,57.27,1.22,0.1,7772.756,2006-05-14 19:00:00+00:00,regime_forced(signal=-0.04),24.9722,22.7736,24753.9501,52.9007732000003,0.008814737012200029,6,0.008814737012200029,-0.05339339096711642,0.017347307940303924,0.1304666977700264,0.00881965429900955,
2006-05-16 20:00:00+00:00,CNC,optimised_new,daily-rescreened,BUY,8.0,BUY,6.8167,0.9282,68.04,1.95,0.1,8520.875,2006-06-18 18:00:00+00:00,"trailing_stop(3.7% from peak, still +2.5% from entry)",6.9859,6.2714,6816.7384,194.24675000000042,0.024821394516408236,32,0.06368184018660054,-0.07986269015799427,0.02879705134261834,-0.22772933428160547,0.024821974290970328,
2006-05-17 22:00:00+00:00,LH,optimised_new,daily-rescreened,BUY,6.0,BUY,51.0965,0.4483,52.1,1.37,0.1,8482.019,2006-06-18 22:00:00+00:00,"trailing_stop(3.5% from peak, still +0.6% from entry)",51.3901,47.0087,51096.4535,31.72482440000116,0.005745990429872846,32,0.041816954194514255,-0.03970134940749361,7.204058237220146e-05,0.20435747028003592,0.005738534570732368,
2006-05-18 20:00:00+00:00,ES,optimised_new,daily-rescreened,BUY,6.0,BUY,13.6493,0.4916,57.8,2.03,0.1,8312.4237,2006-06-05 20:00:00+00:00,"trailing_stop(4.2% from peak, still +1.8% from entry)",13.893,12.5574,13649.3232,131.64003930000143,0.017854395463503658,18,0.06225960305656701,-0.04617086590521128,0.007170256900280059,-0.015761719238736815,0.01785752709480093,
2006-05-25 21:00:00+00:00,TYL,optimised_new,daily-rescreened,BUY,8.0,BUY,10.7059,0.6582,62.13,1.83,0.1,7494.13,2006-06-04 23:00:00+00:00,"trailing_stop(3.6% from peak, still +3.3% from entry)",11.0598,9.8495,10705.9373,232.49401000000037,0.03305653891779294,10,0.0718015299974781,-0.03938949551182054,0.035370860442003105,0.45575232105971586,0.03305889856865041,
2006-05-25 00:00:00+00:00,ESS,optimised_new,daily-rescreened,BUY,6.0,BUY,75.8724,0.0146,60.27,2.48,0.1,6676.7712,2006-05-30 00:00:00+00:00,regime_forced(signal=-0.03),75.5942,69.8026,75872.4,-37.810660799999745,-0.003666682482694606,5,0.02772549701867873,-0.020302507894834027,-0.006718080627488132,0.23616801825137013,-0.003664831146832248,
2006-05-25 18:00:00+00:00,REG,optimised_new,daily-rescreened,BUY,6.0,BUY,41.0178,0.0387,59.22,1.3,0.1,6070.6344,2006-05-29 19:00:00+00:00,regime_forced(signal=-0.03),41.2779,37.7364,41017.7887,26.31503639999939,0.006341149452189082,4,0.019025886322523396,-0.0015432324503020184,0.015346096949987231,0.04498924376615343,0.006341469613847073,
2006-05-30 22:00:00+00:00,GPN,optimised_new,daily-rescreened,BUY,6.0,BUY,22.7825,0.1841,58.84,1.85,0.1,6743.62,2006-06-01 20:00:00+00:00,regime_forced(signal=-0.00),22.9965,20.9599,22782.4579,49.793416000000626,0.009393174585756708,1,0.009393174585756708,-0.02466366728848888,0.004960170438164324,0.46125021565771607,0.00939408474974135,
2006-05-31 19:00:00+00:00,WST,optimised_new,daily-rescreened,BUY,8.0,BUY,16.2237,0.6084,62.36,1.25,0.1,6067.6638,2006-06-14 22:00:00+00:00,"trailing_stop(3.1% from peak, still +4.9% from entry)",17.0241,14.9258,16223.6686,286.9149228000001,0.04933523179052866,14,0.08310681287252589,-0.07015045889655266,0.010548731088494634,0.31800379992230754,0.04933474332930965,
2006-05-31 22:00:00+00:00,REG,optimised_new,daily-rescreened,BUY,6.0,BUY,40.9741,0.0379,55.94,2.48,0.1,4916.892,2006-06-01 22:00:00+00:00,regime_forced(signal=-0.01),41.3889,37.6961,40974.0672,39.892439999999816,0.01012346823969287,1,0.01012346823969287,-0.026323946102537982,0.018119522727981563,0.047800462261411436,0.010124574564149391,
2006-06-04 21:00:00+00:00,ESS,optimised_new,daily-rescreened,BUY,6.0,BUY,77.7539,0.0524,63.26,2.27,0.1,6375.8198,2006-06-05 20:00:00+00:00,regime_forced(signal=-0.06),77.2182,71.5336,77753.8607,-56.63511220000005,-0.006889686562346141,0,0.001951027536882462,-0.023020067160618347,-0.0052255816620474516,0.26272479312533425,-0.006890271935849235,
2006-06-05 00:00:00+00:00,REG,optimised_new,daily-rescreened,BUY,6.0,BUY,40.8048,0.2459,50.9,1.63,0.1,7712.1072,2006-06-06 00:00:00+00:00,regime_forced(signal=-0.37),40.4957,37.5404,40804.8,-73.78569449999942,-0.007575089205191566,1,0.016757832411873064,-0.012429910206642292,0.01997396119101391,0.025187177281619677,-0.007575282306257258,
2006-06-05 21:00:00+00:00,TYL,optimised_new,daily-rescreened,BUY,6.0,BUY,10.6923,0.7862,44.92,2.07,0.1,6939.302699999999,2006-06-06 21:00:00+00:00,"trailing_stop(3.9% from peak, still +0.1% from entry)",10.7079,9.837,10692.3383,-3.764329800000625,0.0014589938553913515,1,0.042207944034492094,0.0,0.03933355682412576,0.4094263611094442,0.001453339270829801,
2006-06-07 00:00:00+00:00,TYL,optimised_new,daily-rescreened,BUY,6.0,BUY,10.75,0.607,47.86,2.47,0.1,7632.5,2006-06-19 20:00:00+00:00,"rr_stop_loss(8.2% loss, risk=8%)",9.8706,9.89,10750.0,-639.0146260000005,-0.08180465116279073,12,0.0033209302325581664,-0.08180465116279073,0.0356844374884564,0.29921593496415966,-0.08180869646637257,
2006-06-07 20:00:00+00:00,ES,optimised_new,daily-rescreened,BUY,6.0,BUY,14.3464,0.4791,55.67,1.59,0.1,6871.9256,2006-06-21 21:00:00+00:00,signal,13.3221,13.1987,14346.4373,-503.8929114999997,-0.07139770255952703,14,0.029212903585568523,-0.07139770255952703,0.002622377544306387,-0.056209781741715426,-0.07140034275803986,
2006-06-09 00:00:00+00:00,REG,optimised_new,daily-rescreened,BUY,6.0,BUY,40.6178,0.1992,52.41,1.25,0.1,6173.9056,2006-06-11 23:00:00+00:00,regime_forced(signal=-0.17),40.2142,37.3684,40617.8,-73.63366400000119,-0.009936530289676063,2,0.013523627572148053,-0.03158713667406903,0.022164842646379856,0.018062169735271638,-0.009935243242820024,
2006-06-15 22:00:00+00:00,GPN,optimised_new,daily-rescreened,BUY,6.0,BUY,23.4382,0.0079,59.07,2.78,0.1,6797.0779999999995,2006-06-19 22:00:00+00:00,regime_forced(signal=-0.09),23.1634,21.5631,23438.1887,-93.20646400000027,-0.011724449829765045,4,0.008114957633265389,-0.06173255625431985,0.013298115177995173,0.47185555560113035,-0.011723082429581422,
2006-06-19 21:00:00+00:00,LH,optimised_new,daily-rescreened,BUY,6.0,BUY,52.3266,0.5154,54.24,1.2,0.1,9209.4816,2006-06-28 21:00:00+00:00,signal,50.514,48.1405,52326.6424,-337.1175455999993,-0.034640125672220176,9,0.01585618022191395,-0.03769975500032481,-0.0025904177205087198,0.1838236673792759,-0.034642160937538025,
2006-06-20 19:00:00+00:00,VLO,optimised_new,daily-rescreened,BUY,6.0,BUY,39.5936,0.3161,54.26,2.67,0.1,8314.656,2006-06-21 23:00:00+00:00,regime_forced(signal=-0.01),41.3976,36.4261,39593.569,361.83184800000026,0.0455629192596782,1,0.05484219671866156,-0.006056534389396327,0.05156280044543515,0.4535654287188089,0.0455632384726421,
2006-06-21 22:00:00+00:00,ESS,optimised_new,daily-rescreened,BUY,6.0,BUY,76.0677,0.0148,58.45,1.27,0.1,8975.9886,2006-06-22 21:00:00+00:00,regime_forced(signal=-0.03),75.9543,69.9823,76067.7375,-31.319796000000515,-0.001490777294436385,0,0.0,-0.019905952197844846,-0.003654927811697628,0.24205395410425923,-0.0014896268250864653,
2006-06-22 23:00:00+00:00,TYL,optimised_new,daily-rescreened,BUY,8.0,BUY,10.5746,0.7427,55.01,2.15,0.1,8988.41,2006-06-26 18:00:00+00:00,"trailing_stop(5.5% from peak, still +0.9% from entry)",10.6684,9.7286,10574.5593,61.67345000000016,0.00887031187940914,3,0.06790800597658538,0.0,0.0413351147909391,0.40422288361385594,0.008869301656008854,
2006-06-22 21:00:00+00:00,ES,optimised_new,daily-rescreened,BUY,6.0,BUY,14.2873,0.4706,56.34,1.2,0.1,8086.6118,2006-07-12 18:00:00+00:00,"trailing_stop(3.4% from peak, still +0.2% from entry)",14.3141,13.1443,14287.2805,-1.0195924000014287,0.0018757917871116104,19,0.03765582020395738,-0.04410210466638207,0.005596582725742927,0.014062847127916722,0.0018708801984901324,
2006-06-25 20:00:00+00:00,ESS,optimised_new,daily-rescreened,BUY,6.0,BUY,75.3633,0.0118,52.83,1.46,0.1,7234.8768,2006-06-26 20:00:00+00:00,regime_forced(signal=-0.09),76.0319,69.3343,75363.3437,49.65166079999852,0.008871692189699734,1,0.008871692189699734,-0.006663720935787074,-0.001752402866278202,0.243320272701951,0.008870143289905652,
2006-06-26 23:00:00+00:00,ESS,optimised_new,daily-rescreened,BUY,6.0,BUY,76.1655,0.061,55.66,1.21,0.1,8149.7085,2006-06-27 23:00:00+00:00,regime_forced(signal=-0.10),76.7765,70.0722,76165.4625,49.01220599999951,0.008022004713420175,1,0.008941055989916848,-0.02478287413592758,0.0009714072692315057,0.25549766714773225,0.008023166590261921,
2006-06-27 22:00:00+00:00,GPN,optimised_new,daily-rescreened,BUY,6.0,BUY,24.1106,0.1507,58.23,3.24,0.1,8197.604000000001,2006-06-29 19:00:00+00:00,regime_forced(signal=-0.01),24.3245,22.1818,24110.6499,56.25806600000119,0.00887161663334794,1,0.01233067613414846,-0.04108566356706181,0.015962353372933613,0.5456259184458794,0.008868594779737338,
2006-06-27 23:00:00+00:00,TYL,optimised_new,daily-rescreened,BUY,6.0,BUY,10.8965,0.7529,52.98,1.04,0.1,7376.9304999999995,2006-06-30 00:00:00+00:00,"trailing_stop(3.1% from peak, still +2.8% from entry)",11.2,10.0248,10896.5444,190.51016949999993,0.027852980314779945,2,0.06070756664984171,-0.012508603680080789,0.0458979000732489,0.4742009447554094,0.027848323066998804,
2006-06-29 00:00:00+00:00,LH,optimised_new,daily-rescreened,BUY,6.0,BUY,52.3099,0.5205,57.48,1.47,0.1,8317.2741,2006-07-12 21:00:00+00:00,"trailing_stop(3.0% from peak, still +0.8% from entry)",52.7182,48.1251,52309.9,48.22023210000028,0.007805405860076278,13,0.03914364202569691,-0.019942687713033265,0.0005906635906558488,0.2354815206430383,0.007804744494255056,
2006-06-29 18:00:00+00:00,ESS,optimised_new,daily-rescreened,BUY,6.0,BUY,77.5693,0.0298,60.92,2.0,0.1,7524.2221,2006-07-02 18:00:00+00:00,regime_forced(signal=-0.11),78.8926,71.3638,77569.3199,113.18329570000046,0.017059584139601663,3,0.038779517154338104,0.0,0.0032034556665734293,0.2901039574857587,0.017059933164797814,
2006-06-29 20:00:00+00:00,MTD,optimised_new,daily-rescreened,BUY,6.0,BUY,61.9277,0.0711,62.56,4.29,0.1,6750.1193,2006-07-06 23:00:00+00:00,regime_forced(signal=-0.02),60.7791,56.9735,61927.7468,-138.57244120000013,-0.018547435154220193,7,0.02536183323456222,-0.047841272968316244,0.020223952765516362,0.2818265898356367,-0.01855009409233166,
2006-06-29 22:00:00+00:00,REG,optimised_new,daily-rescreened,BUY,6.0,BUY,40.0075,0.0471,60.55,2.25,0.1,6081.14,2006-07-02 22:00:00+00:00,regime_forced(signal=-0.13),40.0885,36.8069,40007.471,0.13740800000073694,0.002024620383678137,3,0.02961944635380872,-0.0019046428794601024,0.02468757821126988,0.014877102145767651,0.002025831163688041,
2006-07-04 18:00:00+00:00,VLO,optimised_new,daily-rescreened,BUY,6.0,BUY,43.7588,0.1618,55.08,1.46,0.1,7614.0312,2006-07-05 22:00:00+00:00,regime_forced(signal=-0.00),45.1033,40.2581,43758.7747,218.48099459999935,0.030725248407177448,1,0.05584476722396409,-0.020644990264815255,0.05605186364356429,0.5836831117535117,0.030728715209992874,
2006-07-05 00:00:00+00:00,REG,optimised_new,daily-rescreened,BUY,6.0,BUY,40.5538,0.357,55.08,3.53,0.1,7624.1144,2006-07-06 00:00:00+00:00,regime_forced(signal=-0.15),40.4046,37.3095,40553.8,-43.26977920000031,-0.003679063367674557,1,0.00454211442577507,-0.009545344702592698,0.026129251773834516,0.022880297335372557,-0.0036782584692522935,
2006-07-06 21:00:00+00:00,ESS,optimised_new,daily-rescreened,BUY,6.0,BUY,81.3873,0.1862,56.75,1.24,0.1,8301.5046,2006-07-09 21:00:00+00:00,regime_forced(signal=-0.04),79.0101,74.8763,81387.3337,-258.8349348000001,-0.029208488302228997,3,0.0,-0.04591133997564725,0.0022630227301638772,0.2920293145837505,-0.029209067440134184,
2006-07-06 21:00:00+00:00,TYL,optimised_new,daily-rescreened,BUY,6.0,BUY,10.9513,0.6079,51.07,1.0,0.1,7468.786599999999,2006-07-23 18:00:00+00:00,regime_forced(signal=-0.01),11.2595,10.0752,10951.3441,195.04463439999967,0.028142777569786177,16,0.034014226621497036,-0.07211929177357936,0.04721672948357036,0.48202680372996265,0.028136590847868348,
2006-07-06 22:00:00+00:00,DPZ,optimised_new,daily-rescreened,BUY,6.0,BUY,12.0252,0.1473,52.72,1.64,0.1,6722.0868,2006-07-09 23:00:00+00:00,regime_forced(signal=-0.02),12.167,11.0632,12025.1641,65.74276019999928,0.01179190366896184,3,0.027725110601071024,-0.045005488474204165,0.008361642025969562,0.13512105639729866,0.01179851623276873,
2006-07-09 19:00:00+00:00,REG,optimised_new,daily-rescreened,BUY,6.0,BUY,41.5469,0.2405,65.12,2.89,0.1,7519.9889,2006-07-10 19:00:00+00:00,regime_forced(signal=-0.29),41.7723,38.2231,41546.8768,25.716624799999906,0.005425194178145674,1,0.011307702861103941,-0.011295668268872143,0.029141242439541415,0.057504522216935694,0.0054261790334826365,
2006-07-10 19:00:00+00:00,MTD,optimised_new,daily-rescreened,BUY,6.0,BUY,61.2243,0.248,52.61,2.51,0.1,7530.5889,2006-07-17 18:00:00+00:00,"rr_stop_loss(8.9% loss, risk=8%)",55.7889,56.3263,61224.2853,-682.9468236000001,-0.08877847521327319,6,0.0,-0.08877847521327319,0.015766579456804042,0.1765861363711525,-0.08877698796798295,
2006-07-10 20:00:00+00:00,EQT,optimised_new,daily-rescreened,BUY,6.0,BUY,17.7412,0.2504,58.24,2.29,0.1,6777.1384,2006-07-19 21:00:00+00:00,regime_forced(signal=-0.00),17.0004,16.3219,17741.1532,-296.2568911999999,-0.0417559127905666,9,0.0017417085653732014,-0.075474037832841,0.016129068815157854,-0.061348225307080506,-0.04175218458877017,
2006-07-10 23:00:00+00:00,ESS,optimised_new,daily-rescreened,BUY,6.0,BUY,80.8939,0.0255,54.89,3.52,0.1,6067.0425000000005,2006-07-11 23:00:00+00:00,regime_forced(signal=-0.18),83.151,74.4224,80893.949,156.9791325000004,0.027901980248201584,1,0.028402636045486776,-0.009259041781889552,0.006145699603902877,0.3597441744440455,0.027901450023741114,
2006-07-11 21:00:00+00:00,DPZ,optimised_new,daily-rescreened,BUY,6.0,BUY,12.0698,0.2652,53.53,2.64,0.1,6119.3886,2006-07-12 19:00:00+00:00,"rr_stop_loss(10.1% loss, risk=8%)",10.8509,11.1042,12069.8105,-629.6030949000004,-0.10098758885814192,0,0.0,-0.10098758885814192,0.0037714899040783845,0.012331778460078269,-0.10098878205097506,
2006-07-12 23:00:00+00:00,LH,optimised_new,daily-rescreened,BUY,6.0,BUY,53.4654,0.5174,54.54,1.56,0.1,7699.0176,2006-08-06 21:00:00+00:00,"trailing_stop(3.8% from peak, still +1.9% from entry)",54.4973,49.1881,53465.3533,133.0469712000003,0.019300332551519306,24,0.05912608902205914,-0.03471778009703474,0.005063463209705077,0.277176509597429,0.019301769714752393,
2006-07-13 20:00:00+00:00,ES,optimised_new,daily-rescreened,BUY,6.0,BUY,14.5822,0.49,54.75,1.44,0.1,6926.545,2006-08-06 18:00:00+00:00,"trailing_stop(3.8% from peak, still +6.1% from entry)",15.4779,13.4156,14582.2247,411.17895250000066,0.06142420210942105,23,0.10293371370575093,-0.016190972555581492,0.015882054442138305,0.09651450098784276,0.06142440921644532,
2006-07-13 20:00:00+00:00,ESS,optimised_new,daily-rescreened,BUY,6.0,BUY,82.4163,0.0535,56.93,1.88,0.1,6181.222500000001,2006-07-16 20:00:00+00:00,regime_forced(signal=-0.14),80.6793,75.823,82416.3097,-142.50717000000043,-0.021075927941438876,3,0.0,-0.025861389069880756,0.006175226413976054,0.31932507377744757,-0.02107657380461514,
2006-07-13 21:00:00+00:00,DPZ,optimised_new,daily-rescreened,BUY,6.0,BUY,11.728,0.0778,54.5,2.6,0.1,5617.7119999999995,2006-07-16 22:00:00+00:00,regime_forced(signal=-0.03),11.6129,10.7897,11727.9741,-66.31319110000074,-0.009814120054570257,3,0.0,-0.0708987039563438,0.008273951164797122,0.08342254428179885,-0.009810868695907526,
2006-07-18 19:00:00+00:00,ESS,optimised_new,daily-rescreened,BUY,6.0,BUY,82.4574,0.049,58.44,2.55,0.1,6843.9642,2006-07-19 18:00:00+00:00,regime_forced(signal=-0.00),81.4224,75.8608,82457.3534,-99.50702340000196,-0.012551935908723907,0,0.001696633655681567,-0.012551935908723907,0.0077610990780552225,0.3314774885835108,-0.012550632863282174,
2006-07-18 22:00:00+00:00,WST,optimised_new,daily-rescreened,BUY,6.0,BUY,16.1231,0.3883,64.56,4.91,0.1,6223.5166,2006-07-24 18:00:00+00:00,"trailing_stop(5.3% from peak, still +5.4% from entry)",17.0011,14.8332,16123.0525,326.1220588000006,0.05445602892743952,5,0.11340871172417204,-0.02562162363317228,0.02709181036292363,0.31622376037956546,0.0544595188253858,
2006-07-18 23:00:00+00:00,DPZ,optimised_new,daily-rescreened,BUY,6.0,BUY,11.5632,0.3344,55.07,1.91,0.1,5596.5888,2006-07-20 00:00:00+00:00,"rr_stop_loss(8.3% loss, risk=8%)",10.6083,10.6382,11563.2099,-472.9026060000005,-0.08258094645080949,1,0.0031133250311332146,-0.08258094645080949,0.004025726216273284,-0.010300882462194516,-0.08258207857090671,
2006-07-23 19:00:00+00:00,ESS,optimised_new,daily-rescreened,BUY,6.0,BUY,81.857,0.0786,54.14,2.66,0.1,7612.701,2006-07-24 19:00:00+00:00,regime_forced(signal=-0.14),83.0282,75.3084,81856.9894,93.58727639999962,0.014307878373260674,1,0.014307878373260674,-0.010548884029466044,0.010886934029337825,0.3577371066203803,0.014307864339252463,
2006-07-24 00:00:00+00:00,TYL,optimised_new,daily-rescreened,BUY,8.0,BUY,11.15,0.573,55.57,1.22,0.1,8317.9,2006-07-26 20:00:00+00:00,regime_forced(signal=-0.08),12.125,10.258,11150.0,709.9868499999993,0.08744394618834077,2,0.08744394618834077,-0.01918385650224221,0.05248795481180957,0.5959525894121436,0.08744393662040428,
2006-07-24 18:00:00+00:00,REG,optimised_new,daily-rescreened,BUY,6.0,BUY,40.2903,0.0356,51.97,1.32,0.1,7453.7055,2006-07-25 18:00:00+00:00,regime_forced(signal=-0.03),40.9412,37.0671,40290.3216,105.38867250000028,0.01615525324954145,1,0.03573813051776734,0.0,0.03027168534202196,0.03646746504163878,0.01615661504948407,
2006-07-24 19:00:00+00:00,MTD,optimised_new,daily-rescreened,BUY,6.0,BUY,61.5149,0.1675,66.04,1.37,0.1,6705.1241,2006-07-26 23:00:00+00:00,regime_forced(signal=-0.11),60.43,56.5937,61514.9268,-131.5460941000002,-0.01763637752804601,2,0.03438841646495404,-0.03114042288941375,0.020557432071120818,0.27446385606868784,-0.017638823322713715,
2006-07-25 19:00:00+00:00,ESS,optimised_new,daily-rescreened,BUY,6.0,BUY,81.6361,0.1196,50.79,5.87,0.1,6775.7963,2006-07-26 19:00:00+00:00,regime_forced(signal=-0.08),83.9293,75.1052,81636.054,176.59367179999973,0.028090513878051483,1,0.028090513878051483,-0.003848787484948443,0.01302354926155358,0.37247168336699144,0.02809118108854225,
2006-07-26 18:00:00+00:00,REG,optimised_new,daily-rescreened,BUY,6.0,BUY,41.7654,0.0466,63.34,1.67,0.1,8394.8454,2006-07-27 00:00:00+00:00,regime_forced(signal=-0.03),41.4386,38.4242,41765.402,-82.41080399999906,-0.007824658688771056,0,0.010520670219847029,-0.007824658688771056,0.031256895257125494,0.04905956011671697,-0.007824934600991873,
2006-07-27 19:00:00+00:00,REG,optimised_new,daily-rescreened,BUY,6.0,BUY,41.7099,0.0084,57.56,1.71,0.1,8383.6899,2006-07-30 19:00:00+00:00,regime_forced(signal=-0.14),41.8944,38.3731,41709.8602,20.28003570000127,0.00442341026950436,3,0.019136943507416737,-0.003999050585112766,0.03386954701815448,0.06059723226684555,0.004423998107769611,
2006-07-28 00:00:00+00:00,ESS,optimised_new,daily-rescreened,BUY,6.0,BUY,82.3438,0.0817,52.43,1.67,0.1,7493.285800000001,2006-07-31 00:00:00+00:00,"trailing_stop(3.2% from peak, still +0.3% from entry)",82.5541,75.7563,82343.8,4.131591100000344,0.0025539263429669714,3,0.03579625909904564,0.0,0.01613358964373446,0.3499826698257711,0.0025541307000953584,
2006-07-30 20:00:00+00:00,MTD,optimised_new,daily-rescreened,BUY,6.0,BUY,61.7851,0.332,57.86,1.31,0.1,7599.5673,2006-07-31 23:00:00+00:00,regime_forced(signal=-0.09),60.3002,56.8423,61785.1065,-197.65919190000045,-0.024033302527632118,1,0.016563864103157595,-0.024033302527632118,0.02276855500558006,0.2717282237693006,-0.02403342514612372,
2006-08-02 22:00:00+00:00,TYL,optimised_new,daily-rescreened,BUY,7.0,BUY,11.8973,0.4017,50.79,4.03,0.1,8387.5965,2006-08-04 00:00:00+00:00,"trailing_stop(5.8% from peak, still +2.1% from entry)",12.15,10.9455,11897.312,161.2001535000006,0.0212401133030184,1,0.08412833163827084,0.0,0.06399218152495334,0.5992426616860935,0.02123854501071043,
2006-08-02 23:00:00+00:00,DPZ,optimised_new,daily-rescreened,BUY,6.0,BUY,11.6594,0.1644,63.15,1.71,0.1,7543.6318,2006-08-07 00:00:00+00:00,regime_forced(signal=-0.08),11.4485,10.7267,11659.4489,-151.40311129999992,-0.018088409352110788,4,0.00103778925159101,-0.052301147571916215,0.006884752355632795,0.06808681509898062,-0.01809163519492507,
2006-08-03 22:00:00+00:00,REG,optimised_new,daily-rescreened,BUY,6.0,BUY,42.2602,0.3387,56.22,1.89,0.1,6761.632,2006-08-06 22:00:00+00:00,regime_forced(signal=-0.24),41.5989,38.8793,42260.1608,-119.22545600000039,-0.01564829319312254,3,0.0,-0.02851619254049897,0.03313736576850901,0.0531164095375567,-0.015648022150125063,
2006-08-07 21:00:00+00:00,TYL,optimised_new,daily-rescreened,BUY,8.0,BUY,12.1784,0.4658,52.64,1.82,0.1,9888.8608,2006-08-08 20:00:00+00:00,"rr_stop_loss(8.4% loss, risk=8%)",11.1506,11.2042,12178.4399,-853.5167480000002,-0.08439532286671476,0,0.0026276029691913575,-0.08439532286671476,0.05923837204496141,0.46770190573163584,-0.08439490715306919,
2006-08-07 00:00:00+00:00,LH,optimised_new,daily-rescreened,BUY,6.0,BUY,55.9326,0.5101,55.8,1.72,0.1,8893.2834,2006-08-24 20:00:00+00:00,regime_forced(signal=-0.07),57.9083,51.458,55932.6,296.0355969,0.03532287074085589,17,0.05173905736547205,-0.028759614250008093,0.009733495962537253,0.3571188560717147,0.03532620089055971,
2006-08-10 18:00:00+00:00,TYL,optimised_new,daily-rescreened,BUY,8.0,BUY,12.217,0.1946,56.17,1.67,0.1,7220.247,2006-08-13 20:00:00+00:00,"rr_stop_loss(8.7% loss, risk=8%)",11.157,11.2396,12216.9896,-640.2740340000007,-0.08676434476549075,3,0.0,-0.08676434476549075,0.054909814686787906,0.4685430845691192,-0.08676238477230258,
2006-08-13 22:00:00+00:00,CRL,optimised_new,daily-rescreened,BUY,6.0,BUY,39.0374,0.3659,59.23,1.36,0.1,7143.8442,2006-08-17 18:00:00+00:00,regime_forced(signal=-0.13),43.9165,35.9144,39037.4109,877.6947363000007,0.12498527053543529,3,0.12498527053543529,-0.019342989031031748,0.02653703431497001,-0.12156892474545167,0.12498322716755217,
2006-08-15 00:00:00+00:00,TTWO,optimised_new,daily-rescreened,BUY,6.0,BUY,11.56,0.0049,65.84,3.03,0.1,7271.240000000001,2006-08-16 00:00:00+00:00,regime_forced(signal=-0.03),12.56,10.6352,11560.0,613.82852,0.08650519031141868,1,0.08650519031141868,0.0,0.030520825514768646,-0.4997558223700147,0.08650482999298714,
2006-08-15 23:00:00+00:00,DPZ,optimised_new,daily-rescreened,BUY,6.0,BUY,11.4041,0.1229,52.4,1.28,0.1,6545.953399999999,2006-08-20 19:00:00+00:00,"trailing_stop(3.4% from peak, still +2.0% from entry)",11.6346,10.4917,11404.0609,119.08278619999979,0.020212029007111568,4,0.05664629387676369,0.0,0.013937337755300039,0.08544759598570484,0.020213753185890804,
2006-08-17 18:00:00+00:00,TYL,optimised_new,daily-rescreened,BUY,6.0,BUY,12.244,0.4481,52.89,1.2,0.1,6807.664,2006-08-28 00:00:00+00:00,"trailing_stop(3.2% from peak, still +7.1% from entry)",13.11,11.2644,12243.9544,467.39917599999984,0.07072852009147335,10,0.10555374060764462,-0.023734073832080982,0.064842082333469,0.7256084651920087,0.07073340523046867,
2006-08-20 19:00:00+00:00,CNC,optimised_new,daily-rescreened,BUY,6.0,BUY,4.6353,0.6231,58.98,1.83,0.1,6804.6204,2006-08-24 18:00:00+00:00,"rr_stop_loss(8.7% loss, risk=8%)",4.2318,4.2645,4635.2891,-605.3549027999995,-0.08704938191702806,3,0.02168144456669477,-0.08704938191702806,0.0294786591306182,-0.5321887310538618,-0.08703667590746189,
2006-08-22 18:00:00+00:00,ESS,optimised_new,daily-rescreened,BUY,6.0,BUY,85.6056,0.0233,59.38,3.41,0.1,6077.9976,2006-08-23 18:00:00+00:00,regime_forced(signal=-0.12),83.8425,78.7571,85605.5609,-137.21091509999917,-0.02059561524012441,1,0.010966572280318117,-0.02059561524012441,0.015263093682639894,0.37105486944804245,-0.02059451499463616,
2006-08-22 22:00:00+00:00,TTWO,optimised_new,daily-rescreened,BUY,6.0,BUY,12.672,0.119,53.9,1.94,0.1,5512.320000000001,2006-08-23 21:00:00+00:00,regime_forced(signal=-0.09),13.0878,11.6582,12672.0066,169.66748699999954,0.032812499999999925,0,0.032812499999999925,-0.009335542929293039,0.03427879854234939,-0.47873204256537316,0.03281562179879449,
2006-08-23 22:00:00+00:00,ESS,optimised_new,daily-rescreened,BUY,6.0,BUY,85.1901,0.0119,55.01,3.33,0.1,6048.4971000000005,2006-08-27 23:00:00+00:00,"trailing_stop(3.1% from peak, still +0.1% from entry)",85.2864,78.3749,85190.1262,-5.266531499999852,0.0011304130409519344,4,0.03366353602120437,-0.016184979240545537,0.01640900168064241,0.3946684987686664,0.00112985793597975,
2006-08-23 23:00:00+00:00,JKHY,optimised_new,daily-rescreened,BUY,6.0,BUY,16.4056,0.3219,52.9,4.27,0.1,5512.2816,2006-08-24 22:00:00+00:00,regime_forced(signal=-0.53),16.6831,15.0932,16405.6179,82.12219680000027,0.01691495586872774,0,0.041827180962598104,-0.017969473838201504,0.005316398686970869,0.055699285640214535,0.0169157864385856,
2006-08-29 19:00:00+00:00,EQT,optimised_new,daily-rescreened,BUY,6.0,BUY,18.4815,0.4678,58.45,1.81,0.1,7558.9335,2006-09-06 19:00:00+00:00,"trailing_stop(3.2% from peak, still +0.5% from entry)",18.5733,17.003,18481.5198,22.39078679999917,0.004967129291453573,8,0.037686334983632296,-0.005508210913616361,0.017520016562446727,0.02549526655108547,0.004966629048762883,
2006-09-05 18:00:00+00:00,DPZ,optimised_new,daily-rescreened,BUY,6.0,BUY,12.2228,0.1861,58.52,2.64,0.1,6771.4312,2006-09-06 18:00:00+00:00,regime_forced(signal=-0.03),12.0462,11.2449,12222.7533,-111.28142599999882,-0.014448407893444936,1,0.0,-0.04437608403966349,0.013886649805193496,0.12385760444385996,-0.01444083026453924,
2006-09-05 23:00:00+00:00,JKHY,optimised_new,daily-rescreened,BUY,6.0,BUY,16.5671,0.4904,51.42,1.4,0.1,6096.6928,2006-09-11 21:00:00+00:00,"trailing_stop(3.3% from peak, still +5.8% from entry)",17.5238,15.2418,16567.1339,339.5201488000009,0.05774698046127575,5,0.09330540649842156,-0.008776430395180728,0.014956515829929629,0.10889959987132536,0.05774652982167061,
2006-09-11 20:00:00+00:00,EQT,optimised_new,daily-rescreened,BUY,6.0,BUY,18.7206,0.4799,57.06,1.29,0.1,7563.1224,2006-09-20 22:00:00+00:00,signal,17.6118,17.223,18720.6341,-462.63348960000087,-0.059228870869523526,9,0.0,-0.07282352061365567,0.013978254781657373,-0.027596553714946848,-0.0592328649883872,
2006-09-12 19:00:00+00:00,TTWO,optimised_new,daily-rescreened,BUY,6.0,BUY,12.9634,0.0149,54.17,1.84,0.1,6805.785,2006-09-13 18:00:00+00:00,regime_forced(signal=-0.04),14.3051,11.9264,12963.4361,690.0765374999996,0.10349908203094862,0,0.10349908203094862,-0.010020519308206122,0.04079220965187513,-0.43025173857615695,0.10349485169697625,
2006-09-12 21:00:00+00:00,DPZ,optimised_new,daily-rescreened,BUY,6.0,BUY,12.5275,0.018,65.37,1.66,0.1,6125.9475,2006-09-13 20:00:00+00:00,regime_forced(signal=-0.03),12.3382,11.5253,12527.5229,-104.72702729999975,-0.015110756336060615,0,0.0,-0.02300538814607861,0.014386226452886453,0.15109240549033243,-0.015113171366920919,
2006-09-13 18:00:00+00:00,JKHY,optimised_new,daily-rescreened,BUY,6.0,BUY,17.9487,0.4371,59.19,1.32,0.1,6856.403399999999,2006-10-01 18:00:00+00:00,"trailing_stop(4.1% from peak, still +2.5% from entry)",18.3974,16.5128,17948.653,157.51918980000036,0.02499902499902513,18,0.06930864073721216,-0.04277747134889979,0.022340596872007845,0.16417833240719526,0.0250015893385922,
2006-09-13 22:00:00+00:00,DPZ,optimised_new,daily-rescreened,BUY,6.0,BUY,12.4898,0.1536,58.53,3.6,0.1,6169.961200000001,2006-09-14 21:00:00+00:00,regime_forced(signal=-0.08),12.4501,11.4907,12489.8483,-31.932110600000453,-0.0031785937324856958,0,0.012290028663389269,-0.018415026661756026,0.017314829534554432,0.16153346696412552,-0.0031824456170986837,
2006-09-17 21:00:00+00:00,CNC,optimised_new,daily-rescreened,BUY,7.0,BUY,4.2262,0.9836,62.44,1.02,0.1,7032.3968,2006-09-18 18:00:00+00:00,"rr_stop_loss(10.1% loss, risk=8%)",3.7996,3.8881,4226.1664,-723.2173312000011,-0.10094174435663256,0,0.0,-0.10094174435663256,0.027429593188918577,-0.5799729963509728,-0.10093452663983493,
2006-09-17 23:00:00+00:00,FRT,optimised_new,daily-rescreened,BUY,6.0,BUY,51.6636,0.7689,50.53,1.02,0.1,6302.9592,2006-10-11 20:00:00+00:00,"trailing_stop(3.3% from peak, still +0.1% from entry)",51.7176,47.5306,51663.6488,-6.0245064000016235,0.0010452233293846138,23,0.03564017993326049,-0.035475654038820345,-0.0019429007024105438,0.24554650134118128,0.0010393364440370867,
2006-09-21 23:00:00+00:00,CMG,optimised_new,daily-rescreened,BUY,6.0,BUY,1.0423,0.2747,54.22,3.25,0.1,7043.8634,2006-09-24 23:00:00+00:00,regime_forced(signal=-0.15),1.0542,0.9589,1042.2859,66.25205299999944,0.011417058428475508,3,0.03684160030701333,0.0,0.00671779358334379,-0.09486958908523357,0.011439798912896482,
2006-09-25 21:00:00+00:00,CMG,optimised_new,daily-rescreened,BUY,6.0,BUY,1.0606,0.2223,54.95,1.31,0.1,7054.0506,2006-09-27 18:00:00+00:00,"rr_stop_loss(9.5% loss, risk=8%)",0.9599,0.9758,1060.6279,-683.1940454999997,-0.09494625683575336,1,0.0,-0.09494625683575336,0.002898495458593775,-0.1758512078035126,-0.0949796960213154,
2006-09-26 20:00:00+00:00,EQT,optimised_new,daily-rescreened,BUY,6.0,BUY,18.2982,0.5059,64.35,1.33,0.1,6331.1772,2006-10-08 21:00:00+00:00,signal,17.8482,16.8344,18298.2254,-168.20665440000204,-0.02459258287700445,12,0.024729208337431932,-0.03777967231749581,0.014525782542333054,-0.014540701432168901,-0.024591418441379465,
2006-09-27 21:00:00+00:00,CNC,optimised_new,daily-rescreened,BUY,6.0,BUY,4.114,0.4899,54.37,1.53,0.1,6352.016,2006-10-09 22:00:00+00:00,"trailing_stop(3.0% from peak, still +4.0% from entry)",4.2782,3.7849,4114.0144,240.56724319999995,0.03991249392318914,12,0.07241127856101125,-0.061375789985415645,0.035875442365421506,-0.5270695175247528,0.03990162085887272,
2006-10-01 23:00:00+00:00,JKHY,optimised_new,daily-rescreened,BUY,7.0,BUY,18.7908,0.985,52.8,1.33,0.1,6407.6628,2006-10-05 23:00:00+00:00,"trailing_stop(4.1% from peak, still +1.2% from entry)",19.0112,17.2875,18790.7741,62.2659179999994,0.011729144049215464,4,0.054792770930455245,-0.01917959852693882,0.026639202136828244,0.20302343097929754,0.011732080461740457,
2006-10-03 21:00:00+00:00,CMG,optimised_new,daily-rescreened,BUY,6.0,BUY,1.0109,0.1448,55.62,7.13,0.1,5782.347999999999,2006-10-04 20:00:00+00:00,regime_forced(signal=-0.02),1.0048,0.93,1010.867,-46.42180399999988,-0.006034226926501133,0,0.02740132555148883,-0.006034226926501133,0.008085679462593198,-0.13726836855630964,-0.005976757431812141,
2006-10-04 23:00:00+00:00,CMG,optimised_new,daily-rescreened,BUY,6.0,BUY,1.004,0.0774,51.53,5.66,0.1,6399.496,2006-10-05 23:00:00+00:00,regime_forced(signal=-0.00),1.0126,0.9237,1003.9879,41.96259160000045,0.00856573705179277,1,0.00856573705179277,-0.037051792828685266,0.008491074130542842,-0.13060044465613696,0.008568899157311627,
2006-10-08 22:00:00+00:00,JKHY,optimised_new,daily-rescreened,BUY,8.0,BUY,19.458,0.9744,56.68,1.74,0.1,7666.451999999999,2006-10-12 22:00:00+00:00,regime_forced(signal=-0.03),19.2146,17.9014,19458.0161,-111.13660439999927,-0.01250899373008519,4,0.00457395415767305,-0.04681878918696669,0.024919659541323025,0.21589624061415424,-0.01251028774382723,
2006-10-08 19:00:00+00:00,CMG,optimised_new,daily-rescreened,BUY,6.0,BUY,1.0783,0.147,67.25,4.28,0.1,6904.3549,2006-10-09 19:00:00+00:00,regime_forced(signal=-0.17),1.1247,0.992,1078.293,282.9933909999998,0.04303069646666048,1,0.05888899193174431,0.0,0.01901102352067685,-0.0343310778289837,0.04305287440371308,
2006-10-09 21:00:00+00:00,EXPE,optimised_new,daily-rescreened,BUY,8.0,BUY,14.757,0.8194,53.77,1.86,0.1,7585.098,2006-10-16 19:00:00+00:00,"trailing_stop(3.2% from peak, still +1.1% from entry)",14.9252,13.5765,14757.0332,71.1981492,0.011397980619367119,6,0.044622890831469815,-0.01753066341397298,0.001990042352147281,-0.28371114760573757,0.01140069924214826,
2006-10-10 00:00:00+00:00,CMG,optimised_new,daily-rescreened,BUY,6.0,BUY,1.1296,0.2794,60.81,1.23,0.1,6834.08,2006-10-11 23:00:00+00:00,regime_forced(signal=-0.06),1.1533,1.0392,1129.6,129.57345500000028,0.020980878186968886,1,0.062411473087818706,-0.041873229461756284,0.023938004014796954,-0.009790140598072372,0.020979363093964754,
2006-10-11 22:00:00+00:00,EQT,optimised_new,daily-rescreened,BUY,6.0,BUY,18.5064,0.5027,52.84,1.3,0.1,7476.585599999999,2006-10-17 20:00:00+00:00,"trailing_stop(3.0% from peak, still +0.3% from entry)",18.5639,17.0259,18506.4075,8.253598800000326,0.003107033242553981,5,0.034474560152163665,-0.014162668049971914,0.01824287415504333,0.02497192317533048,0.00310397507473148,
2006-10-12 23:00:00+00:00,CNC,optimised_new,daily-rescreened,BUY,7.0,BUY,4.3357,0.9908,52.0,2.98,0.1,7487.753900000001,2006-10-18 22:00:00+00:00,"trailing_stop(3.5% from peak, still +2.1% from entry)",4.4261,3.9888,4335.6968,140.9891713999995,0.02085015107133792,5,0.057983716585557184,-0.027515741402772322,0.04320843806643926,-0.5107164962598252,0.02085138713443513,
2006-10-12 18:00:00+00:00,CMG,optimised_new,daily-rescreened,BUY,6.0,BUY,1.1686,0.0027,57.03,1.31,0.1,6738.1476,2006-10-15 23:00:00+00:00,regime_forced(signal=-0.14),1.1212,1.0751,1168.6305,-286.5113868000007,-0.04056135546808155,3,0.028837925723087316,-0.05682012664727024,0.026810197830548832,-0.037388998771411,-0.040626269733563536,
2006-10-16 21:00:00+00:00,EXPE,optimised_new,daily-rescreened,BUY,8.0,BUY,15.3938,0.9756,58.4,2.48,0.1,7465.993,2006-11-23 19:00:00+00:00,"trailing_stop(3.3% from peak, still +6.9% from entry)",16.4587,14.1623,15393.8184,501.0280375,0.06917720121087709,37,0.10523717340747568,-0.05345658641790855,0.012732405568457894,-0.21012426136765228,0.06916721761692846,
2006-10-17 18:00:00+00:00,FRT,optimised_new,daily-rescreened,BUY,8.0,BUY,53.141,0.7349,52.5,1.34,0.1,7439.74,2006-11-02 19:00:00+00:00,"trailing_stop(3.1% from peak, still +0.8% from entry)",53.5906,48.8897,53140.9813,48.00157599999946,0.008460510716772432,16,0.040989066822227735,-0.015438173914679802,0.0018584116594666522,0.2906477700971226,0.008456793333745383,
2006-10-17 22:00:00+00:00,EQT,optimised_new,daily-rescreened,BUY,6.0,BUY,18.9149,0.5043,55.11,1.25,0.1,6733.7044,2006-10-26 19:00:00+00:00,"trailing_stop(3.7% from peak, still +9.0% from entry)",20.6259,17.4017,18914.9325,595.0394752000008,0.09045778724709103,8,0.1325357258034672,-0.009595609810255395,0.029196815361264727,0.1388238004667115,0.09045572919276768,
2006-10-20 00:00:00+00:00,CNC,optimised_new,daily-rescreened,BUY,7.0,BUY,4.4825,0.9899,53.1,1.06,0.1,6826.8475,2006-10-23 21:00:00+00:00,"trailing_stop(4.1% from peak, still +3.5% from entry)",4.6389,4.1239,4482.5,224.30530779999978,0.03489124372559948,3,0.07946458449525941,-0.014255437813720087,0.05033234876488124,-0.48719333116519814,0.034890451478050144,
2006-10-20 00:00:00+00:00,JKHY,optimised_new,daily-rescreened,BUY,6.0,BUY,19.0002,0.9832,45.36,1.55,0.1,6137.0646,2006-10-27 00:00:00+00:00,"trailing_stop(3.1% from peak, still +1.0% from entry)",19.1987,17.4802,19000.2,51.77725530000092,0.010447258449911014,7,0.042762707760970936,-0.03442595341101671,0.026669899724979906,0.2148895847366783,0.01044759881594004,
2006-10-25 18:00:00+00:00,TYL,optimised_new,daily-rescreened,BUY,6.0,BUY,14.2811,0.4016,55.91,4.04,0.1,6240.8407,2006-10-29 21:00:00+00:00,"trailing_stop(5.2% from peak, still +0.2% from entry)",14.3081,13.1386,14281.1305,-0.6944804000010762,0.0018906106672454675,4,0.05709644215081473,-0.0418875296720841,0.06903671478887174,0.8832902212289968,0.0018855003709150608,
2006-10-26 23:00:00+00:00,EQT,optimised_new,daily-rescreened,BUY,6.0,BUY,20.7088,0.4829,56.54,1.65,0.1,6336.8928,2006-10-29 22:00:00+00:00,regime_forced(signal=-0.34),20.8957,19.0521,20708.751,44.46042299999952,0.009025148729042793,2,0.03521691261685846,0.0,0.03398535001168823,0.15371867891855584,0.00902513248652248,
2006-10-29 18:00:00+00:00,CMG,optimised_new,daily-rescreened,BUY,6.0,BUY,1.2095,0.1808,56.37,1.23,0.1,7600.4980000000005,2006-10-30 18:00:00+00:00,regime_forced(signal=-0.04),1.2161,1.1128,1209.534,26.2319296000003,0.0054568003307151215,1,0.0219925589086399,-0.02356345597354276,0.028026270169606127,0.04411258201346957,0.0054100961220318045,
2006-10-29 23:00:00+00:00,TYL,optimised_new,daily-rescreened,BUY,6.0,BUY,14.4677,0.4771,56.17,1.33,0.1,6828.754400000001,2006-11-01 18:00:00+00:00,"rr_stop_loss(8.5% loss, risk=8%)",13.2421,13.3103,14467.7092,-591.5622256000001,-0.08471284309185288,2,0.0,-0.08471284309185288,0.06387420662358756,0.7429740393291926,-0.08471646165480418,
2006-11-02 19:00:00+00:00,JKHY,optimised_new,daily-rescreened,BUY,8.0,BUY,19.2229,0.7175,56.14,2.25,0.1,8285.0699,2006-11-14 19:00:00+00:00,regime_forced(signal=-0.00),19.6149,17.685,19222.864,152.2129082000002,0.020392344547388763,12,0.02901227182162944,-0.06034469304839541,0.031649968788676874,0.24123309301067164,0.02039923512525399,
2006-11-02 21:00:00+00:00,FRT,optimised_new,daily-rescreened,BUY,6.0,BUY,53.8335,0.7614,45.33,1.54,0.1,7429.023,2006-11-26 23:00:00+00:00,"trailing_stop(4.2% from peak, still +4.4% from entry)",56.1841,49.5269,53833.5353,309.20037120000023,0.04366426110135882,24,0.0893291352039158,-0.027804248284061046,0.00958950244294754,0.35310238829648943,0.04365930173096322,
2006-11-06 23:00:00+00:00,MTD,optimised_new,daily-rescreened,BUY,6.0,BUY,74.8295,0.0294,57.53,2.4,0.1,6659.8255,2006-11-08 21:00:00+00:00,regime_forced(signal=-0.08),77.1203,68.8432,74829.548,190.35766779999983,0.03061359490575247,1,0.055659866763776406,-0.019275820364962913,0.02536185258846757,0.6264723129785821,0.030611707258978438,
2006-11-08 23:00:00+00:00,MTD,optimised_new,daily-rescreened,BUY,6.0,BUY,76.2679,0.006,54.06,2.14,0.1,6025.1641,2006-11-12 21:00:00+00:00,regime_forced(signal=-0.11),84.6863,70.1665,76267.9057,652.3382182000009,0.11037933390063193,3,0.11037933390063193,-0.03971920034509921,0.029014790513533173,0.786038313611966,0.11037759543704895,
2006-11-09 19:00:00+00:00,ESS,optimised_new,daily-rescreened,BUY,6.0,BUY,92.2149,0.4864,58.37,1.21,0.0422,2305.3725,2006-11-21 18:00:00+00:00,"trailing_stop(3.8% from peak, still +0.3% from entry)",92.4676,84.8377,92214.8545,1.3229687500000353,0.0027403380581663525,11,0.04259940638660339,-0.05455409049947455,0.01968741758091741,0.512108107342131,0.002740828874032708,
2006-11-13 18:00:00+00:00,CMG,optimised_new,daily-rescreened,BUY,6.0,BUY,1.1478,0.1213,53.24,2.24,0.1,5912.3178,2006-11-14 20:00:00+00:00,regime_forced(signal=-0.02),1.1464,1.056,1147.8315,-19.028824199998798,-0.0012197246907125335,1,0.013329848405645663,-0.008712319219376206,0.02989419990413955,-0.015732852231035488,-0.001263212796381974,
2006-11-14 21:00:00+00:00,MTD,optimised_new,daily-rescreened,BUY,6.0,BUY,80.4781,0.0689,58.34,1.99,0.1,6679.6822999999995,2006-11-15 23:00:00+00:00,regime_forced(signal=-0.30),79.2857,74.0398,80478.0712,-112.22959539999968,-0.014816453171732337,1,0.028682337182413635,-0.024952129834079073,0.035796016073422976,0.672143326940388,-0.014813792612734855,
2006-11-14 23:00:00+00:00,CMG,optimised_new,daily-rescreened,BUY,6.0,BUY,1.1547,0.2111,53.29,1.3,0.1,6086.4237,2006-11-15 21:00:00+00:00,"trailing_stop(3.4% from peak, still +5.0% from entry)",1.213,1.0623,1154.7077,294.8191532999995,0.05048930458127653,0,0.08798822204901698,0.0,0.04097778707618027,0.041466154277914447,0.050482510949477755,
2006-11-15 00:00:00+00:00,EQT,optimised_new,daily-rescreened,BUY,6.0,BUY,21.652,0.4124,59.2,2.72,0.1,6755.424,2006-11-27 18:00:00+00:00,"trailing_stop(3.0% from peak, still +0.1% from entry)",21.6786,19.9198,21652.0,-5.219947199999349,0.001228523923886865,12,0.03272215037871777,-0.026828930352854226,0.036592330484875646,0.19694899221233375,0.001230705036102453,
2006-11-16 18:00:00+00:00,CMG,optimised_new,daily-rescreened,BUY,6.0,BUY,1.1944,0.0011,54.94,2.01,0.1,6098.6064,2006-11-19 18:00:00+00:00,regime_forced(signal=-0.05),1.157,1.0989,1194.4451,-202.97064839999996,-0.03131279303415931,3,0.01063295378432699,-0.03131279303415931,0.042970406976258424,-0.006612690745123162,-0.031345528555847046,
2006-11-16 19:00:00+00:00,DPZ,optimised_new,daily-rescreened,BUY,6.0,BUY,13.5597,0.053,54.14,1.36,0.1,5478.1188,2006-11-19 19:00:00+00:00,regime_forced(signal=-0.23),13.6026,12.4749,13559.7219,6.35803080000068,0.0031637868094427806,3,0.01727176854945178,-0.015745186102937368,0.020338992717299886,0.2690588715639157,0.003161513235308888,
2006-11-19 23:00:00+00:00,CMG,optimised_new,daily-rescreened,BUY,6.0,BUY,1.2053,0.137,55.56,2.22,0.1,6080.7385,2006-11-21 00:00:00+00:00,regime_forced(signal=-0.03),1.2246,1.1089,1205.3362,85.10965449999895,0.016012610968223574,1,0.030946652285737897,0.0,0.04923715153024877,0.051422528543537016,0.015982373911807457,
2006-11-28 19:00:00+00:00,EXPE,optimised_new,daily-rescreened,BUY,7.0,BUY,16.9233,0.9849,53.19,1.11,0.1,9510.894600000001,2006-12-10 18:00:00+00:00,"trailing_stop(4.0% from peak, still +8.3% from entry)",18.333,15.5694,16923.2713,772.437359399999,0.08329935650848222,11,0.1279360408430979,-0.02415013620275003,0.02484035459631495,-0.12017675629168478,0.08329878383410128,
2006-12-03 22:00:00+00:00,CMG,optimised_new,daily-rescreened,BUY,6.0,BUY,1.1901,0.1622,55.11,2.18,0.1,8575.8606,2006-12-04 23:00:00+00:00,regime_forced(signal=-0.08),1.1347,1.0949,1190.0739,-415.9649087999997,-0.046550710024367614,1,0.00394924796235623,-0.046550710024367614,0.050388929566379304,-0.025795542898775392,-0.04655941664083951,
2006-12-13 21:00:00+00:00,EXPE,optimised_new,daily-rescreened,BUY,7.0,BUY,19.2892,0.9177,54.17,2.12,0.1,9567.4432,2006-12-17 22:00:00+00:00,"trailing_stop(4.0% from peak, still +2.3% from entry)",19.7285,17.7461,19289.2119,198.5400208000006,0.022774402256184774,4,0.06543558053211122,-0.023075088650643887,0.03066722256436294,-0.05320194100899056,0.022775133370534828,
2006-12-19 19:00:00+00:00,EXPE,optimised_new,daily-rescreened,BUY,8.0,BUY,19.4533,0.9088,55.23,3.79,0.1,10271.3424,2007-01-05 00:00:00+00:00,"trailing_stop(3.7% from peak, still +0.7% from entry)",19.585,17.8971,19453.3295,48.92537760000173,0.006770059578580609,16,0.045683765736404626,-0.03137770969449906,0.03664673835246757,-0.06008801404819575,0.0067705027359887815,
2007-01-02 18:00:00+00:00,CMG,optimised_new,daily-rescreened,BUY,6.0,BUY,1.1611,0.0628,60.3,2.17,0.1,9267.9002,2007-01-03 19:00:00+00:00,regime_forced(signal=-0.02),1.1137,1.0682,1161.1332,-396.50425360000145,-0.04082335716131264,1,0.0,-0.04082335716131264,0.04969820474516773,-0.04382494772006107,-0.04088328094035676,
2007-01-07 19:00:00+00:00,EXPE,optimised_new,daily-rescreened,BUY,6.0,BUY,18.6708,0.7905,40.41,1.24,0.1,10250.2692,2007-01-10 00:00:00+00:00,"trailing_stop(3.8% from peak, still +6.0% from entry)",19.787,17.1772,18670.8175,591.6804677999987,0.059783190864879876,2,0.10207382650984421,-0.030261156458212892,0.04261878226793736,-0.05039404143809911,0.05978212520899828,
2007-01-08 18:00:00+00:00,CMG,optimised_new,daily-rescreened,BUY,6.0,BUY,1.138,0.115,56.24,1.34,0.1,9241.697999999999,2007-01-09 19:00:00+00:00,regime_forced(signal=-0.01),1.1108,1.047,1137.9969,-239.15370479999928,-0.023901581722319765,1,0.015553602811950836,-0.023901581722319765,0.050568436517782756,-0.04626653924147761,-0.023881922056719018,
2007-01-09 22:00:00+00:00,CMG,optimised_new,daily-rescreened,BUY,6.0,BUY,1.142,0.126,55.08,1.9,0.1,9219.366,2007-01-10 23:00:00+00:00,regime_forced(signal=-0.01),1.1573,1.0507,1142.0143,104.95465110000012,0.013397548161120921,1,0.026182136602451875,-0.015586690017512976,0.05489405993160301,-0.006340202078576995,0.013404803027037948,
2007-01-10 20:00:00+00:00,EXPE,optimised_new,daily-rescreened,BUY,6.0,BUY,19.5977,0.8794,49.07,2.74,0.1,10308.3902,2007-01-22 22:00:00+00:00,signal,18.7768,18.0299,19597.6673,-451.9783870000012,-0.041887568439153484,12,0.010899238175908375,-0.04453073574960318,0.03868524877226265,-0.09887637331882038,-0.041887387981016655,
2007-01-11 20:00:00+00:00,CMG,optimised_new,daily-rescreened,BUY,6.0,BUY,1.1717,0.0435,60.99,2.7,0.1,9284.550799999999,2007-01-16 22:00:00+00:00,regime_forced(signal=-0.02),1.2235,1.0779,1171.6802,391.48363519999936,0.04420926858410862,5,0.054621490142528,-0.01357002645728431,0.06178293007614122,0.05048291917268055,0.044229649034517315,
2007-01-17 23:00:00+00:00,CMG,optimised_new,daily-rescreened,BUY,6.0,BUY,1.1996,0.1364,54.64,2.42,0.1,9330.4888,2007-01-18 23:00:00+00:00,regime_forced(signal=-0.10),1.1891,1.1037,1199.6203,-100.24830859999905,-0.008752917639213032,1,0.008502834278092687,-0.012254084694898245,0.06491018846928975,0.020969823651812325,-0.008746619442072001,
2007-01-21 19:00:00+00:00,CMG,optimised_new,daily-rescreened,BUY,6.0,BUY,1.1999,0.1989,54.07,1.78,0.1,9325.6228,2007-01-22 19:00:00+00:00,regime_forced(signal=-0.14),1.1694,1.1039,1199.8677,-255.460199600001,-0.02541878489874154,1,0.010084173681140096,-0.027585632136011257,0.06470918173700779,0.0040733220424238326,-0.025353126986840113,
2007-01-23 21:00:00+00:00,MA,optimised_new,daily-rescreened,BUY,6.0,BUY,10.0963,0.1234,52.63,1.92,0.1,10288.1297,2007-01-25 22:00:00+00:00,regime_forced(signal=-0.06),10.4406,9.2886,10096.3402,329.9145989000011,0.03410160157681532,2,0.05233600427879533,-0.00975604924576326,0.008531729591444437,0.5317685246971111,0.034094278395325306,
2007-01-28 19:00:00+00:00,CMG,optimised_new,daily-rescreened,BUY,6.0,BUY,1.1764,0.1383,53.51,1.43,0.1,10327.6156,2007-01-30 20:00:00+00:00,"trailing_stop(3.1% from peak, still +3.1% from entry)",1.2125,1.0823,1176.4337,295.94974689999907,0.03068684121047265,2,0.06392383543012595,-0.02983679020741237,0.07336039493861968,0.04106704418259932,0.030687203191771317,
2007-02-07 21:00:00+00:00,MA,optimised_new,daily-rescreened,BUY,6.0,BUY,10.9121,0.1495,61.74,2.43,0.1,10366.495,2007-02-08 21:00:00+00:00,regime_forced(signal=-0.25),10.5285,10.0391,10912.0544,-384.7885700000004,-0.03515363678851928,1,0.004930306723728609,-0.03515363678851928,0.006544234739091825,0.5446734085162477,-0.03514597636823236,
2007-02-13 19:00:00+00:00,MA,optimised_new,daily-rescreened,BUY,6.0,BUY,10.5235,0.187,58.22,2.79,0.1,10334.077000000001,2007-02-14 18:00:00+00:00,regime_forced(signal=-0.11),10.4101,9.6816,10523.5128,-131.91559520000058,-0.010775882548581783,0,0.0,-0.040708889627975475,0.009330302689582348,0.5272936468607528,-0.010778524255967037,
2007-02-14 23:00:00+00:00,CMG,optimised_new,daily-rescreened,BUY,6.0,BUY,1.2255,0.0477,53.44,3.65,0.0786,8118.9375,2007-02-15 22:00:00+00:00,regime_forced(signal=-0.02),1.2925,1.1275,1225.5342,427.1932499999997,0.054671562627498935,0,0.054671562627498935,-0.020971032231742192,0.07699589542093577,0.10975792636604353,0.054676227808950095,
2007-02-20 00:00:00+00:00,CMG,optimised_new,daily-rescreened,BUY,6.0,BUY,1.2778,0.1045,54.42,2.05,0.1858,19287.1132,2007-02-21 00:00:00+00:00,regime_forced(signal=-0.15),1.2716,1.1756,1277.8,-132.0634436,-0.004852089528877746,1,0.02848646110502425,-0.004852089528877746,0.08599402663610012,0.09177741412208573,-0.004852685413611724,
2007-03-13 20:00:00+00:00,MA,optimised_new,daily-rescreened,BUY,6.0,BUY,10.0469,0.0273,57.65,2.18,0.1,10388.4946,2007-03-14 19:00:00+00:00,regime_forced(signal=-0.02),10.1082,9.2431,10046.8697,42.54382659999993,0.006101384506663672,0,0.006877743383531121,-0.04269973822771205,0.013198480825240333,0.4830060835418075,0.006107899916019788,
2007-03-18 18:00:00+00:00,MA,optimised_new,daily-rescreened,BUY,6.0,BUY,10.0476,0.1988,54.21,1.24,0.1,10399.266,2007-03-19 21:00:00+00:00,regime_forced(signal=-0.01),9.9935,9.2437,10047.5532,-76.73603850000073,-0.0053843703969107095,1,0.019288188224053638,-0.020054540387754227,0.01613700767780757,0.4661653631588081,-0.0053831605863874366,
2007-03-18 23:00:00+00:00,CMG,optimised_new,daily-rescreened,BUY,6.0,BUY,1.2408,0.081,53.03,1.78,0.1511,14152.564799999998,2007-03-20 00:00:00+00:00,regime_forced(signal=-0.08),1.2846,1.1415,1240.7716,470.77808760000033,0.03529980657640237,1,0.05939716312056746,-0.0011283043197935574,0.10036265136229883,0.10293719015437275,0.03532185874993221,
2007-03-20 18:00:00+00:00,MA,optimised_new,daily-rescreened,BUY,6.0,BUY,10.2279,0.0236,56.41,2.26,0.1,10442.6859,2007-03-21 20:00:00+00:00,regime_forced(signal=-0.10),10.1174,9.4097,10227.901,-133.59305129999893,-0.010803781812493283,1,0.021773775652871037,-0.010803781812493283,0.018772769766765007,0.4843554563987542,-0.010799204300892762,
2007-04-01 22:00:00+00:00,MA,optimised_new,daily-rescreened,BUY,6.0,BUY,10.195,0.0597,56.18,1.71,0.1,10449.875,2007-04-02 22:00:00+00:00,regime_forced(signal=-0.14),10.0987,9.3794,10194.9708,-119.50854250000133,-0.009445806768023654,1,0.008680725846002922,-0.03432074546346247,0.02289240212753496,0.48160095920113366,-0.009444838346512108,
2007-04-03 00:00:00+00:00,CMG,optimised_new,daily-rescreened,BUY,6.0,BUY,1.279,0.1193,58.35,1.67,0.1408,14704.662999999999,2007-04-08 18:00:00+00:00,regime_forced(signal=-0.03),1.2853,1.1767,1279.0,42.949342900001724,0.004925723221266767,5,0.016106333072713194,-0.009304143862392512,0.10712909455056474,0.10352776196965419,0.004914533788480391,
2007-04-09 20:00:00+00:00,MA,optimised_new,daily-rescreened,BUY,6.0,BUY,10.3625,0.0415,61.58,2.72,0.1,10445.400000000001,2007-04-16 00:00:00+00:00,regime_forced(signal=-0.04),10.2706,9.5335,10362.5486,-113.43336480000056,-0.008868516284680411,6,0.012188178528347285,-0.02006272617611584,0.02591348914514313,0.5068211588409974,-0.008873402865881452,
2007-04-11 22:00:00+00:00,CMG,optimised_new,daily-rescreened,BUY,6.0,BUY,1.3036,0.0963,53.51,2.35,0.1177,11076.6892,2007-04-12 21:00:00+00:00,regime_forced(signal=-0.01),1.3435,1.1993,1303.5598,316.53789129999785,0.030607548327707748,0,0.030607548327707748,-0.022783062289045763,0.11077728671608189,0.1535493001184487,0.03067485853993257,
2007-04-17 18:00:00+00:00,MA,optimised_new,daily-rescreened,BUY,6.0,BUY,10.4681,0.0715,57.36,1.29,0.1,10478.5681,2007-04-18 22:00:00+00:00,regime_forced(signal=-0.07),10.0917,9.6307,10468.1158,-397.3567598000015,-0.03595685941097241,1,0.0,-0.03595685941097241,0.026481576607616963,0.4805788214884925,-0.035956346024026975,
2007-04-22 19:00:00+00:00,MA,optimised_new,daily-rescreened,BUY,6.0,BUY,10.3768,0.1284,55.87,1.59,0.1,10449.4376,2007-04-23 23:00:00+00:00,regime_forced(signal=-0.00),10.2654,9.5466,10376.7582,-132.96649539999976,-0.01073548685529255,1,0.008846657929226833,-0.01073548685529255,0.027778044136488766,0.5060610931983558,-0.010731869330977362,
2007-04-25 18:00:00+00:00,MA,optimised_new,daily-rescreened,BUY,6.0,BUY,10.3969,0.0964,56.93,1.25,0.1,10438.4876,2007-04-29 19:00:00+00:00,regime_forced(signal=-0.14),10.2989,9.5652,10396.9308,-119.17058320000214,-0.009425886562340769,4,0.032788619684713666,-0.028393078706152913,0.031958027629107155,0.5109804954505948,-0.009424249571809096,
2007-04-29 22:00:00+00:00,MA,optimised_new,daily-rescreened,BUY,6.0,BUY,10.4455,0.2472,53.01,3.67,0.1,10435.054499999998,2007-05-01 23:00:00+00:00,regime_forced(signal=-0.01),11.719,9.6098,10445.4535,1250.0841644999998,0.12191852951031548,2,0.12191852951031548,-0.028280120626106842,0.04317807824947062,0.7193163421113355,0.12192072364965445,
2007-05-04 00:00:00+00:00,MA,optimised_new,daily-rescreened,BUY,6.0,BUY,12.6432,0.0807,63.08,2.37,0.1,10557.072,2007-05-06 23:00:00+00:00,regime_forced(signal=-0.13),12.4087,11.6317,12643.2,-216.72583650000018,-0.018547519615287316,2,0.021078524424196454,-0.02297677803087824,0.03977271089222989,0.8205001828870229,-0.01855000654219452,
2007-05-07 21:00:00+00:00,CMG,optimised_new,daily-rescreened,BUY,6.0,BUY,1.53,0.4441,52.99,2.08,0.25,26372.61,2007-05-09 22:00:00+00:00,regime_forced(signal=-0.15),1.4989,1.4076,1529.9731,-588.2798493000024,-0.020326797385620998,2,0.05790849673202615,-0.026993464052287655,0.11881535303453061,0.28693960054314127,-0.02030623180999447,
2007-05-08 19:00:00+00:00,MA,optimised_new,daily-rescreened,BUY,6.0,BUY,13.4122,0.4437,63.51,2.36,0.1,7899.785800000001,2007-05-13 18:00:00+00:00,regime_forced(signal=-0.11),13.0271,12.3392,13412.228,-242.3966476999992,-0.02871266458895629,4,0.021659384739267217,-0.07348533424792351,0.04662069519658063,0.9112362882154035,-0.028713189665353966,
2007-05-10 00:00:00+00:00,CMG,optimised_new,daily-rescreened,BUY,6.0,BUY,1.611,0.4176,58.21,3.94,0.1891,18346.068,2007-05-15 00:00:00+00:00,"trailing_stop(9.0% from peak, still +0.7% from entry)",1.622,1.4821,1611.0,88.45059600000496,0.0068280571073867915,5,0.10608317815021728,-0.06294227188081933,0.14626977349024073,0.392625669660132,0.00682708051346026,
2007-05-15 19:00:00+00:00,CMG,optimised_new,daily-rescreened,BUY,6.0,BUY,1.7109,0.4611,56.65,2.26,0.2172,22768.6572,2007-05-17 19:00:00+00:00,"rr_stop_loss(9.1% loss, risk=8%)",1.5546,1.5741,1710.9496,-2123.4976739999997,-0.09135542696826238,2,0.0038576187971242847,-0.09135542696826238,0.1534549559016849,0.334731026215884,-0.09139908281738363,
2007-05-28 21:00:00+00:00,CMG,optimised_new,daily-rescreened,BUY,6.0,BUY,1.7312,0.3977,54.56,1.24,0.0314,3230.4192000000003,2007-05-30 00:00:00+00:00,regime_forced(signal=-0.04),1.7212,1.5927,1731.1625,-25.10217840000027,-0.005776340110905735,1,0.03725739371534196,-0.01756007393715341,0.15573248080716717,0.47779893386776773,-0.005754375909524878,
2007-06-06 21:00:00+00:00,MA,optimised_new,daily-rescreened,BUY,6.0,BUY,14.0621,0.0539,55.47,2.05,0.1,10293.457199999999,2007-06-07 21:00:00+00:00,regime_forced(signal=-0.16),13.2023,12.9371,14062.1009,-649.3311407999996,-0.06114307251406262,1,0.0,-0.06914330007609097,0.04345612909498886,0.9369383073356681,-0.06114438983120185,
2007-06-12 18:00:00+00:00,MA,optimised_new,daily-rescreened,BUY,6.0,BUY,13.8266,0.1762,56.74,1.26,0.1,10231.684,2007-06-13 00:00:00+00:00,"trailing_stop(3.4% from peak, still +2.1% from entry)",14.1115,12.7204,13826.5523,190.15180600000016,0.020605210246915393,0,0.05608030896966725,0.0,0.049541587143847376,1.0703294099470289,0.020609297691312367,
2007-06-14 18:00:00+00:00,MA,optimised_new,daily-rescreened,BUY,6.0,BUY,14.5451,0.0475,61.96,2.09,0.1,10254.2955,2007-06-17 21:00:00+00:00,regime_forced(signal=-0.01),15.4719,13.3815,14545.1195,632.2320149999986,0.06371905315192058,3,0.07872754398388468,-0.019779857134017587,0.060914986946556615,1.2699259550414523,0.06372103724287181,
2007-06-18 00:00:00+00:00,MA,optimised_new,daily-rescreened,BUY,6.0,BUY,15.4564,0.1213,64.73,1.44,0.1,10324.8752,2007-06-19 21:00:00+00:00,"trailing_stop(5.7% from peak, still +0.8% from entry)",15.5841,14.2199,15456.4,64.56854599999855,0.008261949742501426,1,0.06947283972982067,-0.0234918868559303,0.06533004595662062,1.2863807657331177,0.00826128872163201,
2007-07-19 22:00:00+00:00,MA,optimised_new,daily-rescreened,BUY,6.0,BUY,16.0001,0.1956,52.44,1.87,0.1,10368.0648,2007-07-23 20:00:00+00:00,regime_forced(signal=-0.02),15.6888,14.7201,16000.1485,-222.2568071999986,-0.01945612839919746,3,0.008662445859713394,-0.04946844082224481,0.07086800965666673,1.301752852471076,-0.019455040151571512,
2007-09-25 00:00:00+00:00,CMG,optimised_new,daily-rescreened,BUY,6.0,BUY,2.293,0.0457,53.9,1.24,0.1657,17321.322,2007-09-26 00:00:00+00:00,regime_forced(signal=-0.04),2.3418,2.1096,2293.0,333.6239208000004,0.021282163105102465,1,0.056083733100741405,0.0,0.1659426903508241,1.0106476685412265,0.021282609164889443,
2007-09-27 22:00:00+00:00,CMG,optimised_new,daily-rescreened,BUY,6.0,BUY,2.3858,0.0917,54.98,2.67,0.25,26224.713600000003,2007-09-30 22:00:00+00:00,regime_forced(signal=-0.14),2.3793,2.195,2385.8229,-123.82597920000208,-0.0027244530136641587,3,0.001173610528962902,-0.05817755050716751,0.1644386436464289,1.0428788975695458,-0.0027175127780741937,
2007-10-08 21:00:00+00:00,CMG,optimised_new,daily-rescreened,BUY,6.0,BUY,2.6446,0.096,64.1,2.26,0.25,26229.1428,2007-10-09 21:00:00+00:00,regime_forced(signal=-0.14),2.6853,2.433,2644.5856,350.8006517999992,0.015389851017166957,1,0.02711185056341219,-0.023519624896014616,0.17822625045863916,1.3055810478867538,0.015398543758754268,
2010-11-05 00:00:00+00:00,GNRC,optimised_new,daily-rescreened,BUY,6.0,BUY,9.2514,0.0159,60.36,3.78,0.1,12239.602200000001,2010-11-08 00:00:00+00:00,regime_forced(signal=-0.16),9.3831,8.5113,9251.4,149.58565650000062,0.014235683247940892,3,0.031681691419676916,0.0,0.03766463178757995,-0.040193617136165094,0.014235726130593651,
2010-11-10 18:00:00+00:00,GNRC,optimised_new,daily-rescreened,BUY,6.0,BUY,9.3461,0.3465,54.3,1.47,0.1,12262.0832,2010-11-10 22:00:00+00:00,"trailing_stop(5.0% from peak, still +2.1% from entry)",9.5461,8.5984,9346.1173,237.61343359999887,0.02139930024288198,0,0.07561442740822372,0.0,0.044400539658124405,-0.023519315362729554,0.02139763819584406,
2010-11-11 23:00:00+00:00,GNRC,optimised_new,daily-rescreened,BUY,6.0,BUY,9.3013,0.2255,50.28,2.19,0.1,12287.0173,2010-11-14 23:00:00+00:00,regime_forced(signal=-0.26),9.9539,8.5572,9301.2627,836.6484808000015,0.07016223538645151,3,0.07016223538645151,0.0,0.05171883093968277,0.01819282472012307,0.07016431696973302,
2010-11-18 22:00:00+00:00,GNRC,optimised_new,daily-rescreened,BUY,6.0,BUY,9.6969,0.3096,54.62,2.63,0.1,12382.941299999999,2010-11-21 22:00:00+00:00,regime_forced(signal=-0.19),9.9801,8.9212,9696.932,336.51887100000056,0.02920520991244633,3,0.04326124844022328,0.0,0.06411972233558116,0.02087566132288421,0.02919979095877201,
2010-11-22 21:00:00+00:00,GNRC,optimised_new,daily-rescreened,BUY,6.0,BUY,9.9109,0.0759,53.46,4.96,0.1,12428.2686,2010-11-23 21:00:00+00:00,regime_forced(signal=-0.20),10.2745,9.118,9910.8977,430.6419084000014,0.0366868801017062,1,0.061185159773582694,0.0,0.07472958511136896,0.05098716862824548,0.036682267693791015,
2010-12-14 00:00:00+00:00,GNRC,optimised_new,daily-rescreened,BUY,6.0,BUY,10.424,0.0501,52.52,1.75,0.1,12508.8,2010-12-15 00:00:00+00:00,regime_forced(signal=-0.05),10.424,9.5901,10424.0,-25.01759999999961,0.0,1,0.0,-0.03666538756715265,0.09066174400403759,0.06628807265056524,-9.080878907719026e-07,
2010-12-15 20:00:00+00:00,GNRC,optimised_new,daily-rescreened,BUY,6.0,BUY,10.4007,0.1464,52.34,1.96,0.1,12501.6414,2010-12-16 20:00:00+00:00,regime_forced(signal=-0.20),10.1347,9.5686,10400.6544,-344.4155508000002,-0.025575201669118426,1,0.0074706510138740755,-0.025575201669118426,0.09063956904139436,0.03669251954642383,-0.02557321639079224,
2010-12-16 23:00:00+00:00,GNRC,optimised_new,daily-rescreened,BUY,6.0,BUY,10.4116,0.316,52.98,2.57,0.1,12473.0968,2010-12-19 23:00:00+00:00,regime_forced(signal=-0.31),10.8444,9.5787,10411.6072,493.0297120000017,0.041569019170924766,3,0.041569019170924766,0.0,0.09791757893514585,0.10928825464656233,0.04156556976562831,
2010-12-20 21:00:00+00:00,GNRC,optimised_new,daily-rescreened,BUY,6.0,BUY,10.8228,0.336,58.95,2.01,0.1,12521.9796,2010-12-21 21:00:00+00:00,regime_forced(signal=-0.28),10.3617,9.957,10822.7911,-558.0031664999987,-0.042604501607717046,1,0.009212033854455275,-0.049210925084081786,0.09637881814923932,0.05991720231744857,-0.04260144871344407,
2010-12-22 23:00:00+00:00,GNRC,optimised_new,daily-rescreened,BUY,6.0,BUY,11.0115,0.4089,60.18,2.01,0.1,12476.0295,2010-12-26 19:00:00+00:00,"rr_stop_loss(9.3% loss, risk=8%)",9.9863,10.1306,11011.5084,-1185.3421074000003,-0.09310266539526857,3,0.0,-0.09310266539526857,0.09378267504257876,0.02151812593960445,-0.09309992829407554,
2011-01-10 23:00:00+00:00,GNRC,optimised_new,daily-rescreened,BUY,6.0,BUY,11.1016,0.1888,65.34,1.48,0.0239,2953.0256,2011-01-11 23:00:00+00:00,regime_forced(signal=-0.12),10.9788,10.2134,11101.5673,-38.538186399999816,-0.011061468617136251,1,0.00532355696476191,-0.011061468617136251,0.0945417542123459,0.12304389373609181,-0.011053160200443224,
2011-01-26 20:00:00+00:00,GNRC,optimised_new,daily-rescreened,BUY,6.0,BUY,11.1578,0.1362,65.3,1.97,0.0104,1283.147,2011-01-27 19:00:00+00:00,regime_forced(signal=-0.03),10.4533,10.2652,11157.8014,-84.94613824999998,-0.06313968703507855,0,0.0,-0.06313968703507855,0.09423181188909302,0.0692842482826681,-0.06313838129857763,
2012-01-19 19:00:00+00:00,MPC,optimised_new,daily-rescreened,BUY,6.0,BUY,12.9642,0.0674,63.0,2.33,0.1,13016.0568,2012-01-22 19:00:00+00:00,regime_forced(signal=-0.02),13.5275,11.9271,12964.2489,538.955533200001,0.043450425016584124,3,0.043450425016584124,0.0,0.05357030639628624,0.05287954006920659,0.043448312827164104,
2012-01-23 00:00:00+00:00,MPC,optimised_new,daily-rescreened,BUY,6.0,BUY,13.4991,0.1227,61.55,1.84,0.1,13080.6279,2012-01-24 19:00:00+00:00,regime_forced(signal=-0.15),14.6622,12.4192,13499.1,1099.755600299998,0.08616129964219837,1,0.08616129964219837,-0.056618589387440674,0.06683596564986671,0.14119356857450116,0.08615945008074588,
2012-01-25 21:00:00+00:00,MPC,optimised_new,daily-rescreened,BUY,6.0,BUY,13.9123,0.0404,56.05,1.46,0.1,13188.8604,2012-01-26 20:00:00+00:00,regime_forced(signal=-0.15),14.2897,12.7993,13912.3216,331.0397039999985,0.02712707460304908,0,0.02712707460304908,-0.05423258555379054,0.06907090935407068,0.11220040244078988,0.027123843024274175,
2012-01-31 00:00:00+00:00,MPC,optimised_new,daily-rescreened,BUY,6.0,BUY,13.6208,0.0252,54.29,2.4,0.1,13239.417599999999,2012-01-31 23:00:00+00:00,regime_forced(signal=-0.28),15.2172,12.5311,13620.8,1523.670264,0.11720310113943389,0,0.11720310113943389,-0.014984435569129467,0.0858060290085143,0.18438807671701607,0.11720011482620607,
2012-02-01 22:00:00+00:00,MPC,optimised_new,daily-rescreened,BUY,6.0,BUY,15.5245,0.1899,64.89,1.36,0.1,13397.6435,2012-02-02 21:00:00+00:00,regime_forced(signal=-0.10),16.0997,14.2826,15524.5317,469.1059153999981,0.03705111275725459,0,0.06141260588102689,-0.022828432477696548,0.09906000735962373,0.2530820850717097,0.037052524683145904,
2012-02-05 19:00:00+00:00,MPC,optimised_new,daily-rescreened,BUY,6.0,BUY,16.3914,0.1355,63.58,1.62,0.1,13440.948,2012-02-06 19:00:00+00:00,regime_forced(signal=-0.14),15.3648,15.0801,16391.366,-867.8520840000007,-0.06263040374830704,1,0.0,-0.06263040374830704,0.09720369827945574,0.19588403342050031,-0.0626262461256133,
2012-02-07 20:00:00+00:00,MPC,optimised_new,daily-rescreened,BUY,6.0,BUY,15.8132,0.0645,55.1,2.22,0.1,13362.154,2012-02-08 19:00:00+00:00,regime_forced(signal=-0.05),16.6669,14.5481,15813.1892,693.9308154999984,0.05398654288821985,0,0.05398654288821985,0.0,0.10500086473838599,0.29722931163388444,0.05398890815373658,
2012-02-13 22:00:00+00:00,MPC,optimised_new,daily-rescreened,BUY,6.0,BUY,16.1096,0.0397,54.97,1.34,0.1,13435.4064,2012-02-14 21:00:00+00:00,regime_forced(signal=-0.19),15.0558,14.8208,16109.5651,-904.8611435999993,-0.06541441128271346,0,0.0,-0.06541441128271346,0.10107371180667579,0.17183196623746055,-0.06541399641151602,
2012-07-02 22:00:00+00:00,MPC,optimised_new,daily-rescreened,BUY,7.0,BUY,16.4034,0.8656,52.4,1.24,0.0896,12187.726200000001,2012-07-09 22:00:00+00:00,"rr_stop_loss(8.4% loss, risk=8%)",15.0205,15.0911,16403.36,-1050.8426577000012,-0.08430569272224057,7,0.02832339636904527,-0.08430569272224057,0.10623476090027606,0.16909100294406643,-0.0842987498797636,
2012-07-19 21:00:00+00:00,MPC,optimised_new,daily-rescreened,BUY,6.0,BUY,15.7569,0.289,38.63,1.28,0.056,7579.0689,2012-07-23 19:00:00+00:00,"trailing_stop(5.4% from peak, still +1.3% from entry)",15.966,14.4963,15756.867,85.31838509999993,0.013270376787312186,3,0.07101016062804243,0.0,0.10818947119356137,0.24267658997937258,0.013273482137176051,
2012-07-31 20:00:00+00:00,MPC,optimised_new,daily-rescreened,BUY,8.0,BUY,17.187,0.8772,53.14,3.37,0.1739,23597.751,2012-08-06 22:00:00+00:00,"trailing_stop(4.1% from peak, still +4.0% from entry)",17.8821,15.812,17186.9531,906.2224256999991,0.04044335835224298,6,0.08477919357654043,-0.02567056496188992,0.13485678958748992,0.3918075270508481,0.040443274496645865,
2012-08-09 19:00:00+00:00,MPC,optimised_new,daily-rescreened,BUY,8.0,BUY,18.1255,0.8152,54.39,2.81,0.1831,25031.315499999997,2012-08-30 22:00:00+00:00,"trailing_stop(3.2% from peak, still +1.1% from entry)",18.3246,16.6754,18125.467,224.61951190000434,0.010984524564839667,21,0.04429119196711822,-0.07773578659899032,0.14799396454929603,0.4262515142888905,0.010987312867341448,
2012-09-04 00:00:00+00:00,MPC,optimised_new,daily-rescreened,BUY,8.0,BUY,18.4602,0.9196,53.01,2.29,0.1838,25253.5536,2012-09-10 23:00:00+00:00,"trailing_stop(3.3% from peak, still +1.9% from entry)",18.8142,16.9834,18460.2,433.28062079999614,0.019176390288295857,6,0.053742646341859816,-0.01724250008125593,0.15713215788655255,0.46435632472725086,0.01917793420888203,
2012-09-17 00:00:00+00:00,MPC,optimised_new,daily-rescreened,BUY,6.0,BUY,19.5,0.9295,43.21,1.78,0.1638,22600.5,2012-09-24 19:00:00+00:00,regime_forced(signal=-0.12),18.7356,17.94,19500.0,-930.2546603999976,-0.039199999999999915,7,0.02204102564102565,-0.043425641025641115,0.15657937274315437,0.4582405351363965,-0.039197158030953694,
2012-09-24 22:00:00+00:00,MPC,optimised_new,daily-rescreened,BUY,6.0,BUY,19.5401,0.2787,52.62,2.1,0.0257,3517.218,2012-09-25 22:00:00+00:00,regime_forced(signal=-0.26),19.5523,17.9769,19540.1424,-4.840631999999957,0.0006243570913147829,1,0.019053126647253737,-0.012221022410325315,0.15787468401643645,0.5218010060410441,0.0006203546536911464,
2012-11-13 20:00:00+00:00,MPC,optimised_new,daily-rescreened,BUY,6.0,BUY,20.0315,0.0743,55.06,1.54,0.139,19210.2085,2012-11-14 20:00:00+00:00,regime_forced(signal=-0.35),18.6819,18.429,20031.5373,-1331.3925506000007,-0.06737388612934639,1,0.010598307665426904,-0.06737388612934639,0.16116694438234025,0.45406380474918606,-0.06737540111208151,
2012-11-28 00:00:00+00:00,MPC,optimised_new,daily-rescreened,BUY,6.0,BUY,21.6767,0.2938,53.49,1.65,0.063,8627.3266,2012-11-29 00:00:00+00:00,regime_forced(signal=-0.18),21.7523,19.9426,21676.7,12.804058000000456,0.003487615734867459,1,0.013904330456204173,-0.02994920813592477,0.1667796092009226,0.6930384857302245,0.0034871610304350042,
2013-02-05 21:00:00+00:00,MPC,optimised_new,daily-rescreened,BUY,7.0,BUY,27.9644,0.8416,57.31,1.04,0.1335,18484.4684,2013-02-12 18:00:00+00:00,"trailing_stop(3.4% from peak, still +4.9% from entry)",29.3342,25.7273,27964.4174,867.5634253999979,0.04898370785713256,6,0.08640628799473615,0.0,0.18139119791869396,1.2831672655406394,0.04898250040681451,
2013-02-25 21:00:00+00:00,MPC,optimised_new,daily-rescreened,BUY,7.0,BUY,30.4937,0.7642,56.56,1.02,0.1662,23205.7057,2013-03-04 21:00:00+00:00,"trailing_stop(3.8% from peak, still +8.0% from entry)",32.924,28.0542,30493.7468,1801.1974302999972,0.0796984295116696,7,0.1224908751643783,-0.029402794675621503,0.20485369319723468,1.5625795478084163,0.07969936505873343,
2013-02-28 19:00:00+00:00,WDAY,optimised_new,daily-rescreened,BUY,6.0,BUY,56.6038,0.4723,51.47,2.3,0.1,11603.779,2013-03-03 18:00:00+00:00,regime_forced(signal=-0.03),57.1007,52.0755,56603.8017,78.55507750000018,0.008778562570004199,2,0.030701119006144466,0.0,0.004539407293228992,-0.020792698857491354,0.008777284741481761,
2013-03-03 21:00:00+00:00,WDAY,optimised_new,daily-rescreened,BUY,6.0,BUY,58.1043,0.1597,54.77,2.57,0.1,11620.86,2013-03-04 20:00:00+00:00,regime_forced(signal=-0.07),65.7342,53.456,58104.3252,1501.2122999999983,0.13131386145259472,0,0.13131386145259472,0.0,0.017037557199045983,0.12726115529000248,0.13131241470964983,
2013-03-05 22:00:00+00:00,MPC,optimised_new,daily-rescreened,BUY,8.0,BUY,33.0013,0.6287,55.81,1.27,0.25,35773.4092,2013-03-17 21:00:00+00:00,"trailing_stop(4.7% from peak, still +0.0% from entry)",33.0106,30.3612,33001.3292,-61.475699600004134,0.0002818070803270201,11,0.049743494953229016,-0.06454897231321197,0.2157772557573916,1.5693207814186358,0.0002835091518393895,
2013-03-18 19:00:00+00:00,MPC,optimised_new,daily-rescreened,BUY,6.0,BUY,31.397,0.572,42.77,1.38,0.25,35823.977,2013-03-20 23:00:00+00:00,"trailing_stop(4.4% from peak, still +4.6% from entry)",32.8559,28.8853,31397.0141,1591.292341100001,0.046466222887537025,2,0.09486256648724403,-0.023221963881899513,0.22856830787493188,1.5572813904309073,0.04646496729285965,
2013-03-21 21:00:00+00:00,MPC,optimised_new,daily-rescreened,BUY,8.0,BUY,33.3381,0.4344,55.26,1.44,0.25,36238.5147,2013-04-01 23:00:00+00:00,"rr_stop_loss(9.3% loss, risk=8%)",30.2495,30.671,33338.0883,-3426.4279212000015,-0.09264475180049242,11,0.02568232742717795,-0.09264475180049242,0.23009269905777208,1.3544105331988816,-0.09264635579138147,
2013-11-06 23:00:00+00:00,CDW,optimised_new,daily-rescreened,BUY,8.0,BUY,20.8433,0.8837,54.84,5.45,0.1,14590.31,2013-11-12 21:00:00+00:00,"rr_stop_loss(8.3% loss, risk=8%)",19.1186,19.1759,20843.3412,-1235.2633299999984,-0.08274601430675559,5,0.019977642695734335,-0.08274601430675559,-0.003847035046001701,-0.0807889143899535,-0.0827483876864803,
2013-11-21 18:00:00+00:00,CDW,optimised_new,daily-rescreened,BUY,8.0,BUY,20.2399,0.8911,60.33,1.49,0.1,14491.768399999999,2013-11-29 00:00:00+00:00,"trailing_stop(3.9% from peak, still +0.4% from entry)",20.3203,18.6207,20239.8849,28.52529679999971,0.003972351642053613,7,0.04446168212293551,-0.03778180722236759,-0.0003820887568233289,-0.023009397752858596,0.00397476578299627,
2013-12-08 20:00:00+00:00,CDW,optimised_new,daily-rescreened,BUY,7.0,BUY,21.136,0.7934,60.05,1.07,0.1,14520.431999999999,2013-12-09 19:00:00+00:00,"rr_stop_loss(8.0% loss, risk=8%)",19.445,19.4451,21136.0282,-1189.596146999999,-0.0800056775170325,0,0.0,-0.0800056775170325,3.9742280147914144e-05,-0.0650919215267588,-0.08000620616716558,
2013-12-10 19:00:00+00:00,CDW,optimised_new,daily-rescreened,BUY,8.0,BUY,20.6751,0.8509,53.46,1.22,0.1,14410.5447,2014-01-01 18:00:00+00:00,"trailing_stop(3.2% from peak, still +0.8% from entry)",20.8334,19.0211,20675.0794,81.40367549999809,0.007656553051738591,21,0.04058021484781203,-0.05702028043395189,0.00484897730808842,0.0016594324619170209,0.007655205963921441,
2014-01-01 21:00:00+00:00,CDW,optimised_new,daily-rescreened,BUY,8.0,BUY,21.0611,0.9295,52.78,1.76,0.1,14468.975699999999,2014-01-02 23:00:00+00:00,"trailing_stop(3.0% from peak, still +3.1% from entry)",21.7076,19.3762,21061.0917,414.76340310000126,0.030696402372145788,1,0.06284572030900566,0.0,0.01103581223892669,0.0436927421599449,0.030697545413340466,
2014-01-05 20:00:00+00:00,CDW,optimised_new,daily-rescreened,BUY,7.0,BUY,21.5086,0.9266,52.54,1.04,0.1,14518.305,2014-01-13 18:00:00+00:00,"trailing_stop(3.0% from peak, still +3.0% from entry)",22.1534,19.788,21508.6475,405.7681499999995,0.029978706191941828,7,0.0618775745515747,-0.009521772686274434,0.01653447912318451,0.06512219137048003,0.029971781593765012,
2014-01-07 00:00:00+00:00,WDAY,optimised_new,daily-rescreened,BUY,6.0,BUY,88.13,0.0021,66.12,2.1,0.1,13043.24,2014-01-08 00:00:00+00:00,regime_forced(signal=-0.04),89.0,81.0796,88130.0,102.54476000000156,0.009871780324520647,1,0.0264223306479066,0.0,0.019505356174247757,0.5262882822300419,0.00987318367328105,
2014-01-08 21:00:00+00:00,WDAY,optimised_new,daily-rescreened,BUY,6.0,BUY,90.2999,0.032,64.63,2.28,0.1,13003.185599999999,2014-01-09 21:00:00+00:00,regime_forced(signal=-0.11),88.5708,83.0759,90299.8862,-274.747780799998,-0.01914841544675009,1,0.004290148715557819,-0.01914841544675009,0.021145275173173994,0.5189300927004139,-0.019148190657820807,
2014-01-13 22:00:00+00:00,CDW,optimised_new,daily-rescreened,BUY,7.0,BUY,22.3238,0.9223,51.96,2.25,0.1,14555.1176,2014-01-28 20:00:00+00:00,"rr_stop_loss(8.7% loss, risk=8%)",20.3849,20.5379,22323.8361,-1292.0088724000007,-0.08685349268493717,14,0.02870926992716303,-0.08685349268493717,0.011866136177103526,-0.01990201178073958,-0.0868526420224548,
2014-01-13 22:00:00+00:00,WDAY,optimised_new,daily-rescreened,BUY,6.0,BUY,90.1374,0.2112,58.45,2.52,0.1,13069.923,2014-01-15 00:00:00+00:00,regime_forced(signal=-0.01),90.84,82.9265,90137.4499,75.63527700000033,0.007794766656238186,1,0.030679828794706744,-0.00765608948116987,0.025460733825387605,0.5578426367905698,0.007793803083111062,
2014-01-15 20:00:00+00:00,WDAY,optimised_new,daily-rescreened,BUY,6.0,BUY,90.3918,0.1431,53.36,2.2,0.1,13106.811,2014-01-16 20:00:00+00:00,regime_forced(signal=-0.04),92.8685,83.1605,90391.808,332.54875649999997,0.02739960925659179,1,0.03991733763460841,0.0,0.030461123393768164,0.5926298230584901,0.02739878268579199,
2014-01-16 22:00:00+00:00,WDAY,optimised_new,daily-rescreened,BUY,6.0,BUY,93.742,0.0026,61.88,1.45,0.1,13123.880000000001,2014-01-21 20:00:00+00:00,regime_forced(signal=-0.03),92.7926,86.2426,93741.9994,-159.03084400000162,-0.010127797572059604,4,0.005776492927396463,-0.024154594525399562,0.032065933390297285,0.5913310099367961,-0.010126497611104512,
2014-01-22 19:00:00+00:00,WDAY,optimised_new,daily-rescreened,BUY,6.0,BUY,92.986,0.3108,51.47,1.54,0.1,13111.026,2014-01-23 19:00:00+00:00,regime_forced(signal=-0.07),91.4087,85.5471,92985.9608,-248.39895270000076,-0.01696276858881991,1,0.032963026692190235,-0.01696276858881991,0.035923046918513,0.567594298037696,-0.016964342857264003,
2014-01-30 18:00:00+00:00,WDAY,optimised_new,daily-rescreened,BUY,6.0,BUY,92.8161,0.0958,65.19,1.54,0.1,14386.4955,2014-01-31 00:00:00+00:00,regime_forced(signal=-0.15),89.54,85.3908,92816.0619,-536.0606954999995,-0.035296678054777125,0,0.0036017458178053043,-0.035296678054777125,0.038227864797512945,0.5355509025289258,-0.035297199677830515,
2014-02-05 00:00:00+00:00,WDAY,optimised_new,daily-rescreened,BUY,6.0,BUY,88.59,0.2199,50.72,1.26,0.1,14351.58,2014-02-05 23:00:00+00:00,regime_forced(signal=-0.01),90.7347,81.5028,88590.0,318.3907985999999,0.0242092786996275,0,0.053959814877525644,0.0,0.046014098928024216,0.5560425185725655,0.024210368797229265,
2014-02-06 21:00:00+00:00,WDAY,optimised_new,daily-rescreened,BUY,6.0,BUY,92.4917,0.1624,58.61,2.35,0.1,14428.705199999999,2014-02-09 21:00:00+00:00,regime_forced(signal=-0.11),90.6635,85.0924,92491.69,-313.7714111999995,-0.019766097930949432,3,0.010073336310177091,-0.019766097930949432,0.04998600376625695,0.5548210834838099,-0.019765412017346273,
2014-02-10 19:00:00+00:00,WDAY,optimised_new,daily-rescreened,BUY,6.0,BUY,92.8268,0.2561,55.19,1.3,0.1,14388.154,2014-02-11 18:00:00+00:00,regime_forced(signal=-0.02),94.9735,85.4006,92826.76,303.62945349999995,0.023125864513265516,0,0.03278363576036229,0.0,0.05705971849381375,0.6287365261157993,0.02312680676998613,
2014-02-11 22:00:00+00:00,WDAY,optimised_new,daily-rescreened,BUY,6.0,BUY,94.0813,0.1771,53.99,1.71,0.1,14394.4389,2014-02-13 00:00:00+00:00,regime_forced(signal=-0.07),98.32,86.5548,94081.261,619.0837010999993,0.04505358663198738,1,0.06765212640556628,0.0,0.06680485932414393,0.6861232079590729,0.04505272869787236,
2014-02-13 20:00:00+00:00,WDAY,optimised_new,daily-rescreened,BUY,6.0,BUY,100.9197,0.0735,62.84,1.28,0.1,14431.517100000001,2014-02-17 20:00:00+00:00,"rr_stop_loss(8.4% loss, risk=8%)",92.4799,92.8461,100919.6614,-1234.547542800003,-0.0836288653256005,4,0.0016161363935881697,-0.0836288653256005,0.06540184738099963,0.5859678463945297,-0.08362844304952166,
2014-02-26 19:00:00+00:00,WDAY,optimised_new,daily-rescreened,BUY,6.0,BUY,108.8724,0.4182,65.76,6.84,0.1,14371.1568,2014-02-26 23:00:00+00:00,"trailing_stop(8.0% from peak, still +3.2% from entry)",112.3399,100.1626,108872.4354,428.50997639999866,0.031849210635569725,0,0.12183069354583895,0.0,0.08705255810081347,0.9265623308312014,0.0318495817403841,
2014-03-03 22:00:00+00:00,CDW,optimised_new,daily-rescreened,BUY,8.0,BUY,23.8825,0.7428,57.68,2.87,0.1,14472.795,2014-03-05 22:00:00+00:00,"trailing_stop(5.2% from peak, still +0.7% from entry)",24.0601,21.9719,23882.5113,78.57238439999823,0.007436407411284338,2,0.06315502983356007,-0.0037391395373181824,0.03256608234230263,0.1568058510902144,0.007438714409577996,
2014-03-10 23:00:00+00:00,CDW,optimised_new,daily-rescreened,BUY,7.0,BUY,23.5774,0.7622,51.08,1.36,0.1,14476.5236,2014-03-25 23:00:00+00:00,"trailing_stop(3.3% from peak, still +2.3% from entry)",24.1171,21.6912,23577.3714,302.0913769999991,0.02289056469330799,15,0.058344007396913936,-0.057427875847209583,0.04128075841689949,0.15954327638447574,0.022891444941028682,
2014-03-27 19:00:00+00:00,CDW,optimised_new,daily-rescreened,BUY,8.0,BUY,24.3329,0.764,53.86,1.93,0.1,14551.0742,2014-04-01 22:00:00+00:00,"trailing_stop(3.1% from peak, still +8.8% from entry)",26.4731,22.3863,24332.9399,1249.457611999999,0.08795499097929142,5,0.1222542319246782,-0.018078404135963982,0.05250210530434396,0.2728246548976505,0.08795553588397631,
2014-04-03 20:00:00+00:00,CDW,optimised_new,daily-rescreened,BUY,6.0,BUY,24.668,0.5969,39.15,1.88,0.1,14677.46,2014-04-09 20:00:00+00:00,"trailing_stop(4.2% from peak, still +1.3% from entry)",24.9992,22.6946,24668.0361,167.51201599999956,0.013426301281011799,6,0.05762931733419822,-0.01752067455813192,0.05257371861271776,0.20195693072780352,0.013424598302208324,
2014-04-24 18:00:00+00:00,CDW,optimised_new,daily-rescreened,BUY,6.0,BUY,25.5292,0.7696,46.43,2.09,0.1,14730.348399999999,2014-04-30 20:00:00+00:00,"trailing_stop(3.3% from peak, still +0.6% from entry)",25.6778,23.4868,25529.1592,56.19576100000123,0.005820785610203291,6,0.039918994719771936,-0.028731805148614113,0.050965553926711094,0.2345764118195781,0.00581862864269489,
2014-04-30 00:00:00+00:00,HLT,optimised_new,daily-rescreened,BUY,8.0,BUY,44.0394,1.0,59.71,1.46,0.1,14753.199,2014-05-05 00:00:00+00:00,"trailing_stop(3.2% from peak, still +1.5% from entry)",44.7052,40.5162,44039.4,193.31355899999903,0.015118280448870721,5,0.04895389128825557,-0.008907932442312992,0.0042468974753331334,0.03865420507038686,0.01511924331626946,
2014-04-30 22:00:00+00:00,CDW,optimised_new,daily-rescreened,BUY,8.0,BUY,26.035,0.7763,54.49,2.0,0.1,13277.85,2014-05-12 20:00:00+00:00,"trailing_stop(4.1% from peak, still +2.4% from entry)",26.6495,23.9522,26034.9941,286.525904999999,0.02360284232763586,11,0.06736316497023231,-0.0329479546763972,0.05841935429633738,0.28129752650767914,0.023604072960044187,
2014-05-05 19:00:00+00:00,HLT,optimised_new,daily-rescreened,BUY,6.0,BUY,43.9255,1.0,45.21,2.22,0.1,13441.203,2014-05-13 18:00:00+00:00,"trailing_stop(4.1% from peak, still +3.2% from entry)",45.3182,40.4114,43925.4769,398.85762779999857,0.031705956676645636,7,0.07529567107944135,0.0,0.008666804240677006,0.05289864034196845,0.031708887834633215,
2014-05-14 19:00:00+00:00,CDW,optimised_new,daily-rescreened,BUY,8.0,BUY,27.4263,0.8152,56.24,1.69,0.1,14865.054600000001,2014-05-22 22:00:00+00:00,"rr_stop_loss(8.6% loss, risk=8%)",25.069,25.2322,27426.3106,-1306.1090526000016,-0.08595034692977187,8,0.015875273004378927,-0.08595034692977187,0.05308158753184489,0.2053019406083274,-0.08595407654542153,
2014-05-14 19:00:00+00:00,HLT,optimised_new,daily-rescreened,BUY,8.0,BUY,46.3527,1.0,52.39,2.85,0.1,13349.5776,2014-07-07 18:00:00+00:00,"trailing_stop(3.7% from peak, still +5.8% from entry)",49.0575,42.6444,46352.6593,751.5042623999998,0.05835258787513994,53,0.09901904311938688,-0.07912591930998618,0.019504209839926068,0.13977970326063516,0.058356999716460134,
2014-05-26 18:00:00+00:00,CDW,optimised_new,daily-rescreened,BUY,7.0,BUY,26.4408,0.7737,52.49,3.51,0.1,13431.9264,2014-05-29 00:00:00+00:00,"trailing_stop(3.4% from peak, still +0.7% from entry)",26.6197,24.3255,26440.7901,63.92646600000132,0.00676605851562745,2,0.042623521224773794,-0.013622885843090942,0.05662276473777417,0.2798595679456748,0.006766095556430596,
2014-05-29 20:00:00+00:00,CDW,optimised_new,daily-rescreened,BUY,7.0,BUY,26.6137,0.787,50.34,5.4,0.1,13439.918500000002,2014-06-02 23:00:00+00:00,"trailing_stop(3.3% from peak, still +3.3% from entry)",27.5043,24.4846,26613.6665,422.42340999999965,0.03346396780605474,4,0.06824304775360053,-0.02577995543648571,0.0659460032672301,0.3223898477629805,0.033464504779211035,
2014-06-04 00:00:00+00:00,CDW,optimised_new,daily-rescreened,BUY,7.0,BUY,27.2145,0.7341,54.0,1.06,0.1,13498.392,2014-06-09 23:00:00+00:00,"trailing_stop(3.4% from peak, still +0.2% from entry)",27.2758,25.0373,27214.5,3.3776112000009224,0.0022524757022910303,5,0.0373624354663874,-0.019434492641790226,0.06924084057883673,0.3114088627419245,0.00225461746095168,
2014-06-12 20:00:00+00:00,CDW,optimised_new,daily-rescreened,BUY,6.0,BUY,28.1295,0.4201,56.22,1.24,0.1,13502.16,2014-06-23 23:00:00+00:00,"trailing_stop(3.3% from peak, still +2.9% from entry)",28.9318,25.8791,28129.4503,357.7145759999985,0.02852165875682109,11,0.06323254945875328,-0.026534421159281226,0.07663874895287504,0.39102607841025794,0.028522648178224808,
2014-06-17 23:00:00+00:00,WDAY,optimised_new,daily-rescreened,BUY,6.0,BUY,86.1793,0.0245,56.85,1.41,0.1,12151.2813,2014-06-18 22:00:00+00:00,regime_forced(signal=-0.05),89.4987,79.2849,86179.2507,443.2648019999987,0.038517370180542215,0,0.05510023868840902,0.0,0.09490224343793274,0.5348424840540311,0.03851772827495403,
2014-06-19 18:00:00+00:00,WDAY,optimised_new,daily-rescreened,BUY,6.0,BUY,87.973,0.1844,54.53,1.64,0.1,12140.274,2014-06-22 18:00:00+00:00,regime_forced(signal=-0.07),84.9035,80.9352,87973.0127,-447.4479570000009,-0.03489138713014226,3,0.0,-0.048701306082548114,0.09273922612424634,0.45603877540409354,-0.03489106827191335,
2014-06-24 21:00:00+00:00,CDW,optimised_new,daily-rescreened,BUY,6.0,BUY,29.4781,0.4495,55.71,1.53,0.1,13559.926000000001,2014-07-13 21:00:00+00:00,signal,28.5077,27.1198,29478.0535,-473.057468000001,-0.032919353689688326,19,0.014671908976494327,-0.032919353689688326,0.07506858834486496,0.3706416735737168,-0.03291411303110936,
2014-06-24 22:00:00+00:00,WDAY,optimised_new,daily-rescreened,BUY,6.0,BUY,87.4907,0.3725,54.2,1.58,0.1,12161.2073,2014-06-26 19:00:00+00:00,regime_forced(signal=-0.03),89.8952,80.4915,87490.7281,309.5688599000001,0.02748292104189358,1,0.028164136302487028,-0.013795752005641832,0.10159437819575245,0.5416360486346041,0.027481988639837196,
2014-07-09 00:00:00+00:00,HLT,optimised_new,daily-rescreened,BUY,8.0,BUY,49.8706,1.0,57.65,1.41,0.1,13664.5444,2014-07-21 23:00:00+00:00,"trailing_stop(3.1% from peak, still +1.3% from entry)",50.5129,45.881,49870.6,148.48512100000022,0.012879331710466662,12,0.04540751464790875,-0.0475290050651085,0.023325586522731756,0.17359613432403243,0.0128801035131354,
2014-07-22 22:00:00+00:00,HLT,optimised_new,daily-rescreened,BUY,8.0,BUY,50.962,1.0,56.26,2.13,0.1,14982.828000000001,2014-07-24 22:00:00+00:00,"trailing_stop(3.2% from peak, still +0.9% from entry)",51.4177,46.885,50961.9607,103.87616820000237,0.008941956752089796,2,0.042725952670617295,-0.010085946391428964,0.02661867938507001,0.19461693649861078,0.008942322941685399,
2014-07-29 19:00:00+00:00,HLT,optimised_new,daily-rescreened,BUY,6.0,BUY,50.4721,1.0,50.12,2.37,0.1,15040.6858,2014-08-11 23:00:00+00:00,signal,48.2687,46.4343,50472.0748,-686.0379583999978,-0.04365580191828743,13,0.045648982309038105,-0.07698906920853296,0.024822621662855315,0.12145686533332634,-0.04365454654415535,
2014-08-20 23:00:00+00:00,CDW,optimised_new,daily-rescreened,BUY,6.0,BUY,30.3534,0.445,58.99,1.9,0.1956,29382.0912,2014-09-03 21:00:00+00:00,signal,28.9783,27.9252,30353.4411,-1388.5298856,-0.04530299735779187,13,0.02868541909637798,-0.05394782792043064,0.07180382356523518,0.39326231347770935,-0.04530657498722512,
2014-09-17 19:00:00+00:00,CDW,optimised_new,daily-rescreened,BUY,6.0,BUY,29.6869,0.3574,63.96,1.25,0.0865,12913.801500000001,2014-10-01 23:00:00+00:00,"rr_stop_loss(8.3% loss, risk=8%)",27.2083,27.3119,29686.8701,-1102.940412000001,-0.08349137161508949,14,0.0042005059470674655,-0.08349137161508949,0.06745557133945312,0.30816141211239145,-0.08349289391169967,
2014-10-27 18:00:00+00:00,CDW,optimised_new,daily-rescreened,BUY,6.0,BUY,27.5115,0.4344,55.23,1.22,0.0795,11829.945000000002,2014-10-30 21:00:00+00:00,"trailing_stop(3.7% from peak, still +1.5% from entry)",27.9152,25.3106,27511.5411,149.75751899999835,0.01467386365701605,3,0.0541337258964433,-0.017214619341002893,0.07257032964775556,0.34214351870004633,0.014670789012525942,
2014-11-02 19:00:00+00:00,CDW,optimised_new,daily-rescreened,BUY,6.0,BUY,28.635,0.4006,59.54,1.53,0.0919,13716.165,2014-11-06 22:00:00+00:00,"trailing_stop(3.1% from peak, still +4.8% from entry)",30.0168,26.3442,28635.0486,633.7879877999983,0.04825563122053425,4,0.08143530644316387,-0.018285315173738496,0.08229036501320341,0.4431865662899914,0.04825364812335464,
2014-11-10 00:00:00+00:00,CDW,optimised_new,daily-rescreened,BUY,6.0,BUY,29.9766,0.4157,55.65,2.22,0.1209,18135.843,2014-11-25 19:00:00+00:00,"trailing_stop(3.8% from peak, still +5.2% from entry)",31.523,27.5785,29976.6,898.3647420000016,0.05158690445213928,15,0.09352294789936137,-0.03192823735847296,0.09390148468782655,0.5156007701031051,0.051585206065404066,
2014-11-25 21:00:00+00:00,CDW,optimised_new,daily-rescreened,BUY,6.0,BUY,32.0581,0.4386,57.94,2.29,0.1532,23178.0063,2014-12-15 18:00:00+00:00,signal,30.4124,29.4935,32058.1444,-1235.007271500002,-0.05133492003581002,19,0.007957427296065541,-0.07754358492861411,0.0891747246213459,0.46220575206071346,-0.051335001265190416,
2014-12-21 23:00:00+00:00,CDW,optimised_new,daily-rescreened,BUY,6.0,BUY,32.4032,0.3944,60.4,2.15,0.2166,32597.619199999997,2014-12-26 00:00:00+00:00,"trailing_stop(4.0% from peak, still +1.7% from entry)",32.9449,29.8109,32403.1617,479.21001139999663,0.0167174846928698,4,0.05853125617222989,-0.03426204819277105,0.10733858855394618,0.5839719654495017,0.016720004814430922,
2015-08-16 18:00:00+00:00,GDDY,optimised_new,daily-rescreened,BUY,6.0,BUY,27.3668,0.5095,53.88,1.9,0.1,15571.709200000001,2015-08-17 23:00:00+00:00,regime_forced(signal=-0.02),28.0942,25.1774,27366.7731,382.33329099999855,0.026579651256266695,1,0.07417747051171483,-0.021898797082596542,0.008700561202745538,0.06973283693317245,0.026579058563120705,
2015-10-29 18:00:00+00:00,INVP.L,optimised_new,daily-rescreened,BUY,6.0,BUY,398.9938,0.0342,54.21,1.76,0.1,15784.194728000002,2015-10-30 00:00:00+00:00,regime_forced(signal=-0.03),392.761,367.0743,398993.8462,-389.13418141599914,-0.015621295368499453,0,0.021967759900028486,-0.015621295368499453,0.00044293466913969404,-0.08208221409643157,-0.015622015584107474,
2015-11-02 00:00:00+00:00,INVP.L,optimised_new,daily-rescreened,BUY,6.0,BUY,396.381,0.1213,52.06,1.76,0.1,15756.144749999998,2015-11-03 00:00:00+00:00,regime_forced(signal=-0.19),395.645,364.6705,396381.0,-172.0027907500002,-0.0018567993925036519,1,0.013389138228118965,-0.021738176148705286,0.003211961851667944,-0.0753397920329959,-0.0018557525366798,
2015-11-03 20:00:00+00:00,INVP.L,optimised_new,daily-rescreened,BUY,6.0,BUY,400.2773,0.1447,54.84,2.5,0.1,15738.903436,2015-11-04 20:00:00+00:00,regime_forced(signal=-0.07),391.6881,368.2551,400277.2878,-479.7020202360013,-0.021458124155429262,1,0.0,-0.022405217582910645,0.002259011115137488,-0.08458842465100624,-0.02145903768098223,
2015-11-05 21:00:00+00:00,INVP.L,optimised_new,daily-rescreened,BUY,6.0,BUY,401.2227,0.2023,58.56,2.2,0.1,15695.832023999998,2015-11-08 21:00:00+00:00,regime_forced(signal=-0.12),390.6969,369.1249,401222.7348,-553.2082456239972,-0.02623430827817057,3,0.0,-0.030963602009557247,0.0010677824818645654,-0.08690353923500926,-0.02623406867134781,
2015-11-19 00:00:00+00:00,INVP.L,optimised_new,daily-rescreened,BUY,6.0,BUY,392.761,0.3979,65.85,4.17,0.1,15671.1639,2015-11-19 23:00:00+00:00,regime_forced(signal=-0.01),392.5311,361.3401,392761.0,-151.19513908000266,-0.0005853432494571591,0,0.008439992769139416,-0.02983290092448091,0.005858365992149839,-0.08261875798761897,-0.0005849951633600803,
2015-11-25 18:00:00+00:00,INVP.L,optimised_new,daily-rescreened,BUY,6.0,BUY,422.4712,0.2232,58.35,1.53,0.1,15665.232096000002,2015-11-26 18:00:00+00:00,regime_forced(signal=-0.22),412.3502,388.6735,422471.1527,-516.5231955040005,-0.02395666260800745,1,0.01916296306115067,-0.03279631842359906,0.0067528106078516,-0.03630075080885842,-0.023957269038210716,
2015-11-30 22:00:00+00:00,INVP.L,optimised_new,daily-rescreened,BUY,6.0,BUY,419.0041,0.269,56.67,2.17,0.1,15624.662889,2015-12-01 22:00:00+00:00,regime_forced(signal=-0.23),416.6705,385.4838,419004.1016,-228.46787011299924,-0.0055693965763103275,1,0.04161152599700102,-0.0270030770581958,0.012041048016465439,-0.026205426246755814,-0.005570013766834525,
2015-12-09 18:00:00+00:00,INVP.L,optimised_new,daily-rescreened,BUY,6.0,BUY,398.7407,0.1504,56.89,2.58,0.1,15622.660626,2015-12-09 21:00:00+00:00,"rr_stop_loss(9.8% loss, risk=8%)",359.5676,366.8414,398740.6571,-1673.3363995179998,-0.0982420405040167,0,0.0,-0.0982420405040167,0.009318405828403042,-0.1596568666455589,-0.09824155749390717,
2015-12-17 18:00:00+00:00,GDDY,optimised_new,daily-rescreened,BUY,6.0,BUY,33.9817,0.0345,53.34,1.34,0.1,15461.673499999999,2015-12-20 18:00:00+00:00,regime_forced(signal=-0.09),35.2277,31.2632,33981.6854,535.4397229999995,0.036666794186282686,3,0.036666794186282686,-0.030545852620675152,0.01636048553588343,0.3413419019101245,0.03666692600463395,
2015-12-21 22:00:00+00:00,INVP.L,optimised_new,daily-rescreened,BUY,6.0,BUY,378.0663,0.1262,63.1,1.57,0.1,15530.963604,2015-12-22 21:00:00+00:00,regime_forced(signal=-0.06),354.6084,347.821,378066.3012,-1102.501903371999,-0.06204705365170076,0,0.006588262429102988,-0.07185406369200334,0.005283453222495016,-0.17124558510364707,-0.06204634982836843,
2016-03-09 18:00:00+00:00,INVP.L,optimised_new,daily-rescreened,BUY,6.0,BUY,378.8014,0.396,54.77,2.23,0.1,15587.67761,2016-03-10 18:00:00+00:00,"rr_stop_loss(10.1% loss, risk=8%)",340.4558,348.4973,378801.3847,-1716.0546956100009,-0.10122877053780685,1,0.00045881562211747776,-0.10122877053780685,0.008575229091741132,-0.20432849311970291,-0.10122888114109174,
2016-03-16 22:00:00+00:00,INVP.L,optimised_new,daily-rescreened,BUY,6.0,BUY,366.6823,0.1191,55.17,2.42,0.1,15433.658007,2016-03-17 21:00:00+00:00,regime_forced(signal=-0.18),359.0047,337.3477,366682.2546,-462.40680569499875,-0.02093801637002927,0,0.02321655558503917,-0.02093801637002927,0.012658809837046814,-0.1609762953763506,-0.02093885980419663,
2016-03-17 23:00:00+00:00,INVP.L,optimised_new,daily-rescreened,BUY,6.0,BUY,365.6305,0.0054,51.96,3.26,0.1,15389.387744999998,2016-03-20 22:00:00+00:00,regime_forced(signal=-0.20),362.9648,336.3801,365630.5243,-251.47940407899915,-0.0072906937468289945,2,0.019833958053280663,-0.0072906937468289945,0.016053492822382553,-0.1517212084393269,-0.007290350086582409,
2016-03-21 23:00:00+00:00,INVP.L,optimised_new,daily-rescreened,BUY,6.0,BUY,372.6361,0.0349,57.23,2.38,0.1,15371.239125,2016-03-23 00:00:00+00:00,regime_forced(signal=-0.03),370.422,342.8252,372636.0881,-230.4901138749994,-0.00594172169577766,1,0.01793331349270771,-0.015398669103718008,0.01801224285708103,-0.1342936301541935,-0.0059428412974766864,
2016-03-28 18:00:00+00:00,IMI.L,optimised_new,daily-rescreened,BUY,6.0,BUY,770.5276,0.088,54.73,1.75,0.1,15356.615068000001,2016-03-29 00:00:00+00:00,regime_forced(signal=-0.07),749.649,708.8854,770527.6222,-554.4878126159991,-0.02709649855501608,0,0.00741530867940359,-0.02709649855501608,0.0027122702920321373,-0.15568824340499032,-0.027096100745589213,
2016-03-29 23:00:00+00:00,INVP.L,optimised_new,daily-rescreened,BUY,6.0,BUY,369.4148,0.2188,57.3,3.14,0.1,15308.549312000001,2016-03-30 22:00:00+00:00,regime_forced(signal=-0.04),378.9135,339.8616,369414.8261,254.06193193599756,0.025712830130249206,0,0.025712830130249206,-0.023159873399766405,0.021919236634201367,-0.11444852416833318,0.025711901481743515,
2016-03-30 20:00:00+00:00,IMI.L,optimised_new,daily-rescreened,BUY,6.0,BUY,787.96,0.1521,64.65,2.41,0.1,15333.7016,2016-03-31 20:00:00+00:00,regime_forced(signal=-0.15),771.4581,724.9232,787960.0213,-459.4880344520008,-0.020942560536067936,1,0.0015255850550789038,-0.041079496421138166,0.004187852810523696,-0.1311253171951572,-0.020942289583354534,
2016-04-01 00:00:00+00:00,GDDY,optimised_new,daily-rescreened,BUY,6.0,BUY,32.95,0.0112,56.25,4.86,0.1,15288.800000000001,2016-04-04 00:00:00+00:00,regime_forced(signal=-0.14),32.46,30.314,32950.0,-257.71024000000006,-0.01487101669195757,3,0.015116843702579475,-0.01487101669195757,0.016138451535077536,0.2359567090257466,-0.014872630373531703,
2016-04-03 20:00:00+00:00,INVP.L,optimised_new,daily-rescreened,BUY,6.0,BUY,382.8411,0.1828,60.02,1.44,0.1,13766.965956,2016-04-04 20:00:00+00:00,regime_forced(signal=-0.06),372.8015,352.2138,382841.1064,-485.2046615719995,-0.02622393468203912,1,0.005708112321273867,-0.02622393468203912,0.02211776713575886,-0.12873206766348277,-0.02622339159273701,
2016-04-07 19:00:00+00:00,IMI.L,optimised_new,daily-rescreened,BUY,6.0,BUY,763.0479,0.1148,61.16,1.96,0.1,15230.436084,2016-04-10 19:00:00+00:00,regime_forced(signal=-0.19),759.8355,702.0041,763047.9265,-202.06518974800036,-0.004209958509813083,3,0.0,-0.01991801563178405,0.00640973273487333,-0.14421808800853708,-0.00420911271196156,
2016-04-07 20:00:00+00:00,GDDY,optimised_new,daily-rescreened,BUY,6.0,BUY,32.3718,0.1785,54.05,4.61,0.1,13693.2714,2016-04-10 20:00:00+00:00,regime_forced(signal=-0.21),31.729,29.7821,32371.8441,-299.0190384000003,-0.019856788933578028,3,0.0,-0.05162826904898704,0.01862508105355709,0.20812391507197137,-0.019855715161824605,
2016-04-12 22:00:00+00:00,GDDY,optimised_new,daily-rescreened,BUY,6.0,BUY,32.4487,0.0436,58.24,1.24,0.1,15185.991600000001,2016-04-13 21:00:00+00:00,regime_forced(signal=-0.11),31.1361,29.8528,32448.7293,-644.0544864000027,-0.040451543513299555,0,0.006265274109594489,-0.040451543513299555,0.021861835101418148,0.18554756421454677,-0.040450932402183115,
2016-04-12 23:00:00+00:00,IMI.L,optimised_new,daily-rescreened,BUY,6.0,BUY,772.3645,0.0647,56.21,1.3,0.1,13670.85165,2016-04-13 22:00:00+00:00,regime_forced(signal=-0.17),766.462,710.5754,772364.545,-228.30296635000195,-0.007642117161003686,0,0.016375040541091575,-0.007642117161003686,0.009783846065085866,-0.136755102751141,-0.007642499844466855,
2016-04-13 00:00:00+00:00,INVP.L,optimised_new,daily-rescreened,BUY,6.0,BUY,381.504,0.2579,63.37,2.79,0.1,15103.74336,2016-04-14 00:00:00+00:00,regime_forced(signal=-0.06),385.928,350.9837,381504.0,37.86217743999998,0.011596208689817087,1,0.011596208689817087,-0.029971376446904965,0.02143418067804026,-0.09805712888002871,0.011595549352050094,
2016-04-14 19:00:00+00:00,GDDY,optimised_new,daily-rescreened,BUY,6.0,BUY,33.1191,0.0279,60.86,1.47,0.1,15102.3096,2016-04-17 19:00:00+00:00,regime_forced(signal=-0.05),31.3055,30.4695,33119.0575,-856.3792176000035,-0.054759942148186525,3,0.0,-0.07822676340842599,0.01737632274502765,0.1919978716698545,-0.05475839568475216,
2016-04-19 00:00:00+00:00,INVP.L,optimised_new,daily-rescreened,BUY,6.0,BUY,390.728,0.0938,51.89,2.69,0.1,15035.21344,2016-04-20 00:00:00+00:00,regime_forced(signal=-0.04),395.887,359.4698,390728.0,61.804362399998396,0.01320355848569847,1,0.013597694559898416,0.0,0.01872067041451242,-0.07478173548701705,0.013202962988549283,
2016-04-20 18:00:00+00:00,IMI.L,optimised_new,daily-rescreened,BUY,6.0,BUY,806.3488,0.0965,58.71,2.46,0.1,15038.40512,2016-04-21 00:00:00+00:00,regime_forced(signal=-0.10),814.333,741.8409,806348.8338,12.261873259999518,0.009901670344148818,0,0.021687140850212686,0.0,0.013330191336896169,-0.08283776162821288,0.009902628446790462,
2016-04-26 18:00:00+00:00,IMI.L,optimised_new,daily-rescreened,BUY,6.0,BUY,791.704,0.1056,52.72,1.28,0.1,15050.293039999999,2016-04-27 00:00:00+00:00,regime_forced(signal=-0.07),771.548,728.3677,791703.983,-518.8518662399997,-0.025459009933005202,0,0.0,-0.028681552701514606,0.014368218751888984,-0.13102652366378253,-0.025460186094809267,
2016-05-03 20:00:00+00:00,IMI.L,optimised_new,daily-rescreened,BUY,6.0,BUY,784.093,0.1593,54.98,2.48,0.1,15015.380949999999,2016-05-04 20:00:00+00:00,regime_forced(signal=-0.20),760.26,721.3656,784092.9939,-591.6275746500003,-0.030395629089916592,1,0.0,-0.04055194983248151,0.012903885608904098,-0.14373876981183709,-0.03039508606734176,
2016-05-05 21:00:00+00:00,IMI.L,optimised_new,daily-rescreened,BUY,6.0,BUY,780.4044,0.0354,55.35,1.61,0.1,14960.352348,2016-05-08 20:00:00+00:00,regime_forced(signal=-0.09),818.5634,717.972,780404.3824,594.401842808,0.048896443946241194,2,0.06938774307269406,-0.009239568613400948,0.02177018207466097,-0.07807341609316176,0.048896273163056225,
2016-05-17 18:00:00+00:00,GDDY,optimised_new,daily-rescreened,BUY,6.0,BUY,30.8618,0.0564,55.68,1.45,0.1,13424.883,2016-05-18 00:00:00+00:00,regime_forced(signal=-0.04),30.48,28.3929,30861.8374,-192.76668299999832,-0.012371281001108113,0,0.02873455210000716,-0.012371281001108113,0.021337188511242333,0.1605656128290529,-0.012373029908452349,
2016-05-22 23:00:00+00:00,GDDY,optimised_new,daily-rescreened,BUY,6.0,BUY,30.9212,0.0298,52.06,2.04,0.1,13388.8796,2016-05-23 23:00:00+00:00,regime_forced(signal=-0.19),32.6171,28.4475,30921.1748,706.8126160999992,0.054845866266509766,1,0.06641721537327139,0.0,0.03152754258216062,0.24193964875959417,0.054847026106953356,
2016-05-31 00:00:00+00:00,GDDY,optimised_new,daily-rescreened,BUY,6.0,BUY,32.53,0.017,54.05,1.42,0.1,13499.95,2016-05-31 23:00:00+00:00,regime_forced(signal=-0.10),33.1099,29.9276,32530.0,213.41794150000112,0.01782662158007999,0,0.02158622809714103,0.0,0.037706897794618444,0.2607058156145958,0.017828851391769707,
2016-06-06 00:00:00+00:00,GDDY,optimised_new,daily-rescreened,BUY,6.0,BUY,32.98,0.0628,52.02,1.94,0.1,13521.8,2016-06-07 00:00:00+00:00,regime_forced(signal=-0.17),32.21,30.3416,32980.0,-342.4278999999983,-0.02334748332322608,1,0.014405700424499842,-0.03810794420861123,0.03976695627677307,0.2264415156473123,-0.023347600486748887,
2016-06-12 19:00:00+00:00,GDDY,optimised_new,daily-rescreened,BUY,6.0,BUY,33.1222,0.1032,59.77,4.11,0.1,13513.8576,2016-06-13 19:00:00+00:00,regime_forced(signal=-0.13),32.8189,30.4724,33122.1696,-150.6503688000003,-0.00915700044079198,1,0.021176129604917535,-0.020294545652160684,0.04244734610720724,0.24962548139496277,-0.009156596212236634,
2016-06-29 18:00:00+00:00,HUBB,optimised_new,daily-rescreened,BUY,8.0,BUY,88.3443,0.9826,63.84,2.63,0.1,13339.989300000001,2016-07-04 21:00:00+00:00,"trailing_stop(4.0% from peak, still +0.9% from entry)",89.1636,81.2768,88344.3171,96.91060709999745,0.009273942970853788,5,0.05182677320438324,-0.0255534312909832,0.00028598348771691207,0.015373341278900554,0.009273823030124362,
2016-07-07 23:00:00+00:00,HUBB,optimised_new,daily-rescreened,BUY,7.0,BUY,91.4622,0.9386,55.96,1.12,0.1,14725.4142,2016-07-28 18:00:00+00:00,"trailing_stop(3.1% from peak, still +0.4% from entry)",91.8048,84.1452,91462.1975,25.65261300000036,0.003745809744353454,20,0.03546601765538121,-0.04581783512751705,0.0035515339303977544,0.045455939719790006,0.003748523111921198,
2016-07-07 20:00:00+00:00,DCC.L,optimised_new,daily-rescreened,BUY,6.0,BUY,5953.7825,0.0378,58.79,1.23,0.1,13276.934975000002,2016-07-11 19:00:00+00:00,regime_forced(signal=-0.02),6253.8123,5477.4799,5953782.5485,547.2359063170002,0.05039314083105981,3,0.05039314083105981,-0.0328112422648964,0.014254454315033138,0.3764313921204274,0.050392411786889246,
2016-07-11 00:00:00+00:00,IMI.L,optimised_new,daily-rescreened,BUY,7.0,BUY,799.658,0.9322,56.08,1.06,0.1,13370.28176,2016-07-14 23:00:00+00:00,"trailing_stop(7.1% from peak, still +0.4% from entry)",803.148,735.6854,799658.0,-63.09644144000008,0.004364365766365132,3,0.08127349441886404,-0.027586793354158975,0.028464349559752522,-0.09543494222817095,0.004368208268436646,
2016-07-18 18:00:00+00:00,IMI.L,optimised_new,daily-rescreened,BUY,8.0,BUY,845.4977,0.973,54.36,2.45,0.1,13375.773614,2016-07-19 21:00:00+00:00,"rr_stop_loss(8.0% loss, risk=8%)",777.5514,777.8579,845497.7325,-1194.1426075940008,-0.0803624894544362,1,0.020286394628867728,-0.0803624894544362,0.029337003935627548,-0.12426492021845958,-0.08036353926956896,
2016-07-28 22:00:00+00:00,HUBB,optimised_new,daily-rescreened,BUY,7.0,BUY,91.3455,0.9534,51.23,1.14,0.1,14706.6255,2016-08-21 22:00:00+00:00,"trailing_stop(3.3% from peak, still +0.1% from entry)",91.4681,84.0378,91345.4723,-9.694389600000278,0.0013421569754394644,24,0.03574012950829548,-0.03137209824238746,0.004163311881078879,0.04161934121107569,0.0013404167217567764,
2016-07-28 19:00:00+00:00,IMI.L,optimised_new,daily-rescreened,BUY,6.0,BUY,836.6622,0.1494,51.39,1.78,0.1,13277.829114,2016-07-31 18:00:00+00:00,regime_forced(signal=-0.11),871.6987,769.7292,836662.2234,434.41673446399915,0.0418765183846002,2,0.043913541211734006,0.0,0.03296850238402871,-0.018227667531332314,0.041876537570010974,
2016-08-03 21:00:00+00:00,GDDY,optimised_new,daily-rescreened,BUY,6.0,BUY,31.2411,0.0331,62.96,6.18,0.1,13308.7086,2016-08-04 20:00:00+00:00,regime_forced(signal=-0.07),30.6659,28.7418,31241.0554,-271.4075819999984,-0.018411643636107526,0,0.017249712718182195,-0.02689726033974473,0.044372756174950734,0.16764610837334648,-0.018412031191462397,
2016-08-08 00:00:00+00:00,GDDY,optimised_new,daily-rescreened,BUY,6.0,BUY,33.33,0.1062,54.4,1.86,0.1,13298.67,2016-08-10 19:00:00+00:00,regime_forced(signal=-0.07),32.3609,30.6636,33330.0,-412.88156909999987,-0.029075907590759,2,0.01861086108610862,-0.07379537953795375,0.03955449696485602,0.23218504278349372,-0.02907617938380136,
2016-08-22 19:00:00+00:00,HUBB,optimised_new,daily-rescreened,BUY,6.0,BUY,93.1289,0.5552,56.48,1.3,0.1,14714.3662,2016-08-23 23:00:00+00:00,regime_forced(signal=-0.03),91.3115,85.6785,93128.8534,-316.290783200002,-0.019514887430217755,1,0.0038076257745984854,-0.019514887430217755,0.005493469363597736,0.03983413385469592,-0.019515792877373705,
2016-09-14 18:00:00+00:00,GDDY,optimised_new,daily-rescreened,BUY,6.0,BUY,33.2732,0.024,55.46,3.37,0.1,14773.3008,2016-09-15 00:00:00+00:00,regime_forced(signal=-0.01),33.15,30.6114,33273.2268,-84.1927008000025,-0.00370267963405997,0,0.0,-0.02761381532284254,0.04189190390403241,0.26222903150330157,-0.0037032681560149605,
2016-09-15 21:00:00+00:00,GDDY,optimised_new,daily-rescreened,BUY,6.0,BUY,33.8557,0.0103,60.97,3.57,0.1,14761.0852,2016-09-18 20:00:00+00:00,regime_forced(signal=-0.02),32.9613,31.1472,33855.6796,-419.0906119999984,-0.02641800346765825,2,0.0,-0.029927013767253305,0.04047823905712633,0.25504576439619076,-0.026415832420630836,
2016-09-26 19:00:00+00:00,GDDY,optimised_new,daily-rescreened,BUY,6.0,BUY,34.9339,0.0287,57.45,2.71,0.1,14742.105800000001,2016-09-27 18:00:00+00:00,regime_forced(signal=-0.08),34.0685,32.1392,34933.8588,-394.31781279999996,-0.02477249891938779,0,0.021054047787392813,-0.02477249891938779,0.042950959872996464,0.2972001149172152,-0.024771515570798597,
2016-11-24 21:00:00+00:00,IMI.L,optimised_new,daily-rescreened,BUY,7.0,BUY,819.2912,0.6778,55.79,1.14,0.1,14837.363631999999,2016-12-07 23:00:00+00:00,"trailing_stop(3.1% from peak, still +1.1% from entry)",828.2236,753.7479,819291.2334,26.90595978399942,0.010902594828310165,13,0.0428350750014158,-0.054194772261681796,0.03470506096705073,-0.06718504010453363,0.010905800335001326,
2016-12-05 21:00:00+00:00,GDDY,optimised_new,daily-rescreened,BUY,7.0,BUY,34.5745,0.5731,50.28,1.32,0.1,13345.757,2016-12-06 23:00:00+00:00,"trailing_stop(5.4% from peak, still +1.1% from entry)",34.9409,31.8085,34574.4614,114.59745559999924,0.010597405602394791,1,0.06850135215259805,0.0,0.049552857667043204,0.33040439353112117,0.01059937601138472,
2017-05-22 23:00:00+00:00,HUBB,optimised_new,daily-rescreened,BUY,6.0,BUY,100.348,0.4599,55.91,2.02,0.1,15152.548,2017-05-29 23:00:00+00:00,regime_forced(signal=-0.07),102.5362,92.3202,100348.0393,299.78268580000076,0.021806114720771663,7,0.03951349304420623,-0.010229401682146118,0.009936992564110403,0.16765480813121925,0.02180273087290363,
2017-07-17 23:00:00+00:00,HWM,optimised_new,daily-rescreened,BUY,8.0,BUY,20.0162,0.955,57.37,1.36,0.1,15212.312000000002,2017-07-30 18:00:00+00:00,regime_forced(signal=-0.12),18.9851,18.4149,20016.1615,-813.2769880000018,-0.051513274247859335,12,0.02385068094843174,-0.07394010851210521,0.008903147686909474,-0.15344863345712578,-0.05151362559050654,
2017-09-24 21:00:00+00:00,IR,optimised_new,daily-rescreened,BUY,6.0,BUY,26.1823,0.0458,56.16,1.7,0.1,15264.280900000002,2017-09-25 20:00:00+00:00,regime_forced(signal=-0.05),26.3547,24.0877,26182.3086,69.8801289999982,0.006584601047272381,0,0.022729095610393227,-0.0023603732292427184,0.0027638558995028983,0.014551617317204446,0.006585309162659314,
2017-09-26 18:00:00+00:00,IR,optimised_new,daily-rescreened,BUY,6.0,BUY,26.5135,0.0255,57.82,1.53,0.1,15271.776,2017-09-27 00:00:00+00:00,regime_forced(signal=-0.07),27.0167,24.3924,26513.4844,259.0098047999996,0.018979010692665988,0,0.018979010692665988,-0.004243121428706157,0.004753539373234528,0.04003367963538418,0.018978365952875054,
2017-09-27 22:00:00+00:00,IR,optimised_new,daily-rescreened,BUY,6.0,BUY,27.2471,0.0575,64.87,4.83,0.1,15312.8702,2017-09-28 21:00:00+00:00,regime_forced(signal=-0.13),27.2676,25.0673,27247.0595,-19.116261399999168,0.0007523736471038004,0,0.016045744317743933,0.0,0.008379575121027827,0.049693405281817205,0.0007548989376087167,
2017-10-01 20:00:00+00:00,IR,optimised_new,daily-rescreened,BUY,6.0,BUY,27.2393,0.0702,54.72,1.83,0.1,15308.4866,2017-10-02 19:00:00+00:00,regime_forced(signal=-0.02),27.7265,25.0602,27239.3197,242.9156204000018,0.017885922178616977,0,0.017885922178616977,0.0,0.011463168679430202,0.0673578865496407,0.017883955495280768,
2017-10-02 21:00:00+00:00,IR,optimised_new,daily-rescreened,BUY,6.0,BUY,27.6445,0.0861,57.14,1.44,0.1,15342.6975,2017-10-03 21:00:00+00:00,regime_forced(signal=-0.27),27.1267,25.433,27644.5225,-317.7770160000016,-0.018730669753477223,1,0.010671200419613237,-0.028475827018032595,0.01197922890376879,0.04427095354824662,-0.018729511787559106,
2017-10-04 20:00:00+00:00,PSH.L,optimised_new,daily-rescreened,BUY,8.0,BUY,995.2656,1.0,60.96,1.73,0.1,15317.137583999998,2017-10-29 20:00:00+00:00,"trailing_stop(4.0% from peak, still +1.1% from entry)",1006.4294,915.6444,995265.6428,32.61302198000021,0.01121690531653062,25,0.05292808271480499,-0.01690674328541041,0.003822423579367795,-0.014405278218128648,0.011216536278287004,
2017-10-08 22:00:00+00:00,IR,optimised_new,daily-rescreened,BUY,6.0,BUY,27.5491,0.193,58.61,2.0,0.1,13774.55,2017-10-09 22:00:00+00:00,regime_forced(signal=-0.25),26.9796,25.3452,27549.0776,-312.01434999999753,-0.020672181668366586,1,0.0,-0.029841265231895016,0.015326156085869513,0.03860593428208903,-0.020672661309218743,
2017-10-11 19:00:00+00:00,IR,optimised_new,daily-rescreened,BUY,6.0,BUY,27.2809,0.14,56.76,1.63,0.1,13749.5736,2017-10-12 18:00:00+00:00,regime_forced(signal=-0.14),26.5191,25.0985,27280.9453,-411.06239999999883,-0.027924298685160585,0,0.0,-0.027924298685160585,0.016061711405371604,0.020881299878118043,-0.02792431179690147,
2017-10-16 19:00:00+00:00,IR,optimised_new,daily-rescreened,BUY,6.0,BUY,27.319,0.025,58.3,3.0,0.1,13714.137999999999,2017-10-17 19:00:00+00:00,regime_forced(signal=-0.25),27.0879,25.1335,27318.9852,-143.32446379999845,-0.008459314030528126,1,0.004513342362458378,-0.02133679856510116,0.018606659743703347,0.04277324120857151,-0.008461490838471364,
2017-10-25 18:00:00+00:00,IR,optimised_new,daily-rescreened,BUY,6.0,BUY,26.9513,0.0407,58.91,2.91,0.1,13718.2117,2017-10-26 18:00:00+00:00,regime_forced(signal=-0.40),28.2462,24.7952,26951.2799,631.0085725000001,0.04804591986286383,1,0.07758438368464605,-0.023297577482347804,0.027918473781905595,0.08736147334557165,0.048046089954001614,
2017-10-30 00:00:00+00:00,IR,optimised_new,daily-rescreened,BUY,6.0,BUY,29.0623,0.1085,54.85,1.57,0.1,15344.894400000001,2017-10-31 00:00:00+00:00,regime_forced(signal=-0.05),28.7926,26.7373,29062.3,-172.9489872000002,-0.009280063862805086,1,0.0032929258868018285,-0.06195655539995112,0.027348320021094663,0.10839656426182076,-0.009280875849426162,
2017-10-30 22:00:00+00:00,PSH.L,optimised_new,daily-rescreened,BUY,6.0,BUY,1019.5027,1.0,51.99,1.87,0.1,13814.261585,2017-11-06 23:00:00+00:00,"trailing_stop(3.0% from peak, still +0.3% from entry)",1022.2913,937.9425,1019502.7279,-87.61839532499808,0.0027352551395891096,7,0.034205794648704775,-0.003599990465939936,0.006745357798921825,0.0011277544603733869,0.002734413554980275,
2017-10-31 19:00:00+00:00,IR,optimised_new,daily-rescreened,BUY,6.0,BUY,29.1393,0.2749,54.26,2.33,0.1,13928.5854,2017-11-01 19:00:00+00:00,regime_forced(signal=-0.27),29.3729,26.8081,29139.2561,83.69196840000129,0.008016664779181473,1,0.008016664779181473,-0.03540579217757452,0.03228027611230422,0.13073812592652279,0.008019958442664121,
2017-11-01 23:00:00+00:00,IR,optimised_new,daily-rescreened,BUY,6.0,BUY,29.5864,0.1005,56.41,2.41,0.1,13935.1944,2017-11-02 23:00:00+00:00,regime_forced(signal=-0.26),28.9274,27.2195,29586.3951,-337.94899980000173,-0.022273747397452966,1,0.0,-0.03493835005272691,0.032328439961277766,0.11359025449067306,-0.022271581245450034,
2017-11-08 22:00:00+00:00,PSH.L,optimised_new,daily-rescreened,BUY,8.0,BUY,1034.0102,1.0,52.77,2.1,0.1,15158.589532,2017-12-26 19:00:00+00:00,regime_forced(signal=-0.00),1044.024,951.2894,1034010.1967,9.081397595998283,0.009684430579118027,47,0.025903032678014304,-0.03681762520331036,0.009646529859761,0.022406485791913067,0.009680246137913073,
2017-11-08 18:00:00+00:00,IR,optimised_new,daily-rescreened,BUY,6.0,BUY,28.9278,0.2054,58.88,2.07,0.1,13624.9938,2017-11-09 18:00:00+00:00,regime_forced(signal=-0.28),28.4224,26.6135,28927.7564,-265.0553442,-0.017471083179502127,1,0.0,-0.03916647653813987,0.03280533173349487,0.09415011770856219,-0.017467482383162314,
2017-11-09 23:00:00+00:00,IR,optimised_new,daily-rescreened,BUY,6.0,BUY,29.3817,0.1086,59.18,2.13,0.1,13603.7271,2017-11-12 22:00:00+00:00,regime_forced(signal=-0.10),29.5126,27.0312,29381.7433,33.338639099999014,0.004455154058478593,2,0.01244992631467887,-0.023109622656279197,0.03658478556714906,0.13611787725605273,0.004455043452106011,
2017-11-13 00:00:00+00:00,IR,optimised_new,daily-rescreened,BUY,6.0,BUY,29.3519,0.0712,54.92,1.39,0.1,13619.2816,2017-11-13 23:00:00+00:00,regime_forced(signal=-0.12),29.5418,27.0037,29351.9,60.78692319999961,0.0064697685669410825,0,0.0064697685669410825,-0.03640309485927658,0.03824606713244383,0.1372406649660931,0.006470350304957684,
2017-11-17 00:00:00+00:00,IR,optimised_new,daily-rescreened,BUY,6.0,BUY,29.9911,0.2511,59.59,4.94,0.1,13615.9594,2017-11-19 23:00:00+00:00,"trailing_stop(6.8% from peak, still +0.7% from entry)",30.2115,27.5918,29991.1,72.72961959999891,0.007348846824558002,2,0.08124076809453468,0.0,0.04991072284351805,0.16302309948697413,0.007350675167394849,
2017-12-12 19:00:00+00:00,IR,optimised_new,daily-rescreened,BUY,6.0,BUY,32.4131,0.1122,55.75,1.81,0.1,13678.3282,2017-12-13 18:00:00+00:00,regime_forced(signal=-0.13),31.0502,29.8201,32413.1091,-601.9253126000007,-0.04204781400112917,0,0.0,-0.04204781400112917,0.051137424210810245,0.19530799580370695,-0.04204948807116593,
2017-12-14 20:00:00+00:00,IR,optimised_new,daily-rescreened,BUY,6.0,BUY,32.0512,0.0336,53.16,2.4,0.1,13621.76,2017-12-17 20:00:00+00:00,regime_forced(signal=-0.23),32.813,29.4871,32051.1876,296.19771500000206,0.023768220846645396,3,0.023768220846645396,-0.004530251597444172,0.056287871742570994,0.26317156979471457,0.023768791214711316,
2017-12-17 23:00:00+00:00,IR,optimised_new,daily-rescreened,BUY,6.0,BUY,33.4256,0.0899,62.56,2.09,0.1,13637.644800000002,2017-12-18 22:00:00+00:00,regime_forced(signal=-0.02),32.8437,30.7516,33425.6289,-264.45307440000295,-0.01740881240725685,0,0.0019117083911731347,-0.01740881240725685,0.055787820860718984,0.264352597414087,-0.01740938605602227,
2018-01-01 18:00:00+00:00,IR,optimised_new,daily-rescreened,BUY,6.0,BUY,34.8086,0.0545,58.17,4.37,0.1,15176.549599999998,2018-01-02 00:00:00+00:00,regime_forced(signal=-0.03),33.6428,32.0239,34808.558,-538.1336103999977,-0.03349172330975671,0,0.0,-0.043446159857046716,0.05468428223489319,0.29511344847653187,-0.03348978437918615,
2018-04-18 00:00:00+00:00,HWM,optimised_new,daily-rescreened,BUY,6.0,BUY,18.6649,0.3672,52.78,2.22,0.1,15361.2127,2018-04-22 20:00:00+00:00,regime_forced(signal=-0.07),17.6789,17.1717,18664.9,-841.3889473999992,-0.05282642821552758,4,0.027913356085486705,-0.05282642821552758,0.009226660301834944,-0.21169825808803866,-0.05282662158485729,
2018-07-23 19:00:00+00:00,HWM,optimised_new,daily-rescreened,BUY,6.0,BUY,15.3879,0.1078,55.71,1.56,0.1,15480.2274,2018-07-25 19:00:00+00:00,regime_forced(signal=-0.15),15.7722,14.1569,15387.9121,355.2587393999996,0.024974168015128747,2,0.04632860884201219,-0.026338876649835287,0.01624224796089302,-0.29670748332982777,0.02497124255765093,
2019-04-22 19:00:00+00:00,VICI,optimised_new,daily-rescreened,BUY,6.0,BUY,18.3216,0.9897,54.22,1.1,0.1,16123.008,2019-04-29 00:00:00+00:00,regime_forced(signal=-0.00),18.8194,16.8558,18321.5753,405.37991999999986,0.02717011614706148,6,0.038943105405641415,0.0,0.009429637819879932,0.21257763596135937,0.02717153482850132,
2021-03-17 18:00:00+00:00,OTIS,optimised_new,daily-rescreened,BUY,6.0,BUY,68.7726,0.1609,62.83,1.9,0.1,17743.3308,2021-03-18 18:00:00+00:00,regime_forced(signal=-0.02),66.3121,63.2708,68772.6393,-669.6608525999982,-0.03577732992499914,1,0.028786173563308762,-0.03577732992499914,0.011728304905829212,0.10177018534829907,-0.035778675651535474,
2021-04-06 18:00:00+00:00,OTIS,optimised_new,daily-rescreened,BUY,6.0,BUY,68.8141,0.2203,54.38,2.53,0.1,17685.2237,2021-04-07 18:00:00+00:00,regime_forced(signal=-0.21),67.758,63.309,68814.0901,-306.5167296999986,-0.015347145425138172,1,0.0,-0.028068375521877055,0.020469863933787025,0.12579267334866273,-0.015347632582417114,
2021-04-08 20:00:00+00:00,OTIS,optimised_new,daily-rescreened,BUY,6.0,BUY,68.5778,0.2088,53.94,1.71,0.1,17693.072399999997,2021-04-11 20:00:00+00:00,regime_forced(signal=-0.14),69.3571,63.0916,68577.8179,165.47219580000217,0.011363735786216623,3,0.01666282674568162,-0.00788739212981451,0.021267551974662124,0.1523625695517541,0.01136355470841588,
2021-04-12 20:00:00+00:00,OTIS,optimised_new,daily-rescreened,BUY,6.0,BUY,70.0385,0.2078,58.96,1.42,0.1,17719.7405,2021-04-13 20:00:00+00:00,regime_forced(signal=-0.03),68.6652,64.4355,70038.5463,-382.53693610000056,-0.01960778714564133,1,0.01862832584935424,-0.01960778714564133,0.022394109511277627,0.14086500954425452,-0.019608185007661927,
2021-04-14 19:00:00+00:00,OTIS,optimised_new,daily-rescreened,BUY,6.0,BUY,69.9561,0.0707,54.64,1.45,0.1,17698.893300000003,2021-04-15 21:00:00+00:00,regime_forced(signal=-0.03),70.1011,64.3596,69956.1079,1.2505283999992152,0.002072728468282194,1,0.002072728468282194,-0.015941426122954273,0.024731027288352303,0.16472216855142374,0.002073113253275194,
2021-04-15 23:00:00+00:00,OTIS,optimised_new,daily-rescreened,BUY,6.0,BUY,69.9384,0.0402,53.96,1.62,0.1,17694.4152,2021-04-18 23:00:00+00:00,regime_forced(signal=-0.03),70.2486,64.3433,69938.363,43.01328899999827,0.004435331663292193,3,0.004435331663292193,-0.021353076421536783,0.025246186437073215,0.16717196116080446,0.004436063792777611,
2021-04-19 22:00:00+00:00,OTIS,optimised_new,daily-rescreened,BUY,6.0,BUY,70.4316,0.0333,56.22,2.25,0.1,17678.3316,2021-04-20 22:00:00+00:00,regime_forced(signal=-0.02),68.9561,64.797,70431.5712,-405.3368126999993,-0.020949403392795232,1,0.0017705120996823875,-0.024920632216221157,0.025291403388143063,0.14569753682472153,-0.02094913697727807,
2021-04-21 22:00:00+00:00,OTIS,optimised_new,daily-rescreened,BUY,6.0,BUY,70.4309,0.1251,57.31,1.74,0.1,17678.155899999998,2021-04-22 21:00:00+00:00,regime_forced(signal=-0.04),69.1732,64.7964,70430.9024,-350.7233291000001,-0.017857218919536736,0,0.0007553502794938573,-0.02991584659574135,0.026287761771834006,0.1493036106694663,-0.017857299112316816,
2021-04-25 19:00:00+00:00,OTIS,optimised_new,daily-rescreened,BUY,6.0,BUY,71.7584,0.1221,63.08,2.45,0.1,17652.5664,2021-04-26 18:00:00+00:00,"trailing_stop(4.3% from peak, still +1.9% from entry)",73.1167,66.0177,71758.3542,298.502525400003,0.018928794398983255,0,0.06426285981850213,-0.0008040870476487349,0.03288278264475686,0.21482224959768992,0.018928494052851796,
2023-01-12 21:00:00+00:00,HOOD,optimised_new,daily-rescreened,BUY,6.0,BUY,9.4853,0.0507,65.19,2.65,0.1,19264.6443,2023-01-16 20:00:00+00:00,regime_forced(signal=-0.01),9.5344,8.7264,9485.2522,61.09308929999803,0.005176430898337348,3,0.02205518012081844,-0.017426965936765335,0.0646582455928777,-0.6321966191383144,0.00517731700179902,
2023-01-23 22:00:00+00:00,HOOD,optimised_new,daily-rescreened,BUY,6.0,BUY,9.6274,0.0408,52.23,1.58,0.1,19302.936999999998,2023-01-24 21:00:00+00:00,regime_forced(signal=-0.04),9.9827,8.8572,9627.3834,673.0582494999984,0.03690508340777362,0,0.04660656044207165,0.0,0.07392952812177445,-0.6149010631011577,0.03690828917305322,
2024-02-13 23:00:00+00:00,VLTO,optimised_new,daily-rescreened,BUY,6.0,BUY,83.5022,0.5261,54.45,2.17,0.1,20374.5368,2024-02-21 22:00:00+00:00,"trailing_stop(3.8% from peak, still +1.3% from entry)",84.6283,76.822,83502.1966,233.7445579999967,0.013485872228516061,7,0.05331356539109139,-0.027588494674391888,0.0004867360486984218,0.011759643496891625,0.013483667798209753,
2024-02-22 20:00:00+00:00,VLTO,optimised_new,daily-rescreened,BUY,6.0,BUY,88.0749,0.4924,58.14,1.67,0.1,20433.3768,2024-03-27 19:00:00+00:00,signal,87.3916,81.0289,88074.8886,-199.23382800000067,-0.007758169467124035,33,0.03894639676003037,-0.06503101337611505,0.0035959459113465986,0.04479078203082221,-0.007763463514341318,
2024-04-04 20:00:00+00:00,VLTO,optimised_new,daily-rescreened,BUY,6.0,BUY,88.7891,0.4972,59.54,1.47,0.1,20510.2821,2024-04-18 00:00:00+00:00,"trailing_stop(3.1% from peak, still +0.0% from entry)",88.8,81.686,88789.1354,-38.505182100001505,0.00012276281660690737,13,0.031950993984621985,-0.035593332965420374,0.005741224279544044,0.06163326271895797,0.00012387156589666048,
2024-04-22 00:00:00+00:00,VLTO,optimised_new,daily-rescreened,BUY,6.0,BUY,91.23,0.4824,59.26,2.41,0.1,20526.75,2024-04-24 20:00:00+00:00,"trailing_stop(3.8% from peak, still +0.4% from entry)",91.5578,83.9316,91230.0,32.6277450000025,0.0035931162994628555,2,0.042881727501918175,-0.013608462128685762,0.008895987102837344,0.09460502638490587,0.003593324963842459,
2024-04-24 23:00:00+00:00,VLTO,optimised_new,daily-rescreened,BUY,6.0,BUY,94.3918,0.497,60.79,2.2,0.1,20577.4124,2024-05-06 19:00:00+00:00,"trailing_stop(3.4% from peak, still +1.5% from entry)",95.8434,86.8404,94391.7843,274.97752640000357,0.015378454484393761,11,0.051456800272905084,-0.04767575149536301,0.013563266202460067,0.14584130603449785,0.015378885686912813,
2024-05-07 00:00:00+00:00,VLTO,optimised_new,daily-rescreened,BUY,6.0,BUY,97.27,0.4889,54.17,1.27,0.1,20621.239999999998,2024-05-14 22:00:00+00:00,"trailing_stop(3.8% from peak, still +0.3% from entry)",97.5687,89.4884,97270.0,22.0185956000027,0.003070833761694365,7,0.04276344196566256,-0.048610054487508894,0.018265323959553603,0.16646617238484418,0.003069161606443771,
2024-05-16 21:00:00+00:00,VLTO,optimised_new,daily-rescreened,BUY,6.0,BUY,98.1942,0.4968,54.26,1.26,0.1,20620.782,2024-05-27 23:00:00+00:00,"trailing_stop(3.4% from peak, still +1.4% from entry)",99.5306,90.3386,98194.1572,239.12179200000352,0.013609765138877978,11,0.04937766181709312,-0.007060498481580314,0.02308479272254127,0.18992012356540577,0.013609757226709096,
2024-06-23 22:00:00+00:00,VLTO,optimised_new,daily-rescreened,BUY,6.0,BUY,99.9561,0.0176,52.91,2.72,0.1,20790.8688,2024-06-24 21:00:00+00:00,regime_forced(signal=-0.01),100.1106,91.9597,99956.1484,-9.477873600001889,0.0015456785528847037,0,0.011704138116633185,-0.0020619051763724914,0.02651835435450578,0.19685043006798275,0.001545743156696977,
2024-06-25 18:00:00+00:00,VLTO,optimised_new,daily-rescreened,BUY,6.0,BUY,99.8957,0.0118,50.84,2.04,0.1,20778.3056,2024-06-26 00:00:00+00:00,regime_forced(signal=-0.01),98.38,91.9041,99895.7478,-356.5069456000012,-0.015172825256742878,0,0.0014815452516974818,-0.015172825256742878,0.026744505545897024,0.17616102319725724,-0.015172840738166049,
2024-07-15 21:00:00+00:00,VLTO,optimised_new,daily-rescreened,BUY,6.0,BUY,100.0734,0.0193,59.11,1.56,0.1,20815.267200000002,2024-07-16 21:00:00+00:00,regime_forced(signal=-0.15),99.721,92.0675,100073.3969,-114.85643519999974,-0.00352141528118364,1,0.016707736521393266,-0.008727593946043641,0.030016389944314437,0.19219054476245145,-0.0035216827839513742,
2024-07-21 23:00:00+00:00,VLTO,optimised_new,daily-rescreened,BUY,6.0,BUY,100.6213,0.0051,59.16,1.5,0.1,20727.987800000003,2024-07-22 22:00:00+00:00,regime_forced(signal=-0.04),98.7753,92.5716,100621.3474,-421.35169960000263,-0.018346016201341103,0,0.012640464792245657,-0.018346016201341103,0.029716678563197707,0.1808835010251646,-0.01834680444544934,
2024-07-25 00:00:00+00:00,VLTO,optimised_new,daily-rescreened,BUY,6.0,BUY,99.61,0.0143,51.99,1.26,0.1,20718.88,2024-07-25 23:00:00+00:00,regime_forced(signal=-0.04),105.0122,91.6412,99610.0,1081.096182400001,0.0542335106916977,0,0.06812970585282603,-0.011471739785162182,0.03763001115612297,0.2554495189327053,0.054234745448070054,
2024-07-29 19:00:00+00:00,VLTO,optimised_new,daily-rescreened,BUY,6.0,BUY,108.5364,0.0291,67.9,1.92,0.1,20838.9888,2024-07-30 19:00:00+00:00,regime_forced(signal=-0.08),105.8134,99.8535,108536.4265,-563.9711616000003,-0.025088357454273395,1,0.0,-0.04007042798545011,0.03775045061338722,0.2650297810077056,-0.02508765526741552,
2024-08-01 19:00:00+00:00,VLTO,optimised_new,daily-rescreened,BUY,6.0,BUY,107.7839,0.013,54.96,1.48,0.1,20802.2927,2024-08-04 19:00:00+00:00,regime_forced(signal=-0.15),105.7926,99.1612,107783.8681,-425.54116450000384,-0.01847492992923813,3,0.01853801912901643,-0.027312984592318512,0.038576922849571815,0.2647782739557749,-0.01847423863105191,
2024-08-14 19:00:00+00:00,VLTO,optimised_new,daily-rescreened,BUY,6.0,BUY,111.2448,0.0791,61.45,1.4,0.1,20802.7776,2024-08-15 19:00:00+00:00,regime_forced(signal=-0.09),108.498,102.3453,111244.8396,-554.7435036000007,-0.02469149119779076,1,0.0,-0.03069986192613047,0.03904166067394699,0.297123556168835,-0.024691731337017075,
2024-08-19 23:00:00+00:00,VLTO,optimised_new,daily-rescreened,BUY,6.0,BUY,110.2098,0.0431,55.19,1.65,0.1,20719.4424,2024-08-20 22:00:00+00:00,regime_forced(signal=-0.01),110.9103,101.393,110209.7929,90.12342119999896,0.00635605908004556,0,0.009040030922839939,-0.007347803915804181,0.044764858022785514,0.3259631227644979,0.00635616885744672,
2024-08-21 00:00:00+00:00,VLTO,optimised_new,daily-rescreened,BUY,6.0,BUY,109.82,0.0789,52.21,1.82,0.1,20755.98,2024-08-21 23:00:00+00:00,regime_forced(signal=-0.03),112.5551,101.0344,109820.0,474.9050060999997,0.02490529958113279,0,0.032831906756510744,-0.013238936441449557,0.051487205941810554,0.3456245020888522,0.024904310600079915,
2024-08-22 19:00:00+00:00,VLTO,optimised_new,daily-rescreened,BUY,6.0,BUY,114.4093,0.0139,59.99,1.24,0.1,20822.4926,2024-08-25 18:00:00+00:00,regime_forced(signal=-0.03),111.0082,105.2565,114409.2797,-660.0261849999986,-0.029727478447993297,2,0.02275077288297372,-0.029727478447993297,0.05207575962232336,0.3271322906847731,-0.029725741802970496,
